segment,step,updates,replay_size,replay_pos,task,reward,success,actor_loss,critic_loss,entropy_loss,entropy_coefficient,critic_0_abs_td_error,critic_1_abs_td_error,batch_new_fraction,collected_DO,collected_DC,collected_WO,collected_WC,sampled_DO,sampled_DC,sampled_WO,sampled_WC,last_batch_DO,last_batch_DC,last_batch_WO,last_batch_WC,segment_seconds
p0_uniform,250,0,250,250,DC,0.0,False,,,,,,,0.0,0,250,0,0,0,0,0,0,0,0,0,0,0.0673072999343276
p0_uniform,500,0,500,500,DC,0.0,False,,,,,,,0.0,0,500,0,0,0,0,0,0,0,0,0,0,0.11288530007004738
p0_uniform,750,0,750,750,WO,0.4390629300847214,False,,,,,,,0.0,0,500,250,0,0,0,0,0,0,0,0,0,0.18091539945453405
p0_uniform,1000,0,1000,1000,WO,0.5148117055734356,False,,,,,,,0.0,0,500,500,0,0,0,0,0,0,0,0,0,0.22329939994961023
p0_uniform,1250,250,1250,1250,WC,0.6667043910872149,False,-7.2073893547058105,0.052432749420404434,-0.501412570476532,0.9277235865592957,0.17516255378723145,0.17251595854759216,0.0,0,500,500,250,0,28451,28685,6864,0,115,90,51,2.140921900048852
p0_uniform,1500,500,1500,1500,WC,0.9093701096398241,False,-9.57593059539795,0.07336652278900146,-1.00570547580719,0.8606634140014648,0.15179365873336792,0.1545645147562027,0.0,0,500,500,500,0,51817,52035,24148,0,85,101,70,4.007746299728751
p0_uniform,1750,750,1750,1750,DO,1.1277120213300926,False,-12.197410583496094,0.07086142152547836,-1.5130195617675781,0.7984416484832764,0.17005053162574768,0.17670446634292603,0.0,250,500,500,500,4754,71462,71683,44101,42,72,66,76,5.939360999502242
p0_uniform,2000,1000,2000,2000,DO,0.8230497530758676,False,-14.970287322998047,0.05791992321610451,-2.0181424617767334,0.7407335638999939,0.16063082218170166,0.17773222923278809,0.0,500,500,500,500,17397,88473,88777,61353,72,50,68,66,7.867500299587846
p0_uniform,2250,1250,2250,2250,WO,0.5104129233542495,False,-17.274375915527344,0.05983854830265045,-2.528214454650879,0.6871978044509888,0.15505120158195496,0.17310038208961487,0.0,500,500,750,500,32498,103545,107609,76348,70,51,87,48,9.65286049991846
p0_uniform,2500,1500,2500,2500,WO,0.4663439033437141,False,-19.464649200439453,0.03377297893166542,-3.0230724811553955,0.6375415325164795,0.12187789380550385,0.14174146950244904,0.0,500,500,1000,500,45844,117157,131192,89807,49,54,98,55,11.525387099944055
p0_uniform,2750,1750,2750,2750,DO,0.8037995130037887,False,-21.81656837463379,0.038340985774993896,-3.531397819519043,0.5914720892906189,0.1236957460641861,0.135177344083786,0.0,750,500,1000,500,60851,129367,155652,102130,56,50,96,54,13.345982099883258
p0_uniform,3000,2000,3000,3000,DO,0.8959543330597973,False,-23.780040740966797,0.03818989545106888,-4.033814430236816,0.5487342476844788,0.12422904372215271,0.13665926456451416,0.0,1000,500,1000,500,80350,140309,177987,113354,70,44,91,51,15.172836099751294
p0_uniform,3250,2250,3250,3250,DC,1.8169013419699984e-15,False,-25.837337493896484,0.031702250242233276,-4.527520179748535,0.509091317653656,0.12375305593013763,0.13316279649734497,0.0,1000,750,1000,500,100791,153150,198439,123620,80,61,71,44,17.053307499736547
p0_uniform,3500,2500,3500,3500,DC,0.0,False,-27.600128173828125,0.04057736322283745,-5.049304962158203,0.47231242060661316,0.13421322405338287,0.1367397904396057,0.0,1000,1000,1000,500,119731,169713,217403,133153,83,71,63,39,18.865692799910903
p0_uniform,3750,2750,3750,3750,WC,0.8014054203760848,False,-28.845104217529297,0.03342294692993164,-5.561249256134033,0.4381864368915558,0.11869741231203079,0.12053433805704117,0.0,1000,1000,1000,750,137499,187325,235026,144150,62,79,62,53,20.717071499675512
p0_uniform,4000,3000,4000,4000,WC,0.7443568547735947,False,-30.89303207397461,0.03002438135445118,-6.072283744812012,0.40651845932006836,0.11543100327253342,0.12319599092006683,0.0,1000,1000,1000,1000,154014,203914,251319,158753,61,58,74,63,22.560831899754703
p0_uniform,4250,3250,4250,4250,DC,0.0,False,-32.145965576171875,0.03934874385595322,-6.591134071350098,0.3771492540836334,0.13862989842891693,0.13514620065689087,0.0,1000,1250,1000,1000,169581,221451,266813,174155,64,76,58,58,1.9170792000368237
p0_uniform,4500,3500,4500,4500,DC,1.0213773250579834,False,-32.881683349609375,0.04285823553800583,-7.078554630279541,0.349907249212265,0.13191738724708557,0.12319225072860718,0.0,1000,1500,1000,1000,184052,241447,281642,188859,53,83,67,53,3.744284600019455
p0_uniform,4750,3750,4750,4750,DO,1.357410327003745,False,-34.53398895263672,0.027267325669527054,-7.565018653869629,0.3246329724788666,0.1131962463259697,0.11233090609312057,0.0,1250,1500,1000,1000,199418,262279,295492,202811,63,81,48,64,5.61937589943409
p0_uniform,5000,4000,5000,5000,DO,0.797495807434042,False,-38.081207275390625,0.1285073161125183,-8.034975051879883,0.3011888861656189,0.2377842664718628,0.23778101801872253,0.0,1500,1500,1000,1000,217223,282000,308763,216014,90,63,51,52,7.471990100108087
p0_uniform,5250,4250,5250,5250,WO,0.4078832502612107,False,-38.78876495361328,0.07220304012298584,-8.567388534545898,0.2794579863548279,0.1723451018333435,0.17017680406570435,0.0,1500,1500,1250,1000,235963,300858,322516,228663,81,64,57,54,9.401145399548113
p0_uniform,5500,4500,5500,5500,WO,0.4275323733338215,False,-39.36964416503906,0.06318937242031097,-9.099693298339844,0.25929373502731323,0.14993725717067719,0.14601463079452515,0.0,1500,1500,1500,1000,253895,318678,338909,240518,65,66,70,55,11.281775699928403
p0_uniform,5750,4750,5750,5750,DO,0.8744934276852855,False,-40.40692138671875,0.059440501034259796,-9.560335159301758,0.24058270454406738,0.15278464555740356,0.1555209457874298,0.0,1750,1500,1500,1000,272275,336000,355915,251810,68,68,76,44,13.205093000084162
p0_uniform,6000,5000,6000,6000,DO,0.8461779263973153,False,-42.73788070678711,0.06751394271850586,-10.056257247924805,0.22321604192256927,0.1823754608631134,0.17628103494644165,0.0,2000,1500,1500,1000,292892,352400,372124,262584,80,66,57,53,15.056261499412358
p0_uniform,6250,5250,6250,6250,DC,4.3771035407313974e-11,False,-42.907676696777344,0.06494680047035217,-10.491323471069336,0.20710766315460205,0.1627502143383026,0.14727133512496948,0.0,2000,1750,1500,1000,313781,369267,387816,273136,69,62,66,59,16.903640300035477
p0_uniform,6500,5500,6500,6500,DC,0.0,False,-43.026145935058594,0.05313436686992645,-10.988574981689453,0.19216451048851013,0.14492884278297424,0.15484651923179626,0.0,2000,2000,1500,1000,333745,388193,402733,283329,86,88,39,43,18.746685000136495
p0_uniform,6750,5750,6750,6750,WO,0.48101488811465964,False,-44.15593338012695,0.04328952729701996,-11.533267974853516,0.17830251157283783,0.14352953433990479,0.13856442272663116,0.0,2000,2000,1750,1000,353126,407230,418344,293300,75,70,75,36,20.635425799526274
p0_uniform,7000,6000,7000,7000,WO,0.5492548675399285,False,-45.34646987915039,0.05882789194583893,-12.059733390808105,0.16544903814792633,0.16312053799629211,0.1595020294189453,0.0,2000,2000,2000,1000,371804,425813,435655,302728,85,74,64,33,22.459759999997914
p0_uniform,7250,6250,7250,7250,WC,0.6586910606409545,False,-44.699371337890625,0.052973754703998566,-12.570075988769531,0.1535317450761795,0.1631561666727066,0.15203635394573212,0.0,2000,2000,2000,1250,389677,443785,453583,312955,65,70,80,41,24.316370099782944
p0_uniform,7500,6500,7500,7500,WC,0.8821299652333446,False,-47.64651107788086,0.0729532390832901,-13.007265090942383,0.14247718453407288,0.17643341422080994,0.17513081431388855,0.0,2000,2000,2000,1500,407086,461252,470829,324833,89,65,66,36,26.124624899588525
p0_uniform,7750,6750,7750,7750,WC,0.8165940712111041,False,-46.88376235961914,0.08496609330177307,-13.55440902709961,0.13222558796405792,0.16910669207572937,0.18282747268676758,0.0,2000,2000,2000,1750,423830,478048,487680,338442,67,66,70,53,28.055873500183225
p0_uniform,8000,7000,8000,8000,WC,0.8062556995684118,False,-48.09086608886719,0.05593111738562584,-13.749982833862305,0.12272652983665466,0.15315665304660797,0.16341188549995422,0.0,2000,2000,2000,2000,440119,494346,503963,353572,68,62,62,64,29.95154649950564
p0_uniform,8250,7250,8250,8250,DC,0.0,False,-49.16584777832031,0.07601876556873322,-14.3750581741333,0.11391101032495499,0.17231568694114685,0.17363318800926208,0.0,2000,2250,2000,2000,455758,511180,519716,369346,79,65,55,57,2.032434199936688
p0_uniform,8500,7500,8500,8500,DC,10.0,True,-47.03837203979492,0.6690685749053955,-13.814311981201172,0.10577218979597092,0.4497703015804291,0.4942743182182312,0.0,2000,2500,2000,2000,471116,529361,534976,384547,60,78,57,61,4.218867499381304
p0_uniform,8750,7750,8750,8750,WO,0.16639667229594618,False,-48.4818000793457,0.38754576444625854,-14.930373191833496,0.09842335432767868,0.37016183137893677,0.41222676634788513,0.0,2000,2500,2250,2000,486112,547919,550751,399218,58,63,77,58,6.470450700260699
p0_uniform,9000,8000,9000,9000,WO,0.18517982181178425,False,-47.63591003417969,0.755603551864624,-14.905010223388672,0.09161418676376343,0.42104077339172363,0.48315808176994324,0.0,2000,2500,2500,2000,500641,565843,567932,413584,55,77,66,58,8.673356999643147
p0_uniform,9250,8250,9250,9250,WO,0.4455039508034957,False,-47.11322784423828,0.6972694396972656,-15.09559154510498,0.08530759066343307,0.4605257511138916,0.486501008272171,0.0,2000,2500,2750,2000,514630,583549,586581,427240,50,66,85,55,10.889134000055492
p0_uniform,9500,8500,9500,9500,WO,0.46686448110701895,False,-50.564788818359375,0.29479798674583435,-15.155599594116211,0.07941191643476486,0.3307293951511383,0.34539759159088135,0.0,2000,2500,3000,2000,528442,600462,606199,440897,58,52,81,65,13.104832399636507
p0_uniform,9750,8750,9750,9750,DC,0.0,False,-50.405181884765625,0.7273231744766235,-15.975568771362305,0.07396504282951355,0.6251158714294434,0.45828956365585327,0.0,2000,2750,3000,2000,541845,617928,626176,454051,58,75,74,49,15.47322990000248
p0_uniform,10000,9000,10000,10000,DC,0.0,False,-49.56623077392578,0.41741156578063965,-15.587869644165039,0.06890805065631866,0.42315158247947693,0.38392192125320435,0.0,2000,3000,3000,2000,554873,636625,645555,466947,50,73,86,47,17.780616300180554
p0_uniform,10250,9250,10250,10250,WC,0.8715666165052531,False,-50.962642669677734,0.4700356721878052,-15.490865707397461,0.06428831815719604,0.4188292920589447,0.37842175364494324,0.0,2000,3000,3000,2250,567469,655467,664543,480521,53,73,65,65,20.050278699956834
p0_uniform,10500,9500,10500,10500,WC,0.8662320109274918,False,-50.174903869628906,0.4368327260017395,-14.512258529663086,0.06011044979095459,0.39273548126220703,0.3838142454624176,0.0,2000,3000,3000,2500,579554,674065,683155,495226,49,79,82,46,22.293896299786866
p0_uniform,10750,9750,10750,10750,WC,0.6784134906763549,False,-52.56358337402344,0.5175228714942932,-14.885392189025879,0.056276533752679825,0.4594988226890564,0.44970670342445374,0.0,2000,3000,3000,2750,591553,692044,701260,511143,52,65,69,70,24.526197399944067
p0_uniform,11000,10000,11000,11000,WC,0.8405373472059879,False,-52.28782272338867,0.528059720993042,-15.213497161865234,0.05269536375999451,0.42794284224510193,0.4027373194694519,0.0,2000,3000,3000,3000,603287,709606,719069,528038,45,70,71,70,26.778190699405968
p0_uniform,11250,10250,11250,11250,DO,3.4036583455498732,False,-55.23336410522461,0.30712321400642395,-14.6204833984375,0.049371808767318726,0.38783955574035645,0.3817765712738037,0.0,2250,3000,3000,3000,615653,726756,736327,545264,53,66,54,83,29.105661899782717
p0_uniform,11500,10500,11500,11500,DO,3.114340069237109,False,-58.814857482910156,0.5211039185523987,-13.50352954864502,0.04628714546561241,0.4703385829925537,0.4096910357475281,0.0,2500,3000,3000,3000,629091,743567,753042,562300,58,64,73,61,31.495653999969363
p0_uniform,11750,10750,11750,11750,DO,2.241744493769406,False,-56.52471160888672,0.3068689703941345,-11.848115921020508,0.043565329164266586,0.4070095419883728,0.3341597318649292,0.0,2750,3000,3000,3000,643520,760014,769585,578881,52,59,72,73,33.71081649977714
p0_uniform,12000,11000,12000,12000,DO,2.245013860256567,False,-59.525089263916016,0.5729833841323853,-9.883419036865234,0.04132417216897011,0.5358006358146667,0.5460582971572876,0.0,3000,3000,3000,3000,659060,776238,785877,594825,66,73,58,59,35.90747290011495
p0_uniform,12250,11250,12250,12250,DO,0.8195334630811268,False,-60.88422393798828,0.3222465217113495,-8.365823745727539,0.03929109126329422,0.41624072194099426,0.3764117956161499,0.0,3250,3000,3000,3000,675644,792071,801607,610678,76,54,72,54,2.2361292000859976
p0_uniform,12500,11500,12500,12500,DO,0.9238097380638137,False,-60.29190444946289,0.6943230032920837,-9.012142181396484,0.03741287440061569,0.527799129486084,0.436118483543396,0.0,3500,3000,3000,3000,693023,807604,817216,626157,65,64,65,62,4.5262993006035686
p0_uniform,12750,11750,12750,12750,WO,0.2148502713746706,False,-66.73353576660156,0.8739790916442871,-8.129413604736328,0.03566431999206543,0.6220433115959167,0.5126761794090271,0.0,3500,3000,3250,3000,710867,822671,833103,641359,81,62,60,53,6.752104200422764
p0_uniform,13000,12000,13000,13000,WO,0.3848741350887538,False,-67.48863220214844,0.8695411682128906,-5.275885581970215,0.03432071581482887,0.5378837585449219,0.48910433053970337,0.0,3500,3000,3500,3000,728355,837448,849916,656281,72,59,70,55,8.977513300254941
p0_uniform,13250,12250,13250,13250,WC,0.5277465147167143,False,-65.61355590820312,0.8121970295906067,-4.233850479125977,0.03319305554032326,0.6433552503585815,0.5467255115509033,0.0,3500,3000,3500,3250,745409,851873,867121,671597,55,47,80,74,11.182054300792515
p0_uniform,13500,12500,13500,13500,WC,0.4086814687951598,False,-69.30647277832031,0.6004524230957031,-5.421600818634033,0.03209402784705162,0.5430753231048584,0.464883029460907,0.0,3500,3000,3500,3500,762113,866265,884014,687608,63,46,71,76,13.336719800718129
p0_uniform,13750,12750,13750,13750,DC,0.0,False,-68.09602355957031,1.2688570022583008,-2.092916965484619,0.03126524016261101,0.6400613784790039,0.6564292311668396,0.0,3500,3250,3500,3500,778636,880990,900560,703814,61,60,77,58,15.625758700072765
p0_uniform,14000,13000,14000,14000,DC,0.0,False,-67.08952331542969,3.1887526512145996,-2.411932945251465,0.030440058559179306,0.6320300102233887,0.733031153678894,0.0,3500,3500,3500,3500,794718,896579,916736,719967,57,62,65,72,17.872462800703943
p0_uniform,14250,13250,14250,14250,DC,0.0,False,-68.50473022460938,0.858747661113739,-4.034938812255859,0.030048353597521782,0.7013115882873535,0.577532172203064,0.0,3500,3750,3500,3500,810686,912870,932742,735702,50,75,60,71,20.12641610018909
p0_uniform,14500,13500,14500,14500,DC,0.0,False,-74.47784423828125,1.1434061527252197,-1.92368483543396,0.02983301691710949,0.600493311882019,0.7567033767700195,0.0,3500,4000,3500,3500,826460,929999,948184,751357,67,75,51,63,22.373872200027108
p0_uniform,14750,13750,14750,14750,WO,0.20248393868961487,False,-72.94096374511719,1.5408568382263184,4.271080493927002,0.029963772743940353,0.8594275712966919,0.8225152492523193,0.0,3500,4000,3750,3500,841714,947413,964150,766723,58,71,74,53,24.65137780085206
p0_uniform,15000,14000,15000,15000,WO,0.1870229259143626,False,-73.89637756347656,1.1371078491210938,0.8017393350601196,0.03028199076652527,0.6391396522521973,0.6884060502052307,0.0,3500,4000,4000,3500,856667,964446,981013,781874,68,66,61,61,26.755388100631535
p0_uniform,15250,14250,15250,15250,WC,0.9950489677201918,False,-73.69728088378906,1.088127613067627,1.7044864892959595,0.030903222039341927,0.6875100135803223,0.7051849961280823,0.0,3500,4000,4000,3750,871628,981231,998001,797140,66,66,51,73,28.98257420025766
p0_uniform,15500,14500,15500,15500,WC,0.9078960479027081,False,-76.1991195678711,1.2156996726989746,2.007204294204712,0.03144003078341484,0.6597051620483398,0.7604405283927917,0.0,3500,4000,4000,4000,886232,997968,1014520,813280,53,74,65,64,31.195640000514686
p0_uniform,15750,14750,15750,15750,DO,1.0221585714037524,False,-73.56686401367188,1.1081876754760742,-0.11904036998748779,0.03182556852698326,0.6584463715553284,0.7176724672317505,0.0,3750,4000,4000,4000,901271,1014377,1030815,829537,48,76,60,72,33.3997458005324
p0_uniform,16000,15000,16000,16000,DO,0.9874937009020512,False,-79.19539642333984,0.9733890295028687,0.17012181878089905,0.031992290169000626,0.6686393022537231,0.7015451788902283,0.0,4000,4000,4000,4000,917024,1030394,1046760,845822,64,74,56,62,35.59325860068202
p0_uniform,16250,15250,16250,16250,WC,1.0033662576441162,False,-79.78990173339844,2.2088866233825684,0.3859582841396332,0.032275598496198654,0.8836572766304016,0.8787829875946045,0.0,4000,4000,4000,4250,933049,1046251,1062613,862087,68,71,57,60,2.255693799816072
p0_uniform,16500,15500,16500,16500,WC,0.9564904845246776,False,-81.2786636352539,1.1053345203399658,-0.6992725729942322,0.03206445276737213,0.6812636852264404,0.7189273834228516,0.0,4000,4000,4000,4500,948677,1062076,1078232,879015,57,74,51,74,4.558026700280607
p0_uniform,16750,15750,16750,16750,DO,2.169028668461626,False,-80.68103790283203,1.5186750888824463,1.692997932434082,0.031666774302721024,0.7546290755271912,0.8846089839935303,0.0,4250,4000,4000,4500,964615,1077509,1093677,896199,74,58,63,61,6.76539389975369
p0_uniform,17000,16000,17000,17000,DO,1.849174308067575,False,-79.17008972167969,0.7914958000183105,1.1675643920898438,0.030887693166732788,0.6434855461120605,0.6252583265304565,0.0,4500,4000,4000,4500,981307,1092571,1108807,913315,60,64,66,66,8.922043099999428
p0_uniform,17250,16250,17250,17250,DC,0.0,False,-78.2413558959961,0.8569695949554443,-0.6661624312400818,0.0308856014162302,0.6328637599945068,0.6863616704940796,0.0,4500,4250,4000,4500,998040,1108161,1123805,929994,71,56,56,73,11.0846550995484
p0_uniform,17500,16500,17500,17500,DC,0.0,False,-84.70015716552734,1.6975090503692627,-0.2985113859176636,0.031209897249937057,0.8679863214492798,0.8089629411697388,0.0,4500,4500,4000,4500,1014569,1124305,1138545,946581,68,67,59,62,13.219732199795544
p0_uniform,17750,16750,17750,17750,WO,0.2999882505685422,False,-81.57100677490234,1.4826843738555908,0.42687851190567017,0.031163537874817848,0.8368584513664246,0.8236549496650696,0.0,4500,4500,4250,4500,1030730,1140724,1153463,963083,59,70,65,62,15.46763249952346
p0_uniform,18000,17000,18000,18000,WO,0.24799506916273223,False,-83.02029418945312,0.9796501398086548,-1.352637529373169,0.03028777986764908,0.6667550206184387,0.7787930369377136,0.0,4500,4500,4500,4500,1046837,1156900,1169134,979129,67,72,58,59,17.700950999744236
p0_uniform,18250,17250,18250,18250,WO,0.21867869655397565,False,-82.29045104980469,1.6990907192230225,0.18433448672294617,0.02978390082716942,0.8219518065452576,0.8953043222427368,0.0,4500,4500,4750,4500,1062738,1172750,1185329,995183,66,65,61,64,19.94137809984386
p0_uniform,18500,17500,18500,18500,WO,0.1953755993654209,False,-83.69610595703125,6.500504016876221,0.6918171644210815,0.02924475260078907,0.9365603923797607,1.0663444995880127,0.0,4500,4500,5000,4500,1078408,1188485,1202225,1010882,56,65,81,54,21.7068528002128
p0_uniform,18750,17750,18750,18750,DC,0.0,False,-89.95851135253906,1.3105311393737793,-0.8975027203559875,0.028376955538988113,0.8010594248771667,0.8163141012191772,0.0,4500,4750,5000,4500,1093773,1204487,1219408,1026332,77,65,57,57,23.524834900163114
p0_uniform,19000,18000,19000,19000,DC,0.0,False,-83.97860717773438,1.1639738082885742,0.4734841287136078,0.028373578563332558,0.7186388969421387,0.8073630332946777,0.0,4500,5000,5000,4500,1109158,1220826,1236512,1041504,58,62,67,69,25.26782829966396
p0_uniform,19250,18250,19250,19250,DO,0.7877651028320141,False,-85.24919128417969,1.8343676328659058,1.020406723022461,0.02875600941479206,0.8559127449989319,0.9505477547645569,0.0,4750,5000,5000,4500,1124616,1237606,1253299,1056479,65,70,69,52,27.041888600215316
p0_uniform,19500,18500,19500,19500,DO,1.4029948044977636,False,-88.26931762695312,1.5035364627838135,0.31415700912475586,0.028195679187774658,0.7967774868011475,0.8802631497383118,0.0,5000,5000,5000,4500,1140940,1253906,1269927,1071227,65,67,71,53,28.779774599708617
p0_uniform,19750,18750,19750,19750,WC,0.9829244282626155,False,-83.81338500976562,1.450128197669983,1.9302659034729004,0.028742583468556404,0.7739725112915039,0.871656060218811,0.0,5000,5000,5000,4750,1157247,1270412,1286045,1086296,58,73,65,60,30.613015099428594
p0_uniform,20000,19000,20000,20000,WC,0.982916142170534,False,-88.49404907226562,2.7729172706604004,-0.5851342082023621,0.02814515121281147,0.9423258304595947,0.9211594462394714,0.0,5000,5000,5000,5000,1173163,1286406,1302389,1102042,67,67,58,64,32.410623599775136
p0_uniform,20250,19250,20250,20250,DO,2.932272073132898,False,-86.859619140625,1.0993597507476807,-1.216576099395752,0.028936365619301796,0.7033065557479858,0.742992103099823,0.0,5250,5000,5000,5000,1189534,1302289,1318320,1117857,70,55,56,75,1.7774352999404073
p0_uniform,20500,19500,20500,20500,DO,1.4721876695443252,False,-88.20413208007812,1.141361117362976,-1.2316052913665771,0.029501674696803093,0.7407722473144531,0.7879047393798828,0.0,5500,5000,5000,5000,1206467,1317914,1334198,1133421,74,58,66,58,3.5234989998862147
p0_uniform,20750,19750,20750,20750,WO,0.31328221601944206,False,-87.53488159179688,1.212965965270996,-0.4463701546192169,0.029232272878289223,0.7872945070266724,0.7165101766586304,0.0,5500,5000,5250,5000,1223620,1333407,1350059,1148914,76,59,55,66,5.297608300112188
p0_uniform,21000,20000,21000,21000,WO,0.40683183257791855,False,-92.26961517333984,1.841471791267395,0.8312509655952454,0.02918637916445732,0.823747992515564,0.928307056427002,0.0,5500,5000,5500,5000,1240401,1348771,1366586,1164242,82,60,60,54,7.063354100100696
p0_uniform,21250,20250,21250,21250,DO,0.9262508638962675,False,-86.51591491699219,1.5259630680084229,0.3806888163089752,0.027276834473013878,0.7936005592346191,0.8798307776451111,0.0,5750,5000,5500,5000,1257416,1363846,1383187,1179551,69,70,59,58,8.84153959993273
p0_uniform,21500,20500,21500,21500,DO,2.4975817258568624,False,-85.44505310058594,1.7188174724578857,2.2409892082214355,0.0268842913210392,0.8780462741851807,0.8751657009124756,0.0,6000,5000,5500,5000,1275005,1378780,1399570,1194645,64,67,66,59,10.604364399798214
p0_uniform,21750,20750,21750,21750,WC,0.9877192689191157,False,-93.29042053222656,4.248691558837891,1.2068215608596802,0.026751305907964706,1.1348286867141724,1.4252170324325562,0.0,6000,5000,5500,5250,1292599,1393632,1415907,1209862,71,68,74,43,12.369255799800158
p0_uniform,22000,21000,22000,22000,WC,4.3804249181152475,False,-84.08999633789062,1.74397611618042,-0.20884069800376892,0.02579600177705288,0.8380230665206909,0.8926970958709717,0.0,6000,5000,5500,5500,1310151,1408239,1432137,1225473,57,52,76,71,14.140941799618304
p0_uniform,22250,21250,22250,22250,WC,6.0124673495865055,True,-83.48118591308594,1.6828125715255737,1.439128041267395,0.026654569432139397,1.0935096740722656,0.8607718348503113,0.0,6000,5000,5500,5750,1327552,1422558,1448180,1241710,63,48,69,76,15.918207700364292
p0_uniform,22500,21500,22500,22500,WC,6.449782478231214,True,-92.65248107910156,2.0099918842315674,-1.734375,0.02671225555241108,0.8517780900001526,0.9297585487365723,0.0,6000,5000,5500,6000,1344671,1436974,1463766,1258589,64,61,59,72,17.725199700333178
p0_uniform,22750,21750,22750,22750,WO,0.38423286712337057,False,-86.24601745605469,1.7454137802124023,1.7172720432281494,0.026004943996667862,0.9474635124206543,0.79867023229599,0.0,6000,5000,5750,6000,1361538,1451163,1479755,1275544,72,52,66,66,20.05004379991442
p0_uniform,23000,22000,23000,23000,WO,0.38894438806881115,False,-85.8677978515625,1.7136003971099854,-0.17167741060256958,0.02533898875117302,1.0113860368728638,0.8371652364730835,0.0,6000,5000,6000,6000,1378183,1465153,1496411,1292253,59,63,66,68,22.27771949954331
p0_uniform,23250,22250,23250,23250,DC,0.0,False,-84.46177673339844,1.1438807249069214,1.9678295850753784,0.02541891671717167,0.8117155432701111,0.7453919649124146,0.0,6000,5250,6000,6000,1394882,1479323,1512871,1308924,60,69,56,71,24.54522360023111
p0_uniform,23500,22500,23500,23500,DC,0.0,False,-104.44168090820312,2.158186674118042,1.3960506916046143,0.025765687227249146,0.909458577632904,0.9346539378166199,0.0,6000,5500,6000,6000,1411306,1494056,1529266,1325372,80,74,57,45,26.731495100073516
p0_uniform,23750,22750,23750,23750,DC,0.0,False,-87.0687255859375,1.763910174369812,-0.10538655519485474,0.025161923840641975,0.9190547466278076,0.9704833030700684,0.0,6000,5750,6000,6000,1427616,1509332,1545543,1341509,61,57,66,72,28.871060899458826
p0_uniform,24000,23000,24000,24000,DC,0.0,False,-97.58485412597656,2.5661754608154297,2.001617193222046,0.024986162781715393,1.0252203941345215,0.9427001476287842,0.0,6000,6000,6000,6000,1443612,1525258,1561601,1357529,75,57,69,55,31.083159900270402
p0_uniform,24250,23250,24250,24250,WC,0.7967879089964927,False,-93.34779357910156,1.4396036863327026,0.3399003744125366,0.024449000135064125,0.8528378009796143,0.7670160531997681,0.0,6000,6000,6000,6250,1459582,1541053,1577496,1373869,69,61,65,61,2.2646367996931076
p0_uniform,24500,23500,24500,24500,WC,0.8663720846764065,False,-101.27333068847656,1.5070934295654297,-1.0005754232406616,0.024418575689196587,0.8669939041137695,0.868468701839447,0.0,6000,6000,6000,6500,1475426,1556659,1593272,1390643,72,55,53,76,4.48352889996022
p0_uniform,24750,23750,24750,24750,DO,3.51252501223252,False,-96.77767181396484,1.835944414138794,0.6648588180541992,0.0251871757209301,0.8728535771369934,0.9151516556739807,0.0,6250,6000,6000,6500,1491323,1572260,1608843,1407574,67,62,55,72,6.816211599856615
p0_uniform,25000,24000,25000,25000,DO,3.3053209236588454,False,-90.91944122314453,1.422431468963623,-1.1423441171646118,0.025469768792390823,0.8547634482383728,0.8420727849006653,0.0,6500,6000,6000,6500,1507798,1587826,1624031,1424345,62,72,52,70,8.888822499662638
p0_uniform,25250,24250,25250,25250,WO,0.38240668816514123,False,-93.73558044433594,1.7681429386138916,-0.433876633644104,0.024794969707727432,0.8858515024185181,0.8915920257568359,0.0,6500,6000,6250,6500,1524184,1603155,1639764,1440897,62,58,58,78,10.962773500010371
p0_uniform,25500,24500,25500,25500,WO,0.5320954639386486,False,-97.76797485351562,1.7939859628677368,-0.38877156376838684,0.024881979450583458,0.8825385570526123,0.8784365653991699,0.0,6500,6000,6500,6500,1540586,1618313,1655948,1457153,60,67,72,57,13.023634699173272
p0_uniform,25750,24750,25750,25750,DC,9.72647403936521e-17,False,-99.44573974609375,3.28106689453125,-1.4175288677215576,0.02510676346719265,1.2406738996505737,1.0108182430267334,0.0,6500,6250,6500,6500,1556859,1633628,1672003,1473510,64,55,65,72,15.156694499775767
p0_uniform,26000,25000,26000,26000,DC,0.0,False,-98.07411193847656,3.468944549560547,1.1043846607208252,0.025196576490998268,1.0712568759918213,1.077279806137085,0.0,6500,6500,6500,6500,1573007,1649316,1688034,1489643,70,60,75,51,17.082060299813747
p0_uniform,26250,25250,26250,26250,DO,3.228323658773232,False,-100.10012817382812,2.224398136138916,-3.0225744247436523,0.02502172254025936,1.095003366470337,0.9551935195922852,0.0,6750,6500,6500,6500,1589175,1665234,1704041,1505550,73,58,52,73,19.09410969913006
p0_uniform,26500,25500,26500,26500,DO,3.0658595084226423,False,-107.66085815429688,2.681445598602295,-1.2378711700439453,0.024701036512851715,1.0798425674438477,0.9615463018417358,0.0,7000,6500,6500,6500,1605807,1680785,1719947,1521461,81,62,61,52,21.12927579972893
p0_uniform,26750,25750,26750,26750,WO,0.6020569789422446,False,-92.71664428710938,2.297325849533081,0.7010083198547363,0.02456367202103138,1.0717997550964355,0.9130926728248596,0.0,7000,6500,6750,6500,1622528,1696511,1735958,1537003,57,82,61,56,23.153528099879622
p0_uniform,27000,26000,27000,27000,WO,0.6020541607464196,False,-92.83943176269531,1.5696172714233398,-0.16523075103759766,0.02451941929757595,0.9005519151687622,0.8372546434402466,0.0,7000,6500,7000,6500,1639184,1711902,1752404,1552510,65,54,74,63,25.126011399552226
p0_uniform,27250,26250,27250,27250,DC,0.0,False,-96.62118530273438,2.1478328704833984,-1.0050500631332397,0.023560011759400368,0.9163999557495117,0.952496349811554,0.0,7000,6750,7000,6500,1655541,1727630,1768964,1567865,76,51,69,60,27.161070100031793
p0_uniform,27500,26500,27500,27500,DC,0.0,False,-95.74504089355469,1.996064305305481,-1.7427949905395508,0.02261863462626934,1.011765718460083,0.829060435295105,0.0,7000,7000,7000,6500,1671864,1743678,1785370,1583088,53,72,72,59,29.252678299322724
p0_uniform,27750,26750,27750,27750,WC,0.9281147863167627,False,-92.74134063720703,1.3819328546524048,-0.3287183344364166,0.022003913298249245,0.8323919177055359,0.7861027121543884,0.0,7000,7000,7000,6750,1688065,1759957,1801590,1598388,60,76,60,60,31.40588379930705
p0_uniform,28000,27000,28000,28000,WC,0.9153660974117932,False,-95.19180297851562,2.8443074226379395,1.3780193328857422,0.022030428051948547,1.070505142211914,0.9973452091217041,0.0,7000,7000,7000,7000,1704150,1776035,1817894,1613921,57,71,67,61,33.422348499298096
p0_uniform,28250,27250,28250,28250,DO,4.699276306856711,False,-104.36203002929688,1.6287457942962646,2.3708314895629883,0.022120753303170204,0.9621273875236511,0.8323771953582764,0.0,7250,7000,7000,7000,1720395,1791944,1833837,1629824,72,68,61,55,2.031236399896443
p0_uniform,28500,27500,28500,28500,DO,4.243612346121319,False,-96.05461120605469,2.206348419189453,-0.06459641456604004,0.022723235189914703,1.0285050868988037,0.957915186882019,0.0,7500,7000,7000,7000,1736947,1807721,1849558,1645774,57,63,58,78,4.0663173999637365
p0_uniform,28750,27750,28750,28750,WC,0.9509568676878628,False,-101.2602767944336,1.6457520723342896,-1.2013523578643799,0.02363530546426773,0.8402755260467529,1.1503617763519287,0.0,7500,7000,7000,7250,1753619,1823509,1865352,1661520,68,60,64,64,6.159811499528587
p0_uniform,29000,28000,29000,29000,WC,1.2375072973071157,False,-98.90547180175781,2.035543918609619,1.0028207302093506,0.02420344576239586,1.060692310333252,1.1178948879241943,0.0,7500,7000,7000,7500,1770190,1838966,1880850,1677994,62,67,66,61,8.111897500231862
p0_uniform,29250,28250,29250,29250,WC,1.4677115689839835,False,-94.94236755371094,2.1445395946502686,3.182143449783325,0.023941121995449066,0.9607739448547363,1.0734264850616455,0.0,7500,7000,7000,7750,1786722,1854318,1896208,1694752,74,45,70,67,10.092864899896085
p0_uniform,29500,28500,29500,29500,WC,0.28568167972331576,True,-100.4937744140625,2.775393009185791,1.2928199768066406,0.02401573956012726,1.0554511547088623,0.9881042242050171,0.0,7500,7000,7000,8000,1803059,1869677,1911445,1711819,56,70,67,63,12.008033700287342
p0_uniform,29750,28750,29750,29750,DO,3.612793721347121,False,-109.6751480102539,2.2001113891601562,1.135426640510559,0.024731414392590523,1.071370005607605,1.0424203872680664,0.0,7750,7000,7000,8000,1819818,1884755,1926612,1728815,68,75,60,53,13.985195400193334
p0_uniform,30000,29000,30000,30000,DO,2.199633349812307,False,-105.93399047851562,2.1001312732696533,-2.8567190170288086,0.024410763755440712,1.1170473098754883,0.9842606782913208,0.0,8000,7000,7000,8000,1836533,1899811,1941858,1745798,66,61,52,77,15.919371999800205
p0_uniform,30250,29250,30250,30250,WO,0.40394823502212235,False,-99.69451904296875,8.915958404541016,1.205838680267334,0.023552177473902702,1.2019582986831665,1.101120948791504,0.0,8000,7000,7250,8000,1853497,1914561,1957037,1762905,57,68,60,71,17.971479100175202
p0_uniform,30500,29500,30500,30500,WO,0.3356590791808648,False,-109.59786987304688,2.460057258605957,0.9068805575370789,0.023158105090260506,0.9701943397521973,0.9966857433319092,0.0,8000,7000,7500,8000,1870357,1929395,1972496,1779752,65,60,61,70,19.863829099573195
p0_uniform,30750,29750,30750,30750,DC,0.0,False,-104.5177230834961,2.4043900966644287,1.5067530870437622,0.0237002931535244,1.0115768909454346,1.0173747539520264,0.0,8000,7250,7500,8000,1886997,1944309,1988180,1796514,61,58,65,72,21.830301200039685
p0_uniform,31000,30000,31000,31000,DC,0.0,False,-108.2703857421875,6.126358509063721,1.896308422088623,0.024079730734229088,1.2482517957687378,1.1453427076339722,0.0,8000,7500,7500,8000,1903680,1959698,2003568,1813054,67,78,49,62,23.654095600359142
p0_uniform,31250,30250,31250,31250,WO,0.2800825841127989,False,-110.13440704345703,2.4341847896575928,0.4092596173286438,0.023699089884757996,1.0390409231185913,0.8953654766082764,0.0,8000,7500,7750,8000,1920180,1975057,2019291,1829472,73,62,65,56,25.57683170028031
p0_uniform,31500,30500,31500,31500,WO,0.561190702539489,False,-106.18022155761719,1.5455524921417236,-0.7647919654846191,0.024335965514183044,0.9134376049041748,0.8644233345985413,0.0,8000,7500,8000,8000,1936531,1990193,2035443,1845833,71,45,69,71,27.518427000381052
p0_uniform,31750,30750,31750,31750,DC,0.0,False,-101.53581237792969,2.011937141418457,-0.9217226505279541,0.02468138188123703,1.0776420831680298,1.0766443014144897,0.0,8000,7750,8000,8000,1952712,2005536,2051707,1862045,52,63,65,76,29.567033800296485
p0_uniform,32000,31000,32000,32000,DC,0.0,False,-99.10598754882812,3.195051908493042,0.544851541519165,0.025174099951982498,1.238767385482788,1.0148743391036987,0.0,8000,8000,8000,8000,1968750,2021362,2067838,1878050,51,76,62,67,31.596297400072217
p0_uniform,32250,31250,32250,32250,WO,0.45840902782994253,False,-113.44671630859375,2.6238789558410645,-0.36176395416259766,0.0258902907371521,1.1544253826141357,1.030088186264038,0.0,8000,8000,8250,8000,1984638,2037206,2084115,1894041,60,64,61,71,1.9486458003520966
p0_uniform,32500,31500,32500,32500,WO,0.4959314415904098,False,-110.1121597290039,2.604985237121582,0.11174139380455017,0.026399608701467514,1.189255952835083,1.102754831314087,0.0,8000,8000,8500,8000,2000500,2053107,2100641,1909752,57,67,60,72,3.826223200187087
p0_uniform,32750,31750,32750,32750,WO,0.3692342242209322,False,-108.30630493164062,2.5838871002197266,-1.268066167831421,0.026693515479564667,1.1683796644210815,1.0881414413452148,0.0,8000,8000,8750,8000,2016127,2068914,2117563,1925396,68,59,68,61,5.79029699973762
p0_uniform,33000,32000,33000,33000,WO,0.3789828883619297,False,-112.71046447753906,2.221374750137329,0.1429520845413208,0.02669147215783596,1.1339389085769653,1.0525505542755127,0.0,8000,8000,9000,8000,2031742,2084617,2134622,1941019,65,74,63,54,7.744461200200021
p0_uniform,33250,32250,33250,33250,DC,0.0,False,-116.19862365722656,7.745187759399414,1.6374200582504272,0.02588772214949131,1.4744529724121094,1.452373743057251,0.0,8000,8250,9000,8000,2047241,2100551,2151912,1956296,63,51,68,74,9.742030199617147
p0_uniform,33500,32500,33500,33500,DC,0.0,False,-111.65092468261719,2.1809842586517334,1.345984697341919,0.026196589693427086,1.1018887758255005,0.9555288553237915,0.0,8000,8500,9000,8000,2062525,2116614,2169386,1971475,62,68,84,42,11.663995800539851
p0_uniform,33750,32750,33750,33750,WC,5.919935202384055,True,-109.45063781738281,3.216902256011963,2.3701181411743164,0.026801317930221558,1.165868878364563,1.2525358200073242,0.0,8000,8500,9000,8250,2077976,2132817,2186334,1986873,64,71,61,60,13.739968299865723
p0_uniform,34000,33000,34000,34000,WC,6.371576933091953,True,-122.3958740234375,4.018899917602539,-2.323328971862793,0.026999427005648613,1.183457851409912,1.1983137130737305,0.0,8000,8500,9000,8500,2093078,2148898,2203217,2002807,63,71,68,54,15.701512400060892
p0_uniform,34250,33250,34250,34250,WC,0.9825958557880866,False,-113.5892333984375,2.752098560333252,-0.6323095560073853,0.026516808196902275,1.2428025007247925,1.1913210153579712,0.0,8000,8500,9000,8750,2107952,2164878,2219997,2019173,61,64,51,80,17.71695169992745
p0_uniform,34500,33500,34500,34500,WC,0.9728942890250996,False,-112.36750793457031,4.4444899559021,-0.5878358483314514,0.025607969611883163,1.2110146284103394,1.3440293073654175,0.0,8000,8500,9000,9000,2122775,2180786,2236749,2035690,58,73,57,68,19.71922910027206
p0_uniform,34750,33750,34750,34750,DO,3.4898295377674913,False,-113.8692626953125,5.195096015930176,-1.0045320987701416,0.024621600285172462,1.383984088897705,1.3296895027160645,0.0,8250,8500,9000,9000,2137842,2196709,2253234,2052215,63,63,57,73,21.712306699715555
p0_uniform,35000,34000,35000,35000,DO,3.4900481894098,False,-115.16921997070312,2.5324461460113525,-0.32208746671676636,0.023892806842923164,0.9903185367584229,1.1443707942962646,0.0,8500,8500,9000,9000,2153181,2212287,2269749,2068783,56,64,65,71,23.705071199685335
p0_uniform,35250,34250,35250,35250,DO,3.4647942363814295,False,-123.94203186035156,2.909435749053955,0.504841685295105,0.02431127242743969,1.3716845512390137,1.2128714323043823,0.0,8750,8500,9000,9000,2168833,2227803,2286168,2085196,76,54,53,73,25.61351010017097
p0_uniform,35500,34500,35500,35500,DO,3.2696336231959666,False,-123.69021606445312,3.6343369483947754,3.1971707344055176,0.02550235576927662,1.2977718114852905,1.1893166303634644,0.0,9000,8500,9000,9000,2184874,2243117,2302476,2101533,66,65,61,64,27.546062000095844
p0_uniform,35750,34750,35750,35750,DC,1.2046678871704301e-31,False,-123.99583435058594,3.8076930046081543,-1.180996060371399,0.025909241288900375,1.2977635860443115,1.2187341451644897,0.0,9000,8750,9000,9000,2201093,2258595,2318633,2117679,70,69,66,51,29.43489050026983
p0_uniform,36000,35000,36000,36000,DC,0.0,False,-116.18368530273438,2.3773930072784424,-0.6813223958015442,0.025423964485526085,1.112792730331421,1.1568645238876343,0.0,9000,9000,9000,9000,2217284,2274237,2334766,2133713,64,65,78,49,31.26052420027554
p0_uniform,36250,35250,36250,36250,DC,0.0,False,-114.55534362792969,2.545982837677002,1.4035884141921997,0.025419987738132477,1.0941379070281982,1.0921533107757568,0.0,9000,9250,9000,9000,2233370,2290366,2350715,2149549,65,65,56,70,1.9179165000095963
p0_uniform,36500,35500,36500,36500,DC,0.0,False,-109.88101959228516,2.5851848125457764,-1.1841373443603516,0.02571283094584942,1.1646710634231567,1.0334455966949463,0.0,9000,9500,9000,9000,2249237,2307148,2366280,2165335,58,76,67,55,3.747052699327469
p0_uniform,36750,35750,36750,36750,WO,0.34348519664010174,False,-118.68785095214844,2.608954906463623,-0.511907696723938,0.02508087083697319,1.1257998943328857,1.0759484767913818,0.0,9000,9500,9250,9000,2265089,2323755,2382061,2181095,70,63,63,60,5.53503379970789
p0_uniform,37000,36000,37000,37000,WO,0.3755550639008549,False,-121.17093658447266,4.28455114364624,0.35635247826576233,0.026278667151927948,1.13848876953125,1.1213688850402832,0.0,9000,9500,9500,9000,2280639,2340285,2398249,2196827,56,59,68,73,7.319798099808395
p0_uniform,37250,36250,37250,37250,WO,0.5430310563524945,False,-123.03610229492188,2.2490410804748535,2.1317973136901855,0.026010163128376007,0.9914723038673401,1.1517665386199951,0.0,9000,9500,9750,9000,2296234,2356539,2414792,2212435,64,71,68,53,9.144931099377573
p0_uniform,37500,36500,37500,37500,WO,0.5710354291130223,False,-119.45585632324219,2.973367691040039,2.146207094192505,0.026322994381189346,1.165382981300354,1.339597463607788,0.0,9000,9500,10000,9000,2311640,2372947,2431704,2227709,67,69,63,57,11.06894139945507
p0_uniform,37750,36750,37750,37750,DO,4.188624569333353,False,-116.56087493896484,2.580446243286133,1.542002558708191,0.027041306719183922,1.0316355228424072,1.2236968278884888,0.0,9250,9500,10000,9000,2327085,2388987,2448942,2242986,61,66,76,53,13.146154699847102
p0_uniform,38000,37000,38000,38000,DO,4.416491849576048,False,-111.85540008544922,4.5186381340026855,0.02103447914123535,0.02776772528886795,1.2735880613327026,1.2157518863677979,0.0,9500,9500,10000,9000,2342916,2405158,2465839,2258087,55,67,76,58,15.27741440013051
p0_uniform,38250,37250,38250,38250,DO,2.4519650391644894,False,-115.8761215209961,3.6269917488098145,1.7550665140151978,0.02821739949285984,1.3914932012557983,1.1312086582183838,0.0,9750,9500,10000,9000,2359050,2420946,2482738,2273266,60,68,75,53,17.44866819959134
p0_uniform,38500,37500,38500,38500,DO,2.29847665876349,False,-128.810791015625,2.7508373260498047,0.829074501991272,0.028950084000825882,1.0907905101776123,1.161942481994629,0.0,10000,9500,10000,9000,2375481,2436685,2499541,2288293,70,51,73,62,19.646922499872744
p0_uniform,38750,37750,38750,38750,DC,1.509158602122987e-16,False,-121.43241882324219,2.7089719772338867,-0.5841363668441772,0.028979619964957237,1.4755011796951294,0.9752627611160278,0.0,10000,9750,10000,9000,2392046,2452373,2516103,2303478,62,74,60,60,21.672031099908054
p0_uniform,39000,38000,39000,39000,DC,0.0,False,-117.956298828125,4.810323238372803,-1.4225621223449707,0.028399819508194923,1.3248536586761475,1.131126880645752,0.0,10000,10000,10000,9000,2408370,2468702,2532503,2318425,70,69,53,64,23.644723899662495
p0_uniform,39250,38250,39250,39250,WC,0.7477347868893596,False,-119.06594848632812,3.284750461578369,-0.8090472221374512,0.02825385332107544,1.437779426574707,1.3327693939208984,0.0,10000,10000,10000,9250,2424808,2485012,2548670,2333510,55,71,66,64,25.746628699824214
p0_uniform,39500,38500,39500,39500,WC,0.5510972454646836,False,-127.02943420410156,2.832369804382324,-1.3337650299072266,0.028892114758491516,1.3530173301696777,1.0651936531066895,0.0,10000,10000,10000,9500,2441086,2501292,2564709,2348913,70,73,57,56,27.916566499508917
p0_uniform,39750,38750,39750,39750,WC,0.1391233789926687,False,-130.1917724609375,3.3496627807617188,0.42324602603912354,0.02879670262336731,1.442875623703003,1.108400583267212,0.0,10000,10000,10000,9750,2457171,2517187,2581098,2364544,69,46,69,72,30.02504719980061
p0_uniform,40000,39000,40000,40000,WC,0.04412414413278269,False,-114.7457275390625,3.4215846061706543,1.0523595809936523,0.03013129159808159,1.2883846759796143,1.2810916900634766,0.0,10000,10000,10000,10000,2473358,2533237,2596990,2380415,53,83,59,61,32.230336300097406
p0_uniform,40250,39250,40250,40250,DC,10.0,True,-132.37530517578125,3.8773064613342285,0.2225627303123474,0.030947459861636162,1.1989638805389404,1.1757149696350098,0.0,10000,10250,10000,10000,2489411,2549450,2612868,2396271,60,60,62,74,2.235342400148511
p0_uniform,40500,39500,40500,40500,DC,10.0,True,-133.05459594726562,2.471935272216797,-0.9917638897895813,0.030415590852499008,1.1016452312469482,1.1184563636779785,0.0,10000,10500,10000,10000,2505285,2565864,2628744,2412107,67,57,65,67,4.437453499995172
p0_uniform,40750,39750,40750,40750,WO,0.6100189071800053,False,-132.1497802734375,2.2223012447357178,2.3290328979492188,0.03035818226635456,1.1348727941513062,1.084617257118225,0.0,10000,10500,10250,10000,2521046,2582471,2644592,2427891,61,73,65,57,6.729274299927056
p0_uniform,41000,40000,41000,41000,WO,0.5547268514880223,False,-126.38801574707031,3.491117000579834,-2.8474860191345215,0.03002084791660309,1.1900882720947266,1.0045987367630005,0.0,10000,10500,10500,10000,2536877,2598774,2660709,2443640,58,71,67,60,8.760708400048316
p0_uniform,41250,40250,41250,41250,DO,2.175061999281721,False,-122.57579040527344,2.9767727851867676,0.3549923896789551,0.029520370066165924,1.2401235103607178,1.1802618503570557,0.0,10250,10500,10500,10000,2552530,2615210,2677000,2459260,61,74,54,67,10.82615050021559
p0_uniform,41500,40500,41500,41500,DO,2.2251059829985294,False,-130.53271484375,2.687225103378296,-1.2689106464385986,0.029441216960549355,1.2637779712677002,1.0394909381866455,0.0,10500,10500,10500,10000,2568576,2631591,2693152,2474681,55,60,75,66,12.935522800311446
p0_uniform,41750,40750,41750,41750,WC,0.010653119899807797,False,-117.09291076660156,3.78663969039917,0.9578225612640381,0.02926735207438469,1.3789948225021362,1.3768459558486938,0.0,10500,10500,10500,10250,2584705,2647820,2709225,2490250,58,65,66,67,14.901300500147045
p0_uniform,42000,41000,42000,42000,WC,0.7684864159568654,False,-120.48698425292969,3.4658355712890625,-1.1048026084899902,0.028494248166680336,1.3927279710769653,1.2890955209732056,0.0,10500,10500,10500,10500,2600574,2663943,2725192,2506291,58,68,62,68,16.785833099856973
p0_uniform,42250,41250,42250,42250,WO,0.24142983728938142,False,-145.34677124023438,5.372453689575195,1.4557267427444458,0.02786880172789097,1.6236307621002197,1.4780131578445435,0.0,10500,10500,10750,10500,2616694,2679826,2741364,2522116,77,67,52,60,18.618454200215638
p0_uniform,42500,41500,42500,42500,WO,0.23405969891233588,False,-125.82325744628906,5.143345355987549,1.4202110767364502,0.028940144926309586,1.4896018505096436,1.3395452499389648,0.0,10500,10500,11000,10500,2632556,2695753,2757816,2537875,58,68,73,57,20.447835500352085
p0_uniform,42750,41750,42750,42750,DO,1.3722776081122094,False,-137.86154174804688,5.263943672180176,-1.2080442905426025,0.029461897909641266,1.4996157884597778,1.2117148637771606,0.0,10750,10500,11000,10500,2648452,2711464,2774213,2553871,72,49,68,67,22.322593200020492
p0_uniform,43000,42000,43000,43000,DO,1.378087276359416,False,-129.08209228515625,3.1319828033447266,-2.365091323852539,0.02913341298699379,1.317251443862915,1.159751057624817,0.0,11000,10500,11000,10500,2664747,2726964,2790592,2569697,59,76,67,54,24.272612599655986
p0_uniform,43250,42250,43250,43250,DC,0.0,False,-139.72906494140625,6.534452438354492,0.04911677911877632,0.028745144605636597,1.522458553314209,1.3382203578948975,0.0,11000,10750,11000,10500,2681127,2742783,2806937,2585153,75,62,57,62,26.215405800379813
p0_uniform,43500,42500,43500,43500,DC,0.0,False,-119.05026245117188,2.6451058387756348,-0.07858520746231079,0.028582729399204254,1.1813009977340698,1.068102478981018,0.0,11000,11000,11000,10500,2697328,2758864,2823200,2600608,61,65,73,57,28.04622619971633
p0_uniform,43750,42750,43750,43750,WC,0.9394398726853399,False,-130.1846160888672,3.1058189868927,-0.7347874641418457,0.027015473693609238,1.3353018760681152,1.274111270904541,0.0,11000,11000,11000,10750,2713549,2775089,2839349,2616013,66,67,58,65,29.913695299997926
p0_uniform,44000,43000,44000,44000,WC,0.0016562900996276212,False,-134.56002807617188,2.6345138549804688,-1.0715200901031494,0.02635451965034008,1.2240605354309082,1.156270980834961,0.0,11000,11000,11000,11000,2729488,2791282,2855401,2631829,71,60,64,61,31.726456199772656
p0_uniform,44250,43250,44250,44250,DO,2.354962701221967,False,-132.9195556640625,3.5560097694396973,-2.406860113143921,0.025696057826280594,1.3021610975265503,1.2083351612091064,0.0,11250,11000,11000,11000,2745669,2807091,2871358,2647882,67,52,64,73,1.9380223006010056
p0_uniform,44500,43500,44500,44500,DO,2.432285321897077,False,-137.41900634765625,3.8254218101501465,2.0429418087005615,0.026209326460957527,1.6485939025878906,1.0981159210205078,0.0,11500,11000,11000,11000,2762127,2822680,2887282,2663911,65,56,69,66,3.974075900390744
p0_uniform,44750,43750,44750,44750,DC,10.0,True,-132.89273071289062,4.1524200439453125,-0.968322217464447,0.026925258338451385,1.3973990678787231,1.3878483772277832,0.0,11500,11250,11000,11000,2778578,2838668,2902987,2679767,69,64,60,63,5.86560030002147
p0_uniform,45000,44000,45000,45000,DC,10.0,True,-121.80258178710938,2.530670166015625,0.5376752018928528,0.027130404487252235,1.2374545335769653,0.9688563346862793,0.0,11500,11500,11000,11000,2794691,2855110,2918777,2695422,65,51,71,69,7.694480900652707
p0_uniform,45250,44250,45250,45250,WO,0.44964651878344525,False,-140.41844177246094,5.560037612915039,1.6627590656280518,0.02787729725241661,1.4442130327224731,1.2513785362243652,0.0,11500,11500,11250,11000,2811040,2871442,2934563,2710955,69,58,63,66,9.731927900575101
p0_uniform,45500,44500,45500,45500,WO,0.308544276882753,False,-123.87869262695312,3.621159553527832,1.7604944705963135,0.02906082011759281,1.329885482788086,1.3452067375183105,0.0,11500,11500,11500,11000,2826986,2887957,2950685,2726372,56,63,78,59,11.553604700602591
p0_uniform,45750,44750,45750,45750,WC,0.9278205472131318,False,-115.6290283203125,3.82310152053833,2.4828383922576904,0.029392531141638756,1.442949652671814,1.3034696578979492,0.0,11500,11500,11500,11250,2843051,2903979,2966691,2742279,51,60,75,70,13.473447100259364
p0_uniform,46000,45000,46000,46000,WC,0.8645370743700969,False,-120.66328430175781,3.9972691535949707,-0.836704671382904,0.030224964022636414,1.4416558742523193,1.2784055471420288,0.0,11500,11500,11500,11500,2859100,2920130,2982735,2758035,60,62,59,75,15.310320899821818
p0_uniform,46250,45250,46250,46250,DC,10.0,True,-146.4930419921875,3.574545383453369,-0.1494419127702713,0.03078174963593483,1.4433658123016357,1.408919334411621,0.0,11500,11750,11500,11500,2875204,2936246,2998643,2773907,60,67,66,63,17.164279299788177
p0_uniform,46500,45500,46500,46500,DC,10.0,True,-130.1531982421875,4.548849105834961,0.7664622068405151,0.03233158960938454,1.484755039215088,1.303786277770996,0.0,11500,12000,11500,11500,2890959,2952729,3014560,2789752,63,60,55,78,19.035420400090516
p0_uniform,46750,45750,46750,46750,WO,0.3581994387184279,False,-123.57395935058594,3.569004774093628,-1.144661784172058,0.032960716634988785,1.5324995517730713,1.2565808296203613,0.0,11500,12000,11750,11500,2906863,2969025,3030546,2805566,55,72,67,62,20.90493720024824
p0_uniform,47000,46000,47000,47000,WO,0.39558148759746753,False,-119.23931884765625,4.210350513458252,-1.4543712139129639,0.033476587384939194,1.3865078687667847,1.595407247543335,0.0,11500,12000,12000,11500,2922501,2985483,3046837,2821179,66,62,76,52,22.95236760005355
p0_uniform,47250,46250,47250,47250,DO,3.4465946958122196,False,-134.66468811035156,3.6587634086608887,1.1463993787765503,0.03440021350979805,1.317103624343872,1.330169916152954,0.0,11750,12000,12000,11500,2938254,3001977,3063032,2836737,63,61,76,56,25.016972499899566
p0_uniform,47500,46500,47500,47500,DO,3.440722264478312,False,-136.852294921875,4.029900550842285,-0.03313127160072327,0.035570576786994934,1.459378957748413,1.3374079465866089,0.0,12000,12000,12000,11500,2954403,3018285,3078995,2852317,60,67,50,79,26.94341710023582
p0_uniform,47750,46750,47750,47750,WC,3.0590077086776013,True,-130.15663146972656,4.093786716461182,2.070690393447876,0.03621241822838783,1.5517083406448364,1.437988042831421,0.0,12000,12000,12000,11750,2970393,3034418,3095171,2868018,49,71,70,66,28.8641178002581
p0_uniform,48000,47000,48000,48000,WC,5.469142647852463,True,-150.10577392578125,4.088190078735352,-0.4987027049064636,0.0373431034386158,1.5158381462097168,1.339411735534668,0.0,12000,12000,12000,12000,2986386,3050450,3111328,2883836,75,55,55,71,30.67939710058272
p0_uniform,48250,47250,48250,48250,DC,10.0,True,-132.82220458984375,4.747231960296631,-3.044961452484131,0.03691092133522034,1.7096853256225586,1.433532953262329,0.0,12000,12250,12000,12000,3002403,3066660,3127281,2899656,63,70,64,59,2.0809690002352
p0_uniform,48500,47500,48500,48500,DC,10.0,True,-132.7224578857422,4.118663787841797,-0.22570893168449402,0.03627568855881691,1.6929646730422974,1.1795547008514404,0.0,12000,12500,12000,12000,3018167,3083272,3143218,2915343,63,57,72,64,4.073397600091994
p0_uniform,48750,47750,48750,48750,DC,10.0,True,-141.00274658203125,9.183173179626465,1.4083728790283203,0.036514103412628174,1.862642526626587,1.886563777923584,0.0,12000,12750,12000,12000,3033998,3099811,3158788,2931403,53,64,70,69,6.011692300438881
p0_uniform,49000,48000,49000,49000,DC,10.0,True,-148.41915893554688,5.390730857849121,-1.4379210472106934,0.03693830221891403,1.7386550903320312,1.6700704097747803,0.0,12000,13000,12000,12000,3049761,3116520,3174669,2947050,69,67,61,59,7.839765200391412
p0_uniform,49250,48250,49250,49250,DO,2.693390159788742,False,-141.48434448242188,4.904666900634766,-0.31767070293426514,0.037679608911275864,1.5095043182373047,1.5993916988372803,0.0,12250,13000,12000,12000,3065411,3133423,3190553,2962613,66,63,61,66,9.657832600176334
p0_uniform,49500,48500,49500,49500,DO,1.9996951691900022,False,-132.62112426757812,3.6189966201782227,2.917661190032959,0.03892350569367409,1.3631572723388672,1.411540150642395,0.0,12500,13000,12000,12000,3081282,3150377,3206111,2978230,51,71,68,66,11.474210800603032
p0_uniform,49750,48750,49750,49750,WO,0.5384878252657808,False,-159.16880798339844,6.959753036499023,0.5338616371154785,0.039803341031074524,1.678776502609253,1.5789474248886108,0.0,12500,13000,12250,12000,3097430,3167094,3221833,2993643,73,67,57,59,13.298994100652635
p0_uniform,50000,49000,50000,50000,WO,0.5075083580369597,False,-135.69705200195312,7.03245735168457,0.3334502577781677,0.04080136492848396,1.7063207626342773,1.578404188156128,0.0,12500,13000,12500,12000,3113371,3183868,3237695,3009066,53,62,66,75,15.08770970068872
p0_uniform,50250,49250,50250,50250,WO,0.6663896279812065,False,-159.13967895507812,6.377439975738525,0.6557015776634216,0.041831597685813904,1.5952153205871582,1.488217830657959,0.0,12500,13000,12750,12000,3129206,3200687,3253746,3024361,75,61,56,64,16.889208900742233
p0_uniform,50500,49500,50500,50500,WO,0.5242772206537092,False,-160.8348846435547,4.812408447265625,1.347107172012329,0.04294053837656975,1.5324530601501465,1.4182500839233398,0.0,12500,13000,13000,12000,3145014,3217259,3270050,3039677,65,77,55,59,18.67707520071417
p0_uniform,50750,49750,50750,50750,WC,0.6184531338631678,False,-151.1168212890625,4.453272819519043,-1.3028247356414795,0.04339805990457535,1.6019220352172852,1.5002480745315552,0.0,12500,13000,13000,12250,3160944,3233747,3286368,3054941,58,70,57,71,20.474530400708318
p0_uniform,51000,50000,51000,51000,WC,0.7336405344978786,False,-163.26983642578125,5.010737419128418,-1.0617953538894653,0.04344825819134712,1.6480607986450195,1.5495026111602783,0.0,12500,13000,13000,12500,3176667,3250085,3302780,3070468,72,51,67,66,22.252394900657237
p0_uniform,51250,50250,51250,51250,WC,6.408902828860046,True,-161.54913330078125,10.886985778808594,-0.33272066712379456,0.045030687004327774,1.8856487274169922,1.6277586221694946,0.0,12500,13000,13000,12750,3192313,3266382,3318977,3086328,60,81,63,52,24.085271800868213
p0_uniform,51500,50500,51500,51500,WC,5.983608111710653,True,-156.1192626953125,4.846736907958984,-0.4389946758747101,0.04558784142136574,1.7224400043487549,1.3315012454986572,0.0,12500,13000,13000,13000,3207993,3282594,3335118,3102295,78,60,57,61,25.930374700576067
p0_uniform,51750,50750,51750,51750,DO,3.820831953474404,False,-157.40447998046875,5.045415878295898,-0.07803882658481598,0.04659794643521309,1.73316490650177,1.377450942993164,0.0,12750,13000,13000,13000,3223550,3298791,3351282,3118377,60,71,59,66,27.767344600521028
p0_uniform,52000,51000,52000,52000,DO,3.195447400016376,False,-155.2600860595703,6.548683166503906,0.9326011538505554,0.047024864703416824,1.722097396850586,1.611688494682312,0.0,13000,13000,13000,13000,3239449,3314807,3367441,3134303,63,69,62,62,29.627473800443113
p0_uniform,52250,51250,52250,52250,WO,0.31732645433583806,False,-149.7201385498047,6.819636344909668,-1.2682619094848633,0.04914022982120514,1.9312019348144531,1.6028108596801758,0.0,13000,13000,13250,13000,3255517,3330789,3383377,3150317,55,85,57,59,1.815607599914074
p0_uniform,52500,51500,52500,52500,WO,0.3775524185527863,False,-164.70175170898438,4.66081428527832,-0.746867299079895,0.047895647585392,1.61366605758667,1.3522788286209106,0.0,13000,13000,13500,13000,3271204,3346817,3399717,3166262,71,66,66,53,3.586216500028968
p0_uniform,52750,51750,52750,52750,DC,0.0,False,-147.98104858398438,9.110503196716309,-2.2963569164276123,0.04810867831110954,2.119671106338501,1.5386755466461182,0.0,13000,13250,13500,13000,3286994,3362731,3416196,3182079,56,65,62,73,5.400801599957049
p0_uniform,53000,52000,53000,53000,DC,0.0,False,-152.75099182128906,8.287015914916992,-0.8677385449409485,0.0471205934882164,2.4029228687286377,1.613656759262085,0.0,13000,13500,13500,13000,3302612,3378866,3432608,3197914,58,66,56,76,7.557658799923956
p0_uniform,53250,52250,53250,53250,DC,0.0,False,-179.43533325195312,7.505926132202148,-0.12490439414978027,0.04519442841410637,2.1256296634674072,1.492443561553955,0.0,13000,13750,13500,13000,3318296,3395391,3448801,3213512,73,70,59,54,9.839776000007987
p0_uniform,53500,52500,53500,53500,DC,0.0,False,-147.79562377929688,4.936605930328369,-0.4978427588939667,0.044791314750909805,1.9080889225006104,1.3595318794250488,0.0,13000,14000,13500,13000,3333884,3411780,3465210,3229126,69,57,66,64,12.100386899895966
p0_uniform,53750,52750,53750,53750,DO,4.14811255077931,False,-168.89718627929688,7.23307466506958,-1.2789016962051392,0.04412965103983879,1.803941011428833,1.5579967498779297,0.0,13250,14000,13500,13000,3349592,3428488,3481311,3244609,69,65,67,55,14.362888300791383
p0_uniform,54000,53000,54000,54000,DO,1.1953567644428469,False,-150.4829864501953,9.92074203491211,-0.6023086309432983,0.044486433267593384,2.212576389312744,1.700756549835205,0.0,13500,14000,13500,13000,3365463,3445088,3497473,3259976,59,56,61,80,16.650952900759876
p0_uniform,54250,53250,54250,54250,WC,4.8874553659746205,False,-151.3134765625,8.312254905700684,0.01741129159927368,0.045729052275419235,2.1372408866882324,1.7153127193450928,0.0,13500,14000,13500,13250,3381509,3461762,3513503,3275226,55,62,75,64,18.986906900070608
p0_uniform,54500,53500,54500,54500,WC,1.957168153302917,False,-198.03822326660156,6.494933605194092,0.5116074085235596,0.04618481546640396,2.0609312057495117,1.5265185832977295,0.0,13500,14000,13500,13500,3397345,3478384,3529239,3291032,74,67,45,70,21.27867430076003
p0_uniform,54750,53750,54750,54750,DO,4.934512180678245,False,-164.0972900390625,7.294654846191406,-1.6202560663223267,0.0461808517575264,1.9286346435546875,1.6508426666259766,0.0,13750,14000,13500,13500,3413317,3494900,3545041,3306742,78,58,67,53,23.706461400724947
p0_uniform,55000,54000,55000,55000,DO,4.210861268343075,False,-181.95755004882812,10.912955284118652,-0.9741267561912537,0.04649825394153595,1.7753665447235107,1.4920440912246704,0.0,14000,14000,13500,13500,3429451,3511213,3560878,3322458,70,67,60,59,26.14127549994737
p0_uniform,55250,54250,55250,55250,WO,0.4240252049308327,False,-164.77294921875,6.392435550689697,-0.2866925299167633,0.047585245221853256,1.8062057495117188,1.7087488174438477,0.0,14000,14000,13750,13500,3445641,3527245,3576851,3338263,62,70,64,60,28.55390620045364
p0_uniform,55500,54500,55500,55500,WO,0.4174287432679662,False,-171.6038055419922,8.64934253692627,-0.828906774520874,0.047816455364227295,2.030282497406006,1.945946455001831,0.0,14000,14000,14000,13500,3461882,3543414,3592878,3353826,75,60,64,57,30.81276970077306
p0_uniform,55750,54750,55750,55750,WC,0.9735077464135601,False,-163.0029296875,6.139639854431152,-0.7743569612503052,0.04768659919500351,1.9067972898483276,1.7060664892196655,0.0,14000,14000,14000,13750,3478045,3559296,3609239,3369420,67,67,70,52,33.13080540020019
p0_uniform,56000,55000,56000,56000,WC,0.9670613982919719,False,-163.3204345703125,11.503530502319336,1.3676140308380127,0.04777856171131134,2.2589197158813477,1.8988873958587646,0.0,14000,14000,14000,14000,3493945,3575324,3625416,3385315,53,68,66,69,35.377047600224614
p0_uniform,56250,55250,56250,56250,WO,0.3900877618740889,False,-158.2763671875,8.47238826751709,1.2041683197021484,0.047011636197566986,2.0401430130004883,2.0076987743377686,0.0,14000,14000,14250,14000,3509760,3591419,3641640,3401181,59,71,60,66,2.3318555001169443
p0_uniform,56500,55500,56500,56500,WO,0.39083967019574456,False,-170.80218505859375,7.519890308380127,1.0898288488388062,0.048396628350019455,1.827958345413208,1.5546929836273193,0.0,14000,14000,14500,14000,3525497,3607233,3658062,3417208,63,67,50,76,4.507028000429273
p0_uniform,56750,55750,56750,56750,DO,2.2362062536434553,False,-156.32244873046875,6.544156551361084,-0.7510136365890503,0.04851856455206871,1.8409502506256104,1.682462215423584,0.0,14250,14000,14500,14000,3541532,3622911,3674473,3433084,65,58,69,64,6.839316800236702
p0_uniform,57000,56000,57000,57000,DO,2.462517893943815,False,-186.47984313964844,7.2782087326049805,2.0588314533233643,0.04821185767650604,2.0904688835144043,1.7297297716140747,0.0,14500,14000,14500,14000,3557650,3638747,3690676,3448927,57,71,58,70,9.122448599897325
p0_uniform,57250,56250,57250,57250,WO,0.19500242418809627,False,-166.28732299804688,8.01796817779541,0.565167248249054,0.050263430923223495,2.136251449584961,1.8900890350341797,0.0,14500,14000,14750,14000,3573823,3654443,3707018,3464716,75,63,64,54,11.40762950014323
p0_uniform,57500,56500,57500,57500,WO,0.188811318857675,False,-163.8659210205078,6.561694145202637,2.2582476139068604,0.0508493110537529,1.7817860841751099,1.4938760995864868,0.0,14500,14000,15000,14000,3589775,3670076,3723734,3480415,60,66,67,63,13.705282900482416
p0_uniform,57750,56750,57750,57750,DC,0.0,False,-174.23561096191406,9.734444618225098,1.6995203495025635,0.052591945976018906,2.069791078567505,1.917579174041748,0.0,14500,14250,15000,14000,3605745,3685773,3740406,3496076,75,64,63,54,15.966527700424194
p0_uniform,58000,57000,58000,58000,DC,0.0,False,-186.5221405029297,8.532760620117188,0.7422150373458862,0.053480446338653564,1.9501268863677979,1.9760650396347046,0.0,14500,14500,15000,14000,3621805,3701694,3756910,3511591,74,52,59,71,18.33302399981767
p0_uniform,58250,57250,58250,58250,DC,10.0,True,-167.86180114746094,8.317185401916504,-1.1188462972640991,0.0528273731470108,1.9746037721633911,1.6507370471954346,0.0,14500,14750,15000,14000,3637749,3717696,3773395,3527160,67,59,71,59,20.647473900578916
p0_uniform,58500,57500,58500,58500,DC,10.0,True,-177.1767578125,14.617391586303711,1.8090497255325317,0.050728898495435715,2.281860589981079,2.274169445037842,0.0,14500,15000,15000,14000,3653536,3733978,3789995,3542491,62,71,71,52,22.891076900064945
p0_uniform,58750,57750,58750,58750,WC,0.8959848014995813,False,-168.78692626953125,8.204487800598145,-1.036715030670166,0.05000312253832817,2.180969476699829,1.7582862377166748,0.0,14500,15000,15000,14250,3669297,3750334,3806545,3557824,67,73,55,61,25.24250470008701
p0_uniform,59000,58000,59000,59000,WC,0.9325952565492273,False,-169.80780029296875,5.711103439331055,0.47260886430740356,0.05008835345506668,1.8879823684692383,1.7145869731903076,0.0,14500,15000,15000,14500,3685035,3766591,3822897,3573477,65,62,69,60,27.50181130040437
p0_uniform,59250,58250,59250,59250,DO,4.642083095729024,False,-163.43118286132812,8.922571182250977,-0.1877109706401825,0.05011475086212158,2.139634609222412,2.211045265197754,0.0,14750,15000,15000,14500,3700885,3782831,3839100,3589184,70,57,74,55,29.866762900725007
p0_uniform,59500,58500,59500,59500,DO,3.916404532714588,False,-175.3614044189453,8.065190315246582,-0.877886950969696,0.05053766444325447,1.9591245651245117,1.839996099472046,0.0,15000,15000,15000,14500,3716738,3798925,3855283,3605054,57,63,67,69,32.21594610065222
p0_uniform,59750,58750,59750,59750,WC,0.9739583526867017,False,-178.9794921875,23.68555450439453,1.047505259513855,0.0505782887339592,2.3092126846313477,2.08868408203125,0.0,15000,15000,15000,14750,3732859,3815004,3871300,3620837,62,60,60,74,34.54240670055151
p0_uniform,60000,59000,60000,60000,WC,0.9676460613627914,False,-188.84930419921875,10.416435241699219,-1.4668910503387451,0.05021777004003525,2.037654399871826,1.6742773056030273,0.0,15000,15000,15000,15000,3748779,3831098,3887392,3636731,55,65,62,74,36.926782900467515
p0_uniform,60250,59250,60250,60250,WO,0.5945175897721706,False,-203.11373901367188,8.208721160888672,0.9458224773406982,0.050816360861063004,2.0303187370300293,1.858870506286621,0.0,15000,15000,15250,15000,3764739,3847147,3903497,3652617,61,74,55,66,2.4280725000426173
p0_uniform,60500,59500,60500,60500,WO,0.5924920351927458,False,-164.1035919189453,8.438518524169922,0.09127438068389893,0.053225114941596985,2.052894115447998,1.7770460844039917,0.0,15000,15000,15500,15000,3780541,3863065,3919765,3668629,63,54,80,59,4.8550865994766355
p0_uniform,60750,59750,60750,60750,DO,3.1478087487356463,False,-147.0979766845703,5.068119049072266,-1.2770881652832031,0.0541895367205143,1.7328481674194336,1.3968874216079712,0.0,15250,15000,15500,15000,3796403,3878953,3936073,3684571,51,62,74,69,7.17684599943459
p0_uniform,61000,60000,61000,61000,DO,5.172183928931656,False,-174.48086547851562,7.2460808753967285,0.07762154936790466,0.052858881652355194,1.934828758239746,1.7583140134811401,0.0,15500,15000,15500,15000,3812599,3894887,3952487,3700027,62,67,70,57,9.413915200158954
p0_uniform,61250,60250,61250,61250,DO,2.874252546991609,False,-184.72967529296875,8.216230392456055,-1.7767106294631958,0.05243324115872383,1.9930369853973389,2.061709403991699,0.0,15750,15000,15500,15000,3828888,3910855,3968569,3715688,54,67,69,66,11.784020500257611
p0_uniform,61500,60500,61500,61500,DO,2.946967631479025,False,-172.89234924316406,6.8124542236328125,0.45285725593566895,0.05246623978018761,1.8943532705307007,1.6478458642959595,0.0,16000,15000,15500,15000,3845556,3926522,3984562,3731360,68,68,62,58,14.048982299864292
p0_uniform,61750,60750,61750,61750,WO,0.4303153534098899,False,-191.1840362548828,12.359070777893066,0.4677419662475586,0.05254388973116875,2.2028534412384033,1.9897420406341553,0.0,16000,15000,15750,15000,3862180,3942230,4000821,3746769,77,57,66,56,16.38763689994812
p0_uniform,62000,61000,62000,62000,WO,0.5567698982237155,False,-175.52647399902344,9.04765510559082,-0.11899998039007187,0.051105037331581116,2.105581760406494,2.092331647872925,0.0,16000,15000,16000,15000,3878716,3957675,4017253,3762356,75,58,64,59,18.794204799458385
p0_uniform,62250,61250,62250,62250,DC,10.0,True,-184.67550659179688,7.240904331207275,-0.8516983985900879,0.04954815283417702,1.7980372905731201,1.7293994426727295,0.0,16000,15250,16000,15000,3895308,3973434,4033534,3777724,65,57,70,64,21.159101800061762
p0_uniform,62500,61500,62500,62500,DC,10.0,True,-206.2853546142578,10.50564956665039,0.7439436912536621,0.048820897936820984,1.9952822923660278,2.0374648571014404,0.0,16000,15500,16000,15000,3911723,3989344,4049641,3793292,70,66,59,61,23.403633899986744
p0_uniform,62750,61750,62750,62750,WC,6.380789341661252,True,-172.23849487304688,6.352416038513184,-1.089720368385315,0.04880590736865997,1.6280767917633057,1.6998264789581299,0.0,16000,15500,16000,15250,3928104,4005123,4066023,3808750,55,62,72,67,25.276571500115097
p0_uniform,63000,62000,63000,63000,WC,6.049899239347165,True,-185.97872924804688,8.461275100708008,-0.20110894739627838,0.04939751327037811,2.06056809425354,1.865149974822998,0.0,16000,15500,16000,15500,3944450,4020861,4082324,3824365,62,49,75,70,27.12639130000025
p0_uniform,63250,62250,63250,63250,WC,6.746690870760316,True,-171.78701782226562,5.37642765045166,-0.9183104038238525,0.0497816763818264,1.655876874923706,1.5797715187072754,0.0,16000,15500,16000,15750,3960583,4036453,4098588,3840376,63,59,71,63,28.996496399864554
p0_uniform,63500,62500,63500,63500,WC,6.264112062954266,True,-194.25486755371094,10.207185745239258,1.2587108612060547,0.05030417442321777,2.2602012157440186,1.9077024459838867,0.0,16000,15500,16000,16000,3976677,4052106,4114943,3856274,61,71,63,61,30.805975699797273
p0_uniform,63750,62750,63750,63750,DC,1.0596957305522483e-14,False,-183.58352661132812,9.3363618850708,1.3481104373931885,0.05052744969725609,2.365192174911499,1.9411556720733643,0.0,16000,15750,16000,16000,3992796,4067810,4130947,3872447,59,56,75,66,32.631181200034916
p0_uniform,64000,63000,64000,64000,DC,8.853270421018712e-16,False,-194.81900024414062,10.842147827148438,-0.3988993763923645,0.05133762210607529,2.2846150398254395,2.0913166999816895,0.0,16000,16000,16000,16000,4008865,4083637,4146939,3888559,65,68,68,55,34.46710249967873
p0_uniform,64250,63250,64250,64250,DC,10.0,True,-199.8358154296875,14.683979034423828,-1.4687976837158203,0.05171726271510124,2.280564308166504,2.139425277709961,0.0,16000,16250,16000,16000,4025013,4099817,4162750,3904420,67,63,74,52,1.8573312005028129
p0_uniform,64500,63500,64500,64500,DC,10.0,True,-222.15240478515625,10.483013153076172,1.543087124824524,0.05235455557703972,2.182082176208496,1.9424278736114502,0.0,16000,16500,16000,16000,4040923,4116296,4178624,3920157,53,80,59,64,3.7540670996531844
p0_uniform,64750,63750,64750,64750,DO,1.5059455175283587,False,-227.16604614257812,12.317911148071289,0.4435725510120392,0.05441911518573761,2.138920307159424,2.1656994819641113,0.0,16250,16500,16000,16000,4056833,4132685,4194443,3936039,62,71,57,66,5.61442940030247
p0_uniform,65000,64000,65000,65000,DO,2.880410952528006,False,-203.7791290283203,8.789724349975586,-0.7584801912307739,0.054266683757305145,1.917405128479004,1.9627448320388794,0.0,16500,16500,16000,16000,4073057,4148963,4210236,3951744,71,51,63,71,7.468175900168717
p0_uniform,65250,64250,65250,65250,WC,4.935981497580747,True,-212.60377502441406,16.406686782836914,0.7340545058250427,0.05494805425405502,2.301142930984497,2.3869190216064453,0.0,16500,16500,16000,16250,4089396,4165121,4225913,3967570,57,67,66,66,9.363648399710655
p0_uniform,65500,64500,65500,65500,WC,4.822107017111343,True,-224.64691162109375,20.344741821289062,0.4920763075351715,0.05605164170265198,2.5630807876586914,2.471414804458618,0.0,16500,16500,16000,16500,4105691,4181174,4241433,3983702,78,61,57,60,11.216338600032032
p0_uniform,65750,64750,65750,65750,WO,0.5076521549483749,False,-229.4130859375,10.354460716247559,0.10193473100662231,0.057009074836969376,2.2398035526275635,2.4620273113250732,0.0,16500,16500,16250,16500,4121698,4197498,4257106,3999698,71,73,49,63,13.121627700515091
p0_uniform,66000,65000,66000,66000,WO,0.455594130638161,False,-222.332275390625,15.504938125610352,1.7582141160964966,0.057042546570301056,2.4606566429138184,2.441394805908203,0.0,16500,16500,16500,16500,4137838,4213489,4272902,4015771,48,82,61,65,15.037449000403285
p0_uniform,66250,65250,66250,66250,DC,10.0,True,-197.23977661132812,16.694120407104492,0.16247254610061646,0.056270815432071686,2.6552577018737793,2.4712846279144287,0.0,16500,16750,16500,16500,4153843,4229539,4288716,4031902,61,68,62,65,17.009677399881184
p0_uniform,66500,65500,66500,66500,DC,10.0,True,-204.73092651367188,16.17034912109375,-0.7683003544807434,0.056405406445264816,2.6766233444213867,2.257007360458374,0.0,16500,17000,16500,16500,4169657,4245782,4304788,4047773,67,58,66,65,18.9591682003811
p0_uniform,66750,65750,66750,66750,WO,0.44953099459861656,False,-222.96780395507812,17.935352325439453,1.6148279905319214,0.05884639918804169,2.5099732875823975,2.5775017738342285,0.0,16500,17000,16750,16500,4185237,4262293,4320867,4063603,65,73,55,63,20.956269300542772
p0_uniform,67000,66000,67000,67000,WO,0.4725250047247197,False,-216.28941345214844,10.02412223815918,-0.4360469579696655,0.0618458166718483,2.0222954750061035,2.026472568511963,0.0,16500,17000,17000,16500,4201164,4278656,4336880,4079300,80,46,61,69,22.953507600352168
p0_uniform,67250,66250,67250,67250,WC,6.30190713588804,True,-179.21978759765625,8.692697525024414,1.0446137189865112,0.06417521834373474,2.105369806289673,2.1311938762664795,0.0,16500,17000,17000,16750,4217003,4294687,4353202,4095108,66,60,71,59,24.981901600025594
p0_uniform,67500,66500,67500,67500,WC,6.411342880719583,True,-200.8759765625,12.582656860351562,0.6110230088233948,0.06549526751041412,2.8428025245666504,2.261413335800171,0.0,16500,17000,17000,17000,4232602,4310721,4369340,4111337,59,57,64,76,27.003056099638343
p0_uniform,67750,66750,67750,67750,DO,4.540936013476687,False,-195.34564208984375,6.806535243988037,-0.5091053247451782,0.06582443416118622,1.8142409324645996,1.8043396472930908,0.0,16750,17000,17000,17000,4248248,4326837,4385402,4127513,59,70,75,52,29.07327160052955
p0_uniform,68000,67000,68000,68000,DO,3.975513987442565,False,-213.9586639404297,12.977775573730469,-0.7465635538101196,0.06651970744132996,2.1504173278808594,2.224738836288452,0.0,17000,17000,17000,17000,4264175,4342752,4401467,4143606,57,59,75,65,31.048436099663377
p0_uniform,68250,67250,68250,68250,WO,0.5226487514605817,False,-195.26080322265625,8.988980293273926,1.291156530380249,0.06709816306829453,2.0615503787994385,1.8533110618591309,0.0,17000,17000,17250,17000,4280048,4358630,4417663,4159659,63,61,63,69,2.143993099220097
p0_uniform,68500,67500,68500,68500,WO,0.49997804494095516,False,-208.99488830566406,10.168816566467285,0.054568976163864136,0.0693012923002243,1.9459307193756104,1.9249842166900635,0.0,17000,17000,17500,17000,4295877,4374625,4433968,4175530,52,66,62,76,4.072727599181235
p0_uniform,68750,67750,68750,68750,DO,4.404714879761302,False,-229.7820587158203,11.496227264404297,-0.04143523424863815,0.06777764856815338,2.1665823459625244,2.219773292541504,0.0,17250,17000,17500,17000,4311840,4390522,4450190,4191448,66,66,56,68,6.192094899713993
p0_uniform,69000,68000,69000,69000,DO,4.965922021050458,False,-210.1099090576172,7.054523944854736,-0.2701047658920288,0.06814627349376678,1.7844226360321045,1.836010217666626,0.0,17500,17000,17500,17000,4328122,4406345,4466158,4207375,78,57,67,54,8.199610899202526
p0_uniform,69250,68250,69250,69250,DO,5.096687747562292,False,-228.49526977539062,12.234148025512695,-1.181207537651062,0.06849703937768936,2.2456350326538086,2.1266260147094727,0.0,17750,17000,17500,17000,4344441,4422109,4482446,4223004,60,65,62,69,10.336302399635315
p0_uniform,69500,68500,69500,69500,DO,3.585669509034407,False,-201.47608947753906,9.616376876831055,0.21580870449543,0.0698942318558693,2.3373515605926514,1.8714414834976196,0.0,18000,17000,17500,17000,4360671,4437799,4498642,4238888,68,43,72,73,12.432238100096583
p0_uniform,69750,68750,69750,69750,WO,0.3195198225005014,False,-244.7523956298828,14.744731903076172,1.6249574422836304,0.0703849047422409,2.3098831176757812,2.3149220943450928,0.0,18000,17000,17750,17000,4377262,4453430,4514866,4254442,64,73,60,59,14.604312099516392
p0_uniform,70000,69000,70000,70000,WO,0.3710609612722239,False,-232.695556640625,14.472484588623047,-0.4598861336708069,0.07063400745391846,2.353242874145508,2.278860569000244,0.0,18000,17000,18000,17000,4393697,4468976,4531236,4270091,74,66,67,49,16.7021359000355
p0_uniform,70250,69250,70250,70250,DC,10.0,True,-232.695556640625,10.156108856201172,1.2349086999893188,0.07214977592229843,2.029637336730957,2.1612353324890137,0.0,18000,17250,18000,17000,4409888,4484784,4547663,4285665,65,73,65,53,18.772483599372208
p0_uniform,70500,69500,70500,70500,DC,10.0,True,-210.49368286132812,15.578163146972656,-1.5718884468078613,0.0712239220738411,2.4910032749176025,2.491307020187378,0.0,18000,17500,18000,17000,4426376,4500574,4564094,4300956,58,66,65,67,20.7030568998307
p0_uniform,70750,69750,70750,70750,WC,2.1431959451321028,False,-253.46185302734375,9.85837173461914,-0.2519831955432892,0.07038821280002594,2.0656471252441406,2.0912842750549316,0.0,18000,17500,18000,17250,4442596,4516644,4580388,4316372,81,59,53,63,22.685412099584937
p0_uniform,71000,70000,71000,71000,WC,2.099303098603022,False,-209.88931274414062,13.079551696777344,0.8067412972450256,0.0678500160574913,2.012753486633301,2.352199077606201,0.0,18000,17500,18000,17500,4458847,4532117,4596964,4332072,57,56,73,70,24.634732499718666
p0_uniform,71250,70250,71250,71250,WC,7.279778413066046,False,-252.2178955078125,11.099193572998047,-0.755395770072937,0.06627702713012695,2.225403308868408,2.276510715484619,0.0,18000,17500,18000,17750,4475144,4547865,4613332,4347659,53,64,61,78,26.56238539982587
p0_uniform,71500,70500,71500,71500,WC,7.2478238176431855,False,-247.8042449951172,12.562381744384766,0.2616161108016968,0.0675930306315422,2.237215757369995,2.4715137481689453,0.0,18000,17500,18000,18000,4491244,4563635,4629508,4363613,60,64,65,67,28.494744000025094
p0_uniform,71750,70750,71750,71750,DC,10.0,True,-235.65277099609375,10.703420639038086,-0.17746728658676147,0.06853261590003967,2.2805399894714355,2.1488165855407715,0.0,18000,17750,18000,18000,4507350,4579507,4645487,4379656,86,57,61,52,30.475732199847698
p0_uniform,72000,71000,72000,72000,DC,10.0,True,-231.86785888671875,23.520601272583008,-0.7320848703384399,0.0683518499135971,2.3998327255249023,2.3197333812713623,0.0,18000,18000,18000,18000,4523273,4595535,4661364,4395828,65,60,66,65,32.41501459944993
p0_uniform,72250,71250,72250,72250,DC,10.0,True,-242.91195678710938,20.756202697753906,-1.6059677600860596,0.06840397417545319,2.5718910694122314,2.323303699493408,0.0,18000,18250,18000,18000,4539257,4611563,4677384,4411796,60,61,60,75,1.9239948000758886
p0_uniform,72500,71500,72500,72500,DC,10.0,True,-247.69247436523438,12.843103408813477,0.16039538383483887,0.06940556317567825,2.3616557121276855,2.1941919326782227,0.0,18000,18500,18000,18000,4555293,4627914,4693224,4427569,66,66,71,53,3.8400232000276446
p0_uniform,72750,71750,72750,72750,DO,5.149232150483663,False,-231.7088623046875,9.074392318725586,0.5200254321098328,0.07080821692943573,2.1332685947418213,2.053391456604004,0.0,18250,18500,18000,18000,4571241,4644444,4708940,4443375,63,66,65,62,5.754727900028229
p0_uniform,73000,72000,73000,73000,DO,5.135128462332176,False,-243.9176788330078,14.383157730102539,1.6923351287841797,0.07151851058006287,2.464564323425293,2.2313907146453857,0.0,18500,18500,18000,18000,4587443,4660719,4724537,4459301,70,66,47,73,7.6721771992743015
p0_uniform,73250,72250,73250,73250,WC,0.9613465019959913,False,-252.44094848632812,13.370155334472656,-0.18424242734909058,0.0710279569029808,2.3653087615966797,2.089049816131592,0.0,18500,18500,18000,18250,4603550,4676892,4740393,4475165,65,72,60,59,9.558027300052345
p0_uniform,73500,72500,73500,73500,WC,0.9565703658623006,False,-257.7611083984375,12.354578971862793,-0.5742374658584595,0.07289794832468033,2.0682382583618164,2.116152048110962,0.0,18500,18500,18000,18500,4619623,4693100,4755998,4491279,84,48,55,69,11.471867700107396
p0_uniform,73750,72750,73750,73750,DO,1.2499414596887677,False,-242.12875366210938,18.289207458496094,-1.305150032043457,0.07362491637468338,3.117586612701416,2.5967395305633545,0.0,18750,18500,18000,18500,4635835,4709056,4771637,4507472,55,60,73,68,13.479655900038779
p0_uniform,74000,73000,74000,74000,DO,2.803633409417113,False,-256.2387390136719,9.535202026367188,0.150353342294693,0.07423654943704605,1.9676369428634644,1.9760537147521973,0.0,19000,18500,18000,18500,4652092,4724896,4787213,4523799,47,77,64,68,15.369481399655342
p0_uniform,74250,73250,74250,74250,DC,6.768177863847572e-37,False,-260.3480224609375,20.344970703125,-0.7113317847251892,0.07393106818199158,2.4434261322021484,2.422977924346924,0.0,19000,18750,18000,18500,4668414,4741050,4802835,4539701,70,65,64,57,17.37910859938711
p0_uniform,74500,73500,74500,74500,DC,0.0,False,-251.17578125,38.85307693481445,0.30127036571502686,0.07758398354053497,2.581416606903076,2.443859577178955,0.0,19000,19000,18000,18500,4684625,4757527,4818289,4555559,69,68,60,59,19.279362899251282
p0_uniform,74750,73750,74750,74750,WO,0.38745326292532645,False,-228.30419921875,9.731277465820312,0.3663589060306549,0.08058629184961319,1.974784016609192,1.9734249114990234,0.0,19000,19000,18250,18500,4700889,4773871,4833771,4571469,61,59,75,61,21.235389200039208
p0_uniform,75000,74000,75000,75000,WO,0.41287046963397805,False,-237.67742919921875,10.78223991394043,1.0013477802276611,0.0794118270277977,2.1536755561828613,2.4119811058044434,0.0,19000,19000,18500,18500,4717149,4790089,4849488,4587274,69,62,58,67,23.119527500122786
p0_uniform,75250,74250,75250,75250,WC,2.227728006540003,True,-264.234619140625,18.23944854736328,-1.4415969848632812,0.08013620227575302,2.6755082607269287,2.980447769165039,0.0,19000,19000,18500,18750,4733253,4806339,4865223,4603185,69,53,61,73,25.156935699284077
p0_uniform,75500,74500,75500,75500,WC,2.397239724657956,True,-244.62484741210938,10.048110961914062,-0.3460322916507721,0.08179748058319092,2.2172045707702637,2.0301105976104736,0.0,19000,19000,18500,19000,4749199,4822540,4881014,4619247,65,68,65,58,27.15812059957534
p0_uniform,75750,74750,75750,75750,WO,0.6229193927894059,False,-233.77859497070312,11.619488716125488,-1.0510458946228027,0.08342881500720978,2.4205398559570312,2.2300236225128174,0.0,19000,19000,18750,19000,4765239,4838552,4896758,4635451,66,54,72,64,29.104418199509382
p0_uniform,76000,75000,76000,76000,WO,0.7837962120130909,False,-246.82904052734375,10.528571128845215,0.7573205232620239,0.08004609495401382,2.154745578765869,2.2252116203308105,0.0,19000,19000,19000,19000,4781067,4854541,4912834,4651558,66,64,62,64,31.03565469942987
p0_uniform,76250,75250,76250,76250,DO,4.986354566248499,False,-267.1578369140625,14.115333557128906,-0.3236873745918274,0.08011024445295334,2.6433093547821045,2.482811450958252,0.0,19250,19000,19000,19000,4797046,4870464,4929014,4667476,55,70,65,66,1.9641964994370937
p0_uniform,76500,75500,76500,76500,DO,2.381146947135096,False,-254.08544921875,29.18328857421875,1.6078230142593384,0.08140619099140167,3.2998008728027344,3.006005048751831,0.0,19500,19000,19000,19000,4813417,4886220,4944953,4683410,57,74,70,55,3.8658521994948387
p0_uniform,76750,75750,76750,76750,WO,0.5356393079782529,False,-237.2367401123047,12.414834022521973,-1.358871579170227,0.08129775524139404,2.5209543704986572,2.3446602821350098,0.0,19500,19000,19250,19000,4829682,4902132,4960815,4699371,75,55,69,57,5.770521299913526
p0_uniform,77000,76000,77000,77000,WO,0.544278419116089,False,-249.2095947265625,14.03364086151123,-0.7022385001182556,0.08371112495660782,2.312297821044922,2.2927160263061523,0.0,19500,19000,19500,19000,4845827,4918085,4976940,4715148,66,53,61,76,7.728465000167489
p0_uniform,77250,76250,77250,77250,DC,10.0,True,-275.9568176269531,19.867998123168945,-0.8652199506759644,0.08342140913009644,2.778183937072754,2.3575611114501953,0.0,19500,19250,19500,19000,4862075,4933872,4993188,4730865,67,61,72,56,9.682383299805224
p0_uniform,77500,76500,77500,77500,DC,10.0,True,-247.05239868164062,16.23845100402832,-0.25764352083206177,0.08177690953016281,2.6889500617980957,2.361574411392212,0.0,19500,19500,19500,19000,4878432,4949840,5009197,4746531,49,72,69,66,11.605117099359632
p0_uniform,77750,76750,77750,77750,WC,1.4614591085369477,False,-254.19100952148438,18.201047897338867,0.6670182347297668,0.08213689923286438,3.406893491744995,2.744626998901367,0.0,19500,19500,19500,19250,4894688,4965972,5025057,4762283,74,53,64,65,13.527496700175107
p0_uniform,78000,77000,78000,78000,WC,8.06667510278148,False,-248.29505920410156,53.25859069824219,1.0155972242355347,0.08248863369226456,2.811030864715576,2.619170665740967,0.0,19500,19500,19500,19500,4910713,4982228,5040944,4778115,69,54,65,68,15.368523399345577
p0_uniform,78250,77250,78250,78250,DC,10.0,True,-276.81396484375,14.584528923034668,-0.6843072175979614,0.08122238516807556,2.9310789108276367,2.387173652648926,0.0,19500,19750,19500,19500,4926556,4998378,5056855,4794211,65,69,59,63,17.32439459953457
p0_uniform,78500,77500,78500,78500,DC,10.0,True,-242.9361572265625,12.285505294799805,-0.9625848531723022,0.07856281101703644,2.3518805503845215,2.2366652488708496,0.0,19500,20000,19500,19500,4942607,5014467,5072786,4810140,79,50,73,54,19.2324845995754
p0_uniform,78750,77750,78750,78750,DO,2.383285957488633,False,-256.45709228515625,10.032026290893555,1.6685850620269775,0.07655776292085648,2.4060912132263184,2.1237032413482666,0.0,19750,20000,19500,19500,4958603,5030767,5088667,4825963,73,60,41,82,21.103616999462247
p0_uniform,79000,78000,79000,79000,DO,3.194102398974529,False,-271.9433898925781,17.457231521606445,-0.28788578510284424,0.07657437026500702,2.688864231109619,2.424376964569092,0.0,20000,20000,19500,19500,4974634,5046951,5104394,4842021,57,64,71,64,22.919444699771702
p0_uniform,79250,78250,79250,79250,WC,0.9048651689848408,False,-292.33551025390625,24.232419967651367,0.9072992205619812,0.0767584964632988,3.495065212249756,3.502163887023926,0.0,20000,20000,19500,19750,4990811,5063356,5119988,4857845,59,72,62,63,24.805132599547505
p0_uniform,79500,78500,79500,79500,WC,0.9016168314481399,False,-249.61936950683594,11.08847427368164,-0.6782703399658203,0.07849052548408508,2.247474193572998,2.0337297916412354,0.0,20000,20000,19500,20000,5006924,5079648,5135715,4873713,57,66,73,60,26.65814960002899
p0_uniform,79750,78750,79750,79750,WO,0.31275833467011116,False,-271.28912353515625,11.088278770446777,-0.38691604137420654,0.07754826545715332,2.2259435653686523,2.2832252979278564,0.0,20000,20000,19750,20000,5023059,5095865,5151350,4889726,66,66,64,60,28.498066499829292
p0_uniform,80000,79000,80000,80000,WO,0.5354006667693455,False,-267.5987548828125,13.000073432922363,1.7476179599761963,0.07786314189434052,2.511833667755127,2.1332852840423584,0.0,20000,20000,20000,20000,5039065,5111845,5167418,4905672,69,62,59,66,30.35029749944806
p0_uniform,80250,79250,80250,80250,WO,0.5388324320517769,False,-252.26544189453125,15.964337348937988,-0.604342520236969,0.07836886495351791,2.4901676177978516,2.1582841873168945,0.0,20000,20000,20250,20000,5054913,5127826,5183702,4921559,64,54,64,74,1.8775915997102857
p0_uniform,80500,79500,80500,80500,WO,0.5302603901721252,False,-264.48126220703125,13.429548263549805,0.7375308275222778,0.07813848555088043,2.201920986175537,2.251112461090088,0.0,20000,20000,20500,20000,5070835,5143772,5199909,4937484,64,65,69,58,3.7497650999575853
p0_uniform,80750,79750,80750,80750,DO,4.782904455626192,False,-293.43646240234375,10.669062614440918,-1.988731861114502,0.0784233883023262,2.2613964080810547,2.0204758644104004,0.0,20250,20000,20500,20000,5087018,5159714,5216023,4953245,68,56,65,67,5.590909699909389
p0_uniform,81000,80000,81000,81000,DO,6.429639664181651,False,-269.95379638671875,6.374815940856934,-0.38503357768058777,0.07860498130321503,1.7453662157058716,1.876173734664917,0.0,20500,20000,20500,20000,5103267,5175568,5232091,4969074,73,45,61,77,7.418402099981904
p0_uniform,81250,80250,81250,81250,DC,10.0,True,-281.6318359375,15.014579772949219,-0.49721208214759827,0.07954253256320953,2.488187313079834,2.3159589767456055,0.0,20500,20250,20500,20000,5119489,5191577,5248140,4984794,69,58,66,63,9.338945900090039
p0_uniform,81500,80500,81500,81500,DC,10.0,True,-274.0025634765625,15.879841804504395,0.3705456852912903,0.07916560769081116,2.47318172454834,2.575284719467163,0.0,20500,20500,20500,20000,5135504,5207533,5264307,5000656,61,68,73,54,11.192791500128806
p0_uniform,81750,80750,81750,81750,DC,10.0,True,-271.92523193359375,12.285330772399902,0.008895009756088257,0.0802774578332901,2.3501524925231934,2.237696647644043,0.0,20500,20750,20500,20000,5151680,5223847,5280349,5016124,70,60,61,65,13.059595700353384
p0_uniform,82000,81000,82000,82000,DC,10.0,True,-275.72320556640625,14.110469818115234,0.9175072908401489,0.07906486093997955,2.1812632083892822,2.4828126430511475,0.0,20500,21000,20500,20000,5167660,5240150,5296490,5031700,68,60,60,68,15.094260199926794
p0_uniform,82250,81250,82250,82250,DO,1.5858311833309386,False,-268.54791259765625,9.150491714477539,-0.6257504820823669,0.08061844855546951,2.050750970840454,1.9751739501953125,0.0,20750,21000,20500,20000,5183539,5256482,5312568,5047411,53,63,73,67,17.3572931997478
p0_uniform,82500,81500,82500,82500,DO,3.813313147994109,False,-271.3619384765625,15.697513580322266,0.2108553797006607,0.08005139976739883,2.3307485580444336,3.0362133979797363,0.0,21000,21000,20500,20000,5199675,5272799,5328612,5062914,58,67,70,61,19.56932959984988
p0_uniform,82750,81750,82750,82750,WC,6.2013522259077005,False,-282.6168212890625,8.687926292419434,-1.104156255722046,0.07999921590089798,2.333357810974121,1.862950086593628,0.0,21000,21000,20500,20250,5215907,5289034,5344483,5078576,71,60,71,54,21.88537590019405
p0_uniform,83000,82000,83000,83000,WC,6.274780338477132,False,-282.7613220214844,13.106245040893555,0.13712045550346375,0.07906541973352432,2.440619945526123,2.3426270484924316,0.0,21000,21000,20500,20500,5232008,5305327,5360465,5094200,55,70,64,67,24.156953499652445
p0_uniform,83250,82250,83250,83250,WC,6.711985677170061,True,-296.7259521484375,15.547398567199707,1.9213271141052246,0.07960836589336395,2.495122194290161,2.483607292175293,0.0,21000,21000,20500,20750,5248224,5321387,5376348,5110041,57,71,60,68,26.4423807002604
p0_uniform,83500,82500,83500,83500,WC,6.4500648677401955,True,-314.0433654785156,12.435812950134277,-1.2585744857788086,0.07905866205692291,2.4340901374816895,2.5411365032196045,0.0,21000,21000,20500,21000,5264422,5337327,5392087,5126164,55,65,60,76,28.70033839996904
p0_uniform,83750,82750,83750,83750,WO,0.4267069044698662,False,-293.194580078125,12.71499252319336,-0.24686947464942932,0.0779818743467331,2.3451035022735596,2.343749523162842,0.0,21000,21000,20750,21000,5280674,5353351,5407681,5142294,74,60,57,65,30.844112900085747
p0_uniform,84000,83000,84000,84000,WO,0.3130206654010702,False,-287.51434326171875,13.108858108520508,0.729705810546875,0.08174525201320648,2.7088260650634766,2.343738555908203,0.0,21000,21000,21000,21000,5296628,5369419,5423755,5158198,72,57,63,64,33.12580200005323
p0_uniform,84250,83250,84250,84250,WC,1.5445119314615219,False,-288.0466003417969,20.490385055541992,1.017011046409607,0.08184691518545151,2.8241114616394043,2.58504581451416,0.0,21000,21000,21000,21250,5312679,5385328,5439702,5174291,59,68,61,68,2.1345001002773643
p0_uniform,84500,83500,84500,84500,WC,6.513832640775244,False,-295.2200012207031,17.636066436767578,-0.40619945526123047,0.08135341852903366,2.5086333751678467,2.3360347747802734,0.0,21000,21000,21000,21500,5328620,5401222,5455780,5190378,54,59,64,79,4.31141500081867
p0_uniform,84750,83750,84750,84750,DC,10.0,True,-264.1771240234375,16.465147018432617,-0.7204144597053528,0.0835144892334938,2.915036916732788,2.291471004486084,0.0,21000,21250,21000,21500,5344378,5417382,5471559,5206681,69,56,66,65,6.578406900167465
p0_uniform,85000,84000,85000,85000,DC,10.0,True,-288.048583984375,16.067554473876953,-0.6260215640068054,0.08548105508089066,2.331378221511841,2.470419406890869,0.0,21000,21500,21000,21500,5360243,5433358,5487416,5222983,61,65,73,57,8.790265700779855
p0_uniform,85250,84250,85250,85250,WO,0.5651859635140253,False,-291.7099609375,16.496721267700195,-0.9520947933197021,0.08827586472034454,2.54561185836792,2.485220432281494,0.0,21000,21500,21250,21500,5376072,5449370,5503393,5239165,53,72,68,63,10.979191800579429
p0_uniform,85500,84500,85500,85500,WO,0.5503767822541932,False,-287.9028015136719,11.251723289489746,0.6626368761062622,0.0895729586482048,2.4239156246185303,2.219486713409424,0.0,21000,21500,21500,21500,5391855,5465286,5519558,5255301,56,62,75,63,12.887655400671065
p0_uniform,85750,84750,85750,85750,WO,0.4676967716879821,False,-267.32611083984375,32.182456970214844,-0.2724118232727051,0.08976442366838455,2.974609851837158,2.8518929481506348,0.0,21000,21500,21750,21500,5407538,5481425,5535685,5271352,67,52,65,72,14.81846070010215
p0_uniform,86000,85000,86000,86000,WO,0.45576336188028366,False,-260.707763671875,18.310516357421875,-1.3890177011489868,0.08816272765398026,2.7951159477233887,2.7433695793151855,0.0,21000,21500,22000,21500,5423359,5497454,5551986,5287201,47,60,78,71,16.727363100275397
p0_uniform,86250,85250,86250,86250,DO,4.6003356415845955,False,-270.637939453125,16.476131439208984,0.6157587170600891,0.08646917343139648,2.549799919128418,2.525691032409668,0.0,21250,21500,22000,21500,5438820,5513603,5568409,5303168,71,57,68,60,18.67628990020603
p0_uniform,86500,85500,86500,86500,DO,5.1696117941762445,False,-300.9662170410156,14.049186706542969,1.1687301397323608,0.08510430157184601,2.586695909500122,2.428825855255127,0.0,21500,21500,22000,21500,5454588,5529445,5584792,5319175,77,59,58,62,20.58836890012026
p0_uniform,86750,85750,86750,86750,WC,0.9359695899489741,False,-284.99578857421875,25.54606056213379,-0.6019834280014038,0.08662713319063187,2.8850669860839844,2.754507541656494,0.0,21500,21500,22000,21750,5470347,5545399,5601225,5335029,76,59,61,60,22.561465800739825
p0_uniform,87000,86000,87000,87000,WC,5.7204235059058295,True,-289.60882568359375,52.5499267578125,0.41676032543182373,0.08556722849607468,3.3498241901397705,3.3372836112976074,0.0,21500,21500,22000,22000,5486158,5561179,5617576,5351087,61,69,56,70,24.620012900792062
p0_uniform,87250,86250,87250,87250,DC,10.0,True,-300.62969970703125,21.60470199584961,0.5512704849243164,0.08598818629980087,2.9204792976379395,2.5394649505615234,0.0,21500,21750,22000,22000,5501932,5577127,5633735,5367206,52,76,70,58,26.750470300205052
p0_uniform,87500,86500,87500,87500,DC,10.0,True,-309.104736328125,15.899290084838867,-0.26213476061820984,0.08701726794242859,2.5350475311279297,2.276240348815918,0.0,21500,22000,22000,22000,5517573,5593171,5649941,5383315,65,62,60,69,28.785943200811744
p0_uniform,87750,86750,87750,87750,DO,3.611468810949139,False,-287.1534423828125,38.56481170654297,0.33504626154899597,0.08795391768217087,2.714437246322632,2.963770866394043,0.0,21750,22000,22000,22000,5533333,5609492,5665919,5399256,59,61,74,62,30.94211420044303
p0_uniform,88000,87000,88000,88000,DO,3.682725157710255,False,-308.99322509765625,12.784990310668945,-2.174185276031494,0.08657532930374146,2.4176478385925293,2.6406993865966797,0.0,22000,22000,22000,22000,5549324,5625598,5681883,5415195,78,54,59,65,33.21949260029942
p0_uniform,88250,87250,88250,88250,WO,0.42231272298118705,False,-316.7462463378906,23.61893081665039,-0.20361164212226868,0.08600391447544098,3.223994016647339,2.716116189956665,0.0,22000,22000,22250,22000,5565271,5641498,5698155,5431076,61,74,69,52,2.0713940002024174
p0_uniform,88500,87500,88500,88500,WO,0.49429738605632034,False,-288.9164123535156,12.392965316772461,-1.0173436403274536,0.08742886781692505,2.2213897705078125,2.482637882232666,0.0,22000,22000,22500,22000,5581165,5657517,5714299,5447019,71,60,71,54,4.13895389996469
p0_uniform,88750,87750,88750,88750,DO,3.098315463312219,False,-282.18182373046875,15.808334350585938,1.4643974304199219,0.0864192396402359,2.5408854484558105,2.358170509338379,0.0,22250,22000,22500,22000,5597180,5673437,5730546,5462837,60,66,70,60,6.254084000363946
p0_uniform,89000,88000,89000,89000,DO,2.800059278055058,False,-289.91461181640625,11.310108184814453,-0.8577994704246521,0.08603322505950928,2.2969326972961426,2.2646682262420654,0.0,22500,22000,22500,22000,5613380,5689286,5746500,5478834,68,55,72,61,8.225353700108826
p0_uniform,89250,88250,89250,89250,DC,10.0,True,-317.8231201171875,16.753948211669922,-0.029174670577049255,0.08581572026014328,2.8525590896606445,2.592784881591797,0.0,22500,22250,22500,22000,5629403,5705272,5762655,5494670,68,68,57,63,10.398543000221252
p0_uniform,89500,88500,89500,89500,DC,0.6276705265045166,False,-299.87957763671875,10.678322792053223,-0.45773598551750183,0.08672250062227249,2.355806350708008,2.137636184692383,0.0,22500,22500,22500,22000,5645797,5721207,5778615,5510381,71,57,64,64,12.546562800183892
p0_uniform,89750,88750,89750,89750,WC,6.46000571082022,False,-310.82977294921875,18.672033309936523,1.1241679191589355,0.08706963807344437,2.8856968879699707,2.66064453125,0.0,22500,22500,22500,22250,5661894,5737127,5794646,5526333,60,69,58,69,14.617640200071037
p0_uniform,90000,89000,90000,90000,WC,6.946772116949605,False,-304.2772216796875,22.265174865722656,-0.49072280526161194,0.08711754530668259,2.741560459136963,2.59706711769104,0.0,22500,22500,22500,22500,5677790,5753238,5810674,5542298,67,66,56,67,16.653910499997437
p0_uniform,90250,89250,90250,90250,WC,6.38878907146919,True,-280.9220886230469,9.219554901123047,-1.6125378608703613,0.08645831048488617,2.1510839462280273,1.9975087642669678,0.0,22500,22500,22500,22750,5693966,5769060,5826680,5558294,65,49,69,73,18.774802499450743
p0_uniform,90500,89500,90500,90500,WC,6.533519883884493,True,-288.56146240234375,15.562140464782715,0.10798366367816925,0.08882568776607513,2.461338996887207,2.455307722091675,0.0,22500,22500,22500,23000,5709784,5784966,5842716,5574534,66,59,65,66,20.82881429977715
p0_uniform,90750,89750,90750,90750,DC,10.0,True,-321.85052490234375,11.455589294433594,-0.3652220368385315,0.089271679520607,2.2097835540771484,2.3153789043426514,0.0,22500,22750,22500,23000,5725543,5801126,5858623,5590708,59,72,58,67,22.976335300132632
p0_uniform,91000,90000,91000,91000,DC,10.0,True,-297.000732421875,19.631744384765625,0.07788273692131042,0.08809506893157959,2.955536127090454,2.9095869064331055,0.0,22500,23000,22500,23000,5741429,5817134,5874494,5606943,67,65,61,63,25.135579399764538
p0_uniform,91250,90250,91250,91250,WO,0.4125995726883113,False,-320.4158020019531,14.692896842956543,0.08859527856111526,0.08804003894329071,2.5347514152526855,2.514284133911133,0.0,22500,23000,22750,23000,5757147,5833254,5890274,5623325,69,64,62,61,27.214693799614906
p0_uniform,91500,90500,91500,91500,WO,0.45192626806585284,False,-326.69915771484375,34.43345260620117,0.8559517860412598,0.0887795090675354,3.106475353240967,2.7334628105163574,0.0,22500,23000,23000,23000,5772892,5849399,5906234,5639475,71,63,58,64,29.16818210016936
p0_uniform,91750,90750,91750,91750,DO,5.019906285193059,False,-329.28033447265625,25.73101043701172,-0.3416995406150818,0.08783964067697525,2.735607385635376,2.646714448928833,0.0,22750,23000,23000,23000,5788964,5865351,5922191,5655494,68,61,57,70,31.191033099777997
p0_uniform,92000,91000,92000,92000,DO,4.716436162959329,False,-279.8714599609375,11.112083435058594,-0.2105291485786438,0.08561485260725021,2.257833480834961,2.419050455093384,0.0,23000,23000,23000,23000,5805028,5881209,5938306,5671457,81,59,60,56,33.11008960008621
p0_uniform,92250,91250,92250,92250,WC,5.0544844022863415,False,-305.78045654296875,24.449949264526367,-0.17499315738677979,0.08628152310848236,3.1852307319641113,3.0710458755493164,0.0,23000,23000,23000,23250,5820801,5897219,5954378,5687602,59,72,69,56,1.9946824004873633
p0_uniform,92500,91500,92500,92500,WC,5.038055396868288,False,-332.32305908203125,70.24156951904297,0.12221044301986694,0.08722767978906631,2.6521525382995605,2.843353748321533,0.0,23000,23000,23000,23500,5836762,5913110,5970260,5703868,62,72,66,56,4.1846505999565125
p0_uniform,92750,91750,92750,92750,DO,5.413813797900301,False,-336.46673583984375,41.58134841918945,0.10549546778202057,0.08967561274766922,2.9092116355895996,2.701596975326538,0.0,23250,23000,23000,23500,5852649,5929193,5986129,5720029,62,70,62,62,6.010722800157964
p0_uniform,93000,92000,93000,93000,DO,4.822470753664109,False,-310.4999084472656,16.158475875854492,-0.6698760986328125,0.08850467950105667,2.53607439994812,2.499788284301758,0.0,23500,23000,23000,23500,5868781,5945041,6001966,5736212,56,62,65,73,7.800226099789143
p0_uniform,93250,92250,93250,93250,WC,3.820330582890285,False,-293.662841796875,14.073538780212402,-0.6975531578063965,0.08910408616065979,2.523951768875122,2.4749555587768555,0.0,23500,23000,23000,23750,5884978,5960719,6017689,5752614,65,51,72,68,9.69057060033083
p0_uniform,93500,92500,93500,93500,WC,3.810166029399069,False,-330.7349853515625,20.65017318725586,0.23857301473617554,0.09131669998168945,2.989663600921631,2.498896598815918,0.0,23500,23000,23000,24000,5901119,5976546,6033398,5768937,68,66,56,66,11.51882870029658
p0_uniform,93750,92750,93750,93750,DO,1.8039267357628566,False,-316.3905029296875,31.83979606628418,0.9059029817581177,0.09288951754570007,2.794410228729248,2.555103302001953,0.0,23750,23000,23000,24000,5917260,5992476,6048926,5785338,63,67,66,60,13.3186552003026
p0_uniform,94000,93000,94000,94000,DO,3.4714789936519255,False,-314.9547119140625,16.465373992919922,0.09140213578939438,0.09221173077821732,2.473477363586426,2.534905195236206,0.0,24000,23000,23000,24000,5933585,6008023,6064711,5801681,71,58,66,61,15.094726500101388
p0_uniform,94250,93250,94250,94250,WO,0.4756078960407037,False,-317.4677734375,13.607341766357422,-0.13303732872009277,0.09103138744831085,2.6077239513397217,2.5497078895568848,0.0,24000,23000,23250,24000,5950021,6023443,6080428,5818108,77,56,50,73,16.993318799883127
p0_uniform,94500,93500,94500,94500,WO,0.5235946268666403,False,-349.36187744140625,15.697456359863281,-0.2709078788757324,0.0920252650976181,2.510925531387329,2.342794179916382,0.0,24000,23000,23500,24000,5966202,6039065,6096293,5834440,51,73,63,69,18.912365900352597
p0_uniform,94750,93750,94750,94750,DC,10.0,True,-323.29925537109375,25.316505432128906,1.1610466241836548,0.09219154715538025,3.2472498416900635,2.992969512939453,0.0,24000,23250,23500,24000,5982559,6054532,6112171,5850738,58,72,67,59,20.840791700407863
p0_uniform,95000,94000,95000,95000,DC,10.0,True,-332.03448486328125,31.078128814697266,1.9742259979248047,0.09135676175355911,3.1005306243896484,3.0783605575561523,0.0,24000,23500,23500,24000,5998736,6070274,6128072,5866918,59,84,67,46,22.79314580000937
p0_uniform,95250,94250,95250,95250,DC,10.0,True,-321.77197265625,19.176498413085938,0.20011284947395325,0.09222967177629471,2.9631152153015137,2.9089932441711426,0.0,24000,23750,23500,24000,6014997,6086073,6143983,5882947,63,66,64,63,24.752757499925792
p0_uniform,95500,94500,95500,95500,DC,10.0,True,-306.09832763671875,23.54569435119629,-0.5508132576942444,0.09434525668621063,3.2969608306884766,3.0997748374938965,0.0,24000,24000,23500,24000,6031068,6102159,6159681,5899092,73,53,68,62,26.5953972004354
p0_uniform,95750,94750,95750,95750,WO,0.4757605267656888,False,-348.1484069824219,45.3044319152832,0.37785640358924866,0.09562312811613083,2.8414578437805176,2.6736323833465576,0.0,24000,24000,23750,24000,6047285,6117997,6175543,5915175,63,59,58,76,28.503945199772716
p0_uniform,96000,95000,96000,96000,WO,0.497381770606797,False,-315.01617431640625,18.904190063476562,2.0370030403137207,0.10239456593990326,2.9137659072875977,2.463865280151367,0.0,24000,24000,24000,24000,6063077,6134190,6191202,5931531,55,71,75,55,30.50049510039389
p0_uniform,96250,95250,96250,96250,WO,0.5122978170921233,False,-347.62591552734375,32.128456115722656,-0.12496357411146164,0.10366760939359665,2.8082642555236816,2.6562371253967285,0.0,24000,24000,24250,24000,6079030,6150201,6207223,5947546,76,66,53,61,1.9603127008304
p0_uniform,96500,95500,96500,96500,WO,0.5261629700794336,False,-328.3872985839844,28.013822555541992,0.4643924832344055,0.10477650910615921,3.4045021533966064,2.869943141937256,0.0,24000,24000,24500,24000,6094904,6166147,6223353,5963596,58,72,62,64,3.859483700245619
p0_uniform,96750,95750,96750,96750,DC,10.0,True,-333.1629943847656,18.370410919189453,-1.5363507270812988,0.1057090237736702,2.9303860664367676,3.253518581390381,0.0,24000,24250,24500,24000,6110623,6182406,6239614,5979357,63,66,68,59,6.1215436002239585
p0_uniform,97000,96000,97000,97000,DC,10.0,True,-326.4708251953125,23.278827667236328,-1.2892940044403076,0.10546045005321503,2.9702067375183105,3.196211576461792,0.0,24000,24500,24500,24000,6126595,6198498,6255806,5995101,61,62,69,64,8.289993700571358
p0_uniform,97250,96250,97250,97250,WO,0.602091840952662,False,-348.49737548828125,33.965972900390625,-0.5580733418464661,0.10513058304786682,3.277646780014038,3.3740830421447754,0.0,24000,24500,24750,24000,6142470,6214592,6271966,6010972,64,65,69,58,10.492828400805593
p0_uniform,97500,96500,97500,97500,WO,0.5632424553644584,False,-353.8301086425781,15.302286148071289,1.2339608669281006,0.10369895398616791,2.505061149597168,2.504499912261963,0.0,24000,24500,25000,24000,6158225,6230725,6288318,6026732,59,71,59,67,12.719193500466645
p0_uniform,97750,96750,97750,97750,DO,4.963867311433622,False,-303.0561828613281,18.265846252441406,-0.9371148943901062,0.10409407317638397,2.4702916145324707,2.370319128036499,0.0,24250,24500,25000,24000,6173967,6246680,6304668,6042685,74,48,63,71,15.006464000791311
p0_uniform,98000,97000,98000,98000,DO,5.251532036810884,False,-340.2290954589844,27.449562072753906,0.5294753313064575,0.10273125767707825,2.60927152633667,2.6448373794555664,0.0,24500,24500,25000,24000,6190049,6262663,6320857,6058431,70,69,61,56,17.27377670072019
p0_uniform,98250,97250,98250,98250,WC,0.7400600010969595,True,-352.72674560546875,22.228355407714844,-0.06340187788009644,0.10309144854545593,2.9147093296051025,3.7228097915649414,0.0,24500,24500,25000,24250,6205965,6278760,6337308,6073967,63,70,59,64,19.592060400173068
p0_uniform,98500,97500,98500,98500,WC,1.1358957860648986,True,-302.0115966796875,9.203343391418457,0.39737027883529663,0.10306289047002792,2.0399832725524902,2.1221776008605957,0.0,24500,24500,25000,24500,6221788,6294701,6353595,6089916,63,57,71,65,21.88645760063082
p0_uniform,98750,97750,98750,98750,DO,5.112292454613835,False,-317.5270690917969,21.350341796875,0.47890952229499817,0.10222727805376053,3.0359787940979004,2.7241063117980957,0.0,24750,24500,25000,24500,6237627,6310771,6369555,6106047,58,59,67,72,24.16666420083493
p0_uniform,99000,98000,99000,99000,DO,1.0875835025486886,False,-329.67950439453125,26.871442794799805,-0.5657368898391724,0.10017039626836777,2.8911590576171875,2.869593381881714,0.0,25000,24500,25000,24500,6253555,6326644,6385644,6122157,67,67,59,63,26.42782020010054
p0_uniform,99250,98250,99250,99250,WC,7.487677295238542,True,-317.9798583984375,21.32866859436035,-0.9534344673156738,0.0968518927693367,2.635835647583008,2.6213393211364746,0.0,25000,24500,25000,24750,6269720,6342501,6401841,6137938,62,60,72,62,28.737085700035095
p0_uniform,99500,98500,99500,99500,WC,7.282328513389997,True,-317.78485107421875,17.257537841796875,-0.9035534858703613,0.09462825953960419,2.905269145965576,2.3332302570343018,0.0,25000,24500,25000,25000,6285883,6358401,6417683,6154033,67,59,63,67,31.040779300034046
p0_uniform,99750,98750,99750,99750,DC,10.0,True,-342.974609375,19.195430755615234,-0.4103204011917114,0.09557951986789703,2.672520160675049,2.4157752990722656,0.0,25000,24750,25000,25000,6301976,6374139,6433815,6170070,77,58,64,57,33.391284100711346
p0_uniform,100000,99000,100000,0,DC,10.0,True,-343.22918701171875,31.986736297607422,0.8648552298545837,0.09744895249605179,3.067789077758789,2.795164108276367,0.0,25000,25000,25000,25000,6317741,6390080,6449953,6186226,62,68,66,60,35.66692600026727
p0_uniform,100250,99250,100000,250,DC,10.0,True,-344.42633056640625,17.916339874267578,-0.31896454095840454,0.09794174134731293,2.6335396766662598,2.5321767330169678,0.0,25000,25250,25000,25000,6333740,6406071,6465914,6202275,57,60,72,67,2.5007122000679374
p0_uniform,100500,99500,100000,500,DC,10.0,True,-345.92913818359375,19.26044464111328,0.43371063470840454,0.09888149052858353,3.099102735519409,2.698756694793701,0.0,25000,25500,25000,25000,6349781,6422254,6481864,6218101,63,67,61,65,4.7681342996656895
p0_uniform,100750,99750,100000,750,DC,10.0,True,-311.9913635253906,19.495643615722656,-0.5251463055610657,0.09762480109930038,2.6878809928894043,2.4998950958251953,0.0,25000,25750,25000,25000,6365690,6438353,6497758,6234199,69,55,72,60,7.039536999538541
p0_uniform,101000,100000,100000,1000,DC,10.0,True,-356.5716857910156,14.644554138183594,0.5761245489120483,0.09541893750429153,2.6029839515686035,2.5339269638061523,0.0,25000,26000,25000,25000,6381787,6454622,6513577,6250014,64,74,59,59,9.320085399784148
p0_uniform,101250,100250,100000,1250,WO,0.4491388027132883,False,-333.57281494140625,33.17137908935547,0.025842994451522827,0.09604743123054504,2.858593225479126,2.774820327758789,0.0,25000,26000,25250,25000,6397904,6470914,6529320,6265862,61,70,72,53,11.561430799774826
p0_uniform,101500,100500,100000,1500,WO,0.43053376180280845,False,-352.1300048828125,23.46930503845215,-0.0141763836145401,0.09574604034423828,3.096940517425537,2.704507350921631,0.0,25000,26000,25500,25000,6413895,6487234,6545134,6281737,65,67,62,62,13.763395199552178
p0_uniform,101750,100750,100000,1750,WC,0.9750377517045747,False,-365.576416015625,21.558910369873047,-0.6835782527923584,0.09493231028318405,2.916231632232666,2.522749423980713,0.0,25000,26000,25500,25250,6429891,6503570,6561017,6297522,59,67,61,69,16.127835399471223
p0_uniform,102000,101000,100000,2000,WC,0.9730313590567191,False,-325.64068603515625,41.29004669189453,-0.07890677452087402,0.0944262221455574,2.863586664199829,3.0315065383911133,0.0,25000,26000,25500,25500,6445739,6519829,6576986,6313446,72,63,70,51,18.48236269969493
p0_uniform,102250,101250,100000,2250,WO,0.5672598681007225,False,-348.018310546875,15.110170364379883,-0.8173278570175171,0.0915629118680954,2.465319871902466,2.3916542530059814,0.0,25000,26000,25750,25500,6461412,6536108,6592941,6329539,65,60,75,56,20.68918740004301
p0_uniform,102500,101500,100000,2500,WO,0.6043908198559049,False,-375.64898681640625,41.46204376220703,0.4283764362335205,0.09178279340267181,3.1955320835113525,3.2169389724731445,0.0,25000,26000,26000,25500,6476865,6552512,6608978,6345645,66,70,54,66,22.874914499931037
p0_uniform,102750,101750,100000,2750,DO,3.2812656218649976,False,-319.3510437011719,17.946603775024414,0.37928974628448486,0.09089291840791702,2.7177510261535645,2.6308865547180176,0.0,25250,26000,26000,25500,6492351,6568759,6625196,6361694,63,59,74,60,25.034036299213767
p0_uniform,103000,102000,100000,3000,DO,3.748421531878763,False,-349.7481994628906,30.980491638183594,-0.6146870851516724,0.09247676283121109,3.0242857933044434,2.9447240829467773,0.0,25500,26000,26000,25500,6508017,6585126,6641272,6377585,66,67,63,60,26.88675049971789
p0_uniform,103250,102250,100000,3250,DO,2.8414464967441146,False,-336.93463134765625,14.302000045776367,0.010289862751960754,0.09127442538738251,2.4863970279693604,2.5837602615356445,0.0,25750,26000,26000,25500,6523730,6601230,6657563,6393477,60,67,69,60,28.692421099171042
p0_uniform,103500,102500,100000,3500,DO,2.7731217090651668,False,-338.6248474121094,15.832002639770508,1.006044626235962,0.09063228964805603,2.621593952178955,2.868598461151123,0.0,26000,26000,26000,25500,6539742,6617180,6673642,6409436,62,65,61,68,30.478208099491894
p0_uniform,103750,102750,100000,3750,WC,0.9830829098049934,False,-311.16778564453125,12.000151634216309,-1.9814279079437256,0.08793772757053375,2.3805384635925293,2.309147834777832,0.0,26000,26000,26000,25750,6555631,6633104,6689809,6425456,62,52,77,65,32.29553459957242
p0_uniform,104000,103000,100000,4000,WC,0.9830803920428679,False,-332.0263671875,37.99346923828125,-1.0765331983566284,0.08624035120010376,3.089735984802246,3.567899465560913,0.0,26000,26000,26000,26000,6571572,6649051,6705978,6441399,69,58,64,65,34.11867019999772
p0_uniform,104250,103250,100000,4250,DC,10.0,True,-335.76104736328125,14.281402587890625,0.4355722665786743,0.08609693497419357,2.4929451942443848,2.6571481227874756,0.0,26000,26250,26000,26000,6587690,6664857,6721957,6457496,64,61,72,59,1.8074401002377272
p0_uniform,104500,103500,100000,4500,DC,10.0,True,-315.935791015625,12.906742095947266,-0.285031795501709,0.08699172735214233,2.269524097442627,2.350918769836426,0.0,26000,26500,26000,26000,6603713,6680783,6738047,6473457,61,57,67,71,3.60236749984324
p0_uniform,104750,103750,100000,4750,DO,2.9264481376904143,False,-352.59454345703125,64.17695617675781,-0.5712011456489563,0.08776453137397766,3.2173919677734375,3.3342337608337402,0.0,26250,26500,26000,26000,6619909,6696642,6754025,6489424,64,63,64,65,5.402999100275338
p0_uniform,105000,104000,100000,5000,DO,2.939050623642113,False,-363.7420654296875,18.755420684814453,-0.12109294533729553,0.08906888961791992,2.984067440032959,2.498190402984619,0.0,26500,26500,26000,26000,6635711,6712771,6770030,6505488,55,69,69,63,7.214227500371635
p0_uniform,105250,104250,100000,5250,DC,10.0,True,-355.21917724609375,21.84734344482422,-1.3464394807815552,0.08607567101716995,3.204862117767334,2.62733793258667,0.0,26500,26750,26000,26000,6651644,6729035,6785901,6521420,78,58,51,69,9.063810099847615
p0_uniform,105500,104500,100000,5500,DC,10.0,True,-369.1925354003906,22.610992431640625,0.5022019743919373,0.08441675454378128,2.8018035888671875,2.7465076446533203,0.0,26500,27000,26000,26000,6667649,6745338,6801555,6537458,64,72,52,68,10.882872099988163
p0_uniform,105750,104750,100000,5750,WC,0.447624350198649,False,-388.1905212402344,18.352214813232422,0.10042667388916016,0.08418329060077667,2.597989797592163,2.5784478187561035,0.0,26500,27000,26000,26250,6683549,6761577,6817288,6553586,62,70,57,67,12.665929900482297
p0_uniform,106000,105000,100000,6000,WC,0.19329874457328022,False,-342.2157897949219,15.858918190002441,-0.25426459312438965,0.08352985978126526,2.630366325378418,2.492978811264038,0.0,26500,27000,26000,26500,6699420,6777784,6833089,6569707,61,60,68,67,14.43342259991914
p0_uniform,106250,105250,100000,6250,WO,0.5939441419590433,False,-358.4959716796875,12.746528625488281,0.20188617706298828,0.08393287658691406,2.5784215927124023,2.4905152320861816,0.0,26500,27000,26250,26500,6715256,6794102,6848931,6585711,73,57,59,67,16.27435620035976
p0_uniform,106500,105500,100000,6500,WO,0.5728316134103238,False,-350.4154052734375,18.472463607788086,0.13204319775104523,0.08478908240795135,3.3397834300994873,2.631995677947998,0.0,26500,27000,26500,26500,6730932,6810112,6864834,6602122,62,61,69,64,18.067882200703025
p0_uniform,106750,105750,100000,6750,WO,0.4354415396155047,False,-378.4815673828125,12.943169593811035,0.3167502284049988,0.08624822646379471,2.4729514122009277,2.3180923461914062,0.0,26500,27000,26750,26500,6746553,6826111,6880864,6618472,62,67,57,70,19.898909100331366
p0_uniform,107000,106000,100000,7000,WO,0.43658452954510235,False,-365.2815246582031,32.15598678588867,2.197567939758301,0.08564102649688721,2.8462369441986084,2.7451939582824707,0.0,26500,27000,27000,26500,6762215,6841997,6896947,6634841,36,72,67,81,21.78159540053457
p0_uniform,107250,106250,100000,7250,WC,0.4722042135486603,False,-358.26763916015625,13.312662124633789,-1.5209100246429443,0.08515132963657379,2.4123125076293945,2.2714457511901855,0.0,26500,27000,27000,26750,6777964,6857868,6913014,6651154,57,59,68,72,24.038620700128376
p0_uniform,107500,106500,100000,7500,WC,0.004649212929065706,False,-355.4156494140625,58.88463592529297,-0.7686939239501953,0.08621156960725784,2.9694719314575195,3.148735761642456,0.0,26500,27000,27000,27000,6793610,6873827,6928979,6667584,58,66,72,60,26.240532900206745
p0_uniform,107750,106750,100000,7750,DO,4.299618072222515,False,-334.7330017089844,16.704036712646484,0.23606380820274353,0.08685938268899918,2.835137367248535,3.1109933853149414,0.0,26750,27000,27000,27000,6809404,6890007,6944678,6683911,69,56,75,56,28.50180650036782
p0_uniform,108000,107000,100000,8000,DO,2.8095964530437767,False,-370.81005859375,23.923219680786133,-1.3282432556152344,0.08875007182359695,3.003047466278076,3.064286231994629,0.0,27000,27000,27000,27000,6825437,6906097,6960367,6700099,66,62,58,70,30.7398812007159
p0_uniform,108250,107250,100000,8250,WC,0.9838239277057609,False,-352.8863525390625,10.801509857177734,1.0491780042648315,0.08818404376506805,2.4645681381225586,2.063558340072632,0.0,27000,27000,27000,27250,6841518,6922000,6976236,6716246,58,62,67,69,2.2400674000382423
p0_uniform,108500,107500,100000,8500,WC,6.472090369309175,False,-334.20367431640625,13.275556564331055,0.44709503650665283,0.08694814145565033,2.7786972522735596,2.4920759201049805,0.0,27000,27000,27000,27500,6857436,6937840,6992350,6732374,62,61,76,57,4.515239999629557
p0_uniform,108750,107750,100000,8750,WC,0.6307030412827231,False,-370.5779724121094,30.56450653076172,0.05008208751678467,0.0848713219165802,3.3578624725341797,3.1853833198547363,0.0,27000,27000,27000,27750,6873488,6953486,7008108,6748918,66,65,60,65,6.76548339985311
p0_uniform,109000,108000,100000,9000,WC,0.5353825240902353,False,-346.8898010253906,27.678346633911133,0.9721834659576416,0.08436132222414017,2.8473758697509766,2.7897822856903076,0.0,27000,27000,27000,28000,6889547,6969197,7023824,6765432,53,64,76,63,9.013186999596655
p0_uniform,109250,108250,100000,9250,DC,10.0,True,-348.2958984375,30.017616271972656,0.3641109764575958,0.08625762909650803,2.649721622467041,3.1321322917938232,0.0,27000,27250,27000,28000,6905363,6984977,7039432,6782228,48,71,66,71,11.288817499764264
p0_uniform,109500,108500,100000,9500,DC,10.0,True,-337.59033203125,26.487573623657227,-0.7825620174407959,0.0866844654083252,2.581951141357422,2.6136581897735596,0.0,27000,27500,27000,28000,6921256,7001056,7054808,6798880,61,56,71,68,13.526232100091875
p0_uniform,109750,108750,100000,9750,WO,0.6246322892926967,False,-336.98553466796875,51.86943817138672,0.5278123617172241,0.08775916695594788,3.240708351135254,2.9620766639709473,0.0,27000,27500,27250,28000,6937114,7016972,7070265,6815649,59,62,71,64,15.816198099404573
p0_uniform,110000,109000,100000,10000,WO,0.523860954625508,False,-356.3320007324219,13.842880249023438,-1.180370807647705,0.08769693225622177,2.77305006980896,2.223655939102173,0.0,27000,27500,27500,28000,6953105,7032864,7085756,6832275,67,64,55,70,18.128730200231075
p0_uniform,110250,109250,100000,10250,DO,0.854287475497494,False,-348.5423583984375,15.553923606872559,-1.6717658042907715,0.0866183489561081,2.581559896469116,2.3887453079223633,0.0,27250,27500,27500,28000,6969526,7048369,7101341,6848764,74,55,67,60,20.512969099916518
p0_uniform,110500,109500,100000,10500,DO,0.8927189511538193,False,-388.52392578125,20.313814163208008,-0.17141559720039368,0.08516698330640793,2.998671293258667,2.9679453372955322,0.0,27500,27500,27500,28000,6985781,7064114,7116781,6865324,60,66,53,77,22.631557299755514
p0_uniform,110750,109750,100000,10750,DC,10.0,True,-384.2557678222656,18.098033905029297,1.5576378107070923,0.08620668202638626,2.852797031402588,2.2732415199279785,0.0,27500,27750,27500,28000,7002162,7079776,7132345,6881717,63,69,53,71,24.8552840994671
p0_uniform,111000,110000,100000,11000,DC,10.0,True,-380.9930419921875,11.167835235595703,-0.6097428202629089,0.08683010190725327,2.144345283508301,2.4215545654296875,0.0,27500,28000,27500,28000,7018398,7095731,7147901,6897970,53,68,64,71,27.19714649952948
p0_uniform,111250,110250,100000,11250,WO,0.5976884350010827,False,-376.462890625,16.955196380615234,-0.54693204164505,0.08704739063978195,2.6044511795043945,2.5372424125671387,0.0,27500,28000,27750,28000,7034581,7111679,7163792,6913948,51,64,67,74,29.41001609992236
p0_uniform,111500,110500,100000,11500,WO,0.5981085617713284,False,-374.5305480957031,14.749649047851562,-0.8730587959289551,0.08819384127855301,2.638946056365967,2.4350976943969727,0.0,27500,28000,28000,28000,7050788,7127531,7179734,6929947,66,62,61,67,31.655040299519897
p0_uniform,111750,110750,100000,11750,DO,2.1042905384107073,False,-341.2259826660156,25.131147384643555,-0.7196593284606934,0.08707626909017563,2.389406204223633,2.499803066253662,0.0,27750,28000,28000,28000,7066832,7143769,7195520,6945879,55,56,80,65,33.83589749969542
p0_uniform,112000,111000,100000,12000,DO,2.129085875365489,False,-383.8019714355469,48.02769088745117,-0.4481477737426758,0.08589213341474533,3.523632049560547,3.2445147037506104,0.0,28000,28000,28000,28000,7082863,7159909,7211583,6961645,61,75,60,60,36.041180299595
p0_uniform,112250,111250,100000,12250,WC,1.8715264856512845,True,-409.81219482421875,25.679126739501953,0.04007363319396973,0.08485444635152817,2.9155936241149902,3.139618396759033,0.0,28000,28000,28000,28250,7098637,7175996,7227458,6977909,55,77,60,64,2.23466659989208
p0_uniform,112500,111500,100000,12500,WC,0.5342836264607976,False,-365.7657470703125,30.981887817382812,-0.2972266376018524,0.08555778115987778,3.0409789085388184,3.099698543548584,0.0,28000,28000,28000,28500,7114590,7191924,7243361,6994125,67,51,52,86,4.304463000036776
p0_uniform,112750,111750,100000,12750,WC,0.5222268269663255,False,-370.13177490234375,24.526966094970703,0.4655686616897583,0.0859692245721817,3.2414910793304443,2.642098903656006,0.0,28000,28000,28000,28750,7130229,7208037,7259278,7010456,63,66,67,60,6.4436991000548005
p0_uniform,113000,112000,100000,13000,WC,0.293404903215616,False,-336.73297119140625,26.606731414794922,-0.8097847700119019,0.08577705919742584,3.2055554389953613,3.145470142364502,0.0,28000,28000,28000,29000,7145962,7224004,7275037,7026997,67,49,73,67,8.670516700483859
p0_uniform,113250,112250,100000,13250,DC,10.0,True,-338.900146484375,16.167797088623047,-0.5488748550415039,0.08594206720590591,2.379005193710327,2.587451934814453,0.0,28000,28250,28000,29000,7161474,7240183,7290592,7043751,56,64,75,61,10.665975700132549
p0_uniform,113500,112500,100000,13500,DC,10.0,True,-360.71136474609375,67.63751220703125,-0.0786634087562561,0.0836293175816536,3.1181557178497314,3.1662216186523438,0.0,28000,28500,28000,29000,7177079,7256479,7306119,7060323,72,66,68,50,12.706756399944425
p0_uniform,113750,112750,100000,13750,DO,1.2675114053663392,False,-369.37567138671875,22.25786590576172,-0.4149489998817444,0.08340108394622803,3.0259437561035156,2.7823638916015625,0.0,28250,28500,28000,29000,7192781,7272733,7321737,7076749,65,67,68,56,14.744455800391734
p0_uniform,114000,113000,100000,14000,DO,2.927804668919738,False,-377.4108581542969,21.541257858276367,-0.9413691759109497,0.08247704803943634,2.866579532623291,2.7109265327453613,0.0,28500,28500,28000,29000,7208687,7288886,7337402,7093025,78,65,56,57,16.78092240076512
p0_uniform,114250,113250,100000,14250,WO,0.5721638176840639,False,-372.6678466796875,59.13877868652344,-0.42420729994773865,0.07982580363750458,3.503020763397217,3.6191465854644775,0.0,28500,28500,28250,29000,7224642,7304741,7353347,7109270,64,57,65,70,18.695615299977362
p0_uniform,114500,113500,100000,14500,WO,0.5849707403334168,False,-416.0378723144531,18.545011520385742,-0.20194780826568604,0.07617393881082535,2.8091530799865723,2.875802993774414,0.0,28500,28500,28500,29000,7240689,7320547,7369324,7125440,61,72,55,68,20.657729200087488
p0_uniform,114750,113750,100000,14750,DO,1.2518648031970732,False,-379.3543701171875,33.407203674316406,1.6078553199768066,0.07655232399702072,3.685488700866699,3.284574031829834,0.0,28750,28500,28500,29000,7256559,7336435,7385131,7141875,62,72,53,69,22.595790500752628
p0_uniform,115000,114000,100000,15000,DO,5.430049417269896,False,-344.015625,10.03654670715332,0.5657715201377869,0.07974729686975479,2.319631576538086,2.092970609664917,0.0,29000,28500,28500,29000,7272559,7352298,7400926,7158217,64,58,61,73,24.52925440017134
p0_uniform,115250,114250,100000,15250,DC,10.0,True,-385.0733947753906,11.429855346679688,-0.7079739570617676,0.07933824509382248,2.301438331604004,2.4284701347351074,0.0,29000,28750,28500,29000,7288833,7368052,7416548,7174567,57,62,67,70,26.49010630045086
p0_uniform,115500,114500,100000,15500,DC,10.0,True,-352.71240234375,28.915847778320312,0.06769022345542908,0.08002056181430817,3.0215232372283936,3.2405846118927,0.0,29000,29000,28500,29000,7305159,7383783,7432217,7190841,66,61,60,69,28.438663700595498
p0_uniform,115750,114750,100000,15750,WO,0.3804764625365959,False,-393.76416015625,91.71755981445312,-0.6071814298629761,0.08140415698289871,3.5355563163757324,3.3596577644348145,0.0,29000,29000,28750,29000,7321356,7399830,7447867,7206947,62,67,59,68,30.366779600270092
p0_uniform,116000,115000,100000,16000,WO,0.377353914126965,False,-375.61083984375,16.664716720581055,-0.08884930610656738,0.08302847295999527,2.587127208709717,2.767322063446045,0.0,29000,29000,29000,29000,7337546,7415956,7463586,7222912,75,61,60,60,32.289565400220454
p0_uniform,116250,115250,100000,16250,DC,10.0,True,-361.4752197265625,26.40990447998047,-1.4703468084335327,0.08456368744373322,2.8218812942504883,2.7120678424835205,0.0,29000,29250,29000,29000,7353828,7432045,7479337,7238790,70,60,74,52,1.9974399004131556
p0_uniform,116500,115500,100000,16500,DC,10.0,True,-340.33721923828125,12.874072074890137,0.365393728017807,0.08359783887863159,2.3339765071868896,2.236525058746338,0.0,29000,29500,29000,29000,7369692,7448281,7495342,7254685,60,57,73,66,3.9442969001829624
p0_uniform,116750,115750,100000,16750,WO,0.464326256672074,False,-360.7969970703125,17.714570999145508,-0.6453453302383423,0.08778926730155945,2.6719956398010254,2.5265896320343018,0.0,29000,29500,29250,29000,7385815,7464501,7511416,7270268,77,54,66,59,5.876768700778484
p0_uniform,117000,116000,100000,17000,WO,0.38067141610631716,False,-372.8725891113281,15.895050048828125,-0.5989764928817749,0.08837875723838806,2.5424797534942627,2.853623390197754,0.0,29000,29500,29500,29000,7401615,7480772,7527604,7286009,61,62,69,64,7.92799480073154
p0_uniform,117250,116250,100000,17250,DO,5.834478580343578,False,-380.71923828125,27.837841033935547,-0.025165125727653503,0.08898481726646423,2.8779444694519043,2.7139010429382324,0.0,29250,29500,29500,29000,7417180,7496916,7543889,7302015,73,56,51,76,9.995724000036716
p0_uniform,117500,116500,100000,17500,DO,5.121710323778551,False,-373.5653076171875,22.955171585083008,-0.8008493185043335,0.08810372650623322,2.985179901123047,3.0235776901245117,0.0,29500,29500,29500,29000,7433077,7512896,7560215,7317812,68,54,61,73,12.104771200567484
p0_uniform,117750,116750,100000,17750,WO,0.5667892586556447,False,-367.6116943359375,16.68260383605957,-0.9009279608726501,0.08987016975879669,2.551097869873047,2.5354700088500977,0.0,29500,29500,29750,29000,7448917,7528961,7576632,7333490,57,60,75,64,13.960191300138831
p0_uniform,118000,117000,100000,18000,WO,0.5667885888012801,False,-378.28240966796875,23.629289627075195,-0.9293444752693176,0.0877741202712059,2.9110107421875,2.7426998615264893,0.0,29500,29500,30000,29000,7464776,7545002,7592919,7349303,59,63,61,73,15.783655400387943
p0_uniform,118250,117250,100000,18250,WC,1.1411335396295108,False,-361.3222961425781,12.455828666687012,-0.36829978227615356,0.0877523347735405,2.426807403564453,2.28313946723938,0.0,29500,29500,30000,29250,7480778,7560942,7609242,7365038,67,55,64,70,17.595435400493443
p0_uniform,118500,117500,100000,18500,WC,0.16070050054748417,False,-408.54669189453125,22.77770233154297,2.4079151153564453,0.08987995982170105,2.7893505096435547,2.3922348022460938,0.0,29500,29500,30000,29500,7496642,7576945,7625265,7381148,61,71,51,73,19.348406000062823
p0_uniform,118750,117750,100000,18750,WC,4.487300506181975,True,-356.2133483886719,13.424525260925293,0.6780194044113159,0.08925508707761765,2.868978500366211,2.297102928161621,0.0,29500,29500,30000,29750,7512641,7592894,7641310,7397155,51,64,73,68,21.187160500325263
p0_uniform,119000,118000,100000,19000,WC,0.7539611000134295,False,-380.3450927734375,27.042449951171875,-0.06430812180042267,0.08799053728580475,3.183034896850586,3.128939151763916,0.0,29500,29500,30000,30000,7528667,7608596,7657166,7413571,79,63,52,62,22.990829000249505
p0_uniform,119250,118250,100000,19250,DC,10.0,True,-378.2930908203125,20.049165725708008,-0.4581235647201538,0.08862198144197464,3.0656917095184326,2.7191195487976074,0.0,29500,29750,30000,30000,7544610,7624198,7673230,7429962,64,63,70,59,24.80232849996537
p0_uniform,119500,118500,100000,19500,DC,10.0,True,-382.28179931640625,24.726215362548828,-0.9703862071037292,0.09112241119146347,2.672886371612549,2.721886157989502,0.0,29500,30000,30000,30000,7560252,7640097,7689290,7446361,49,68,73,66,26.584392900578678
p0_uniform,119750,118750,100000,19750,DO,3.160519251786652,False,-409.4935607910156,28.913394927978516,1.27360200881958,0.09236310422420502,2.8900113105773926,3.069930076599121,0.0,29750,30000,30000,30000,7575847,7656161,7705240,7462752,55,72,58,71,28.40493130031973
p0_uniform,120000,119000,100000,20000,DO,3.354555251342646,False,-377.30389404296875,16.881134033203125,-0.797228217124939,0.08902440965175629,2.6006741523742676,2.6572933197021484,0.0,30000,30000,30000,30000,7591770,7672097,7721182,7478951,67,61,66,62,30.20319570042193
p0_uniform,120250,119250,100000,20250,DC,10.0,True,-392.509033203125,31.539443969726562,1.5989296436309814,0.08799565583467484,3.344208240509033,2.8108913898468018,0.0,30000,30250,30000,30000,7607798,7688037,7737154,7495011,58,70,68,60,1.8298263996839523
p0_uniform,120500,119500,100000,20500,DC,10.0,True,-428.0826721191406,27.05902862548828,0.9551385045051575,0.09172514826059341,3.4572038650512695,3.3075101375579834,0.0,30000,30500,30000,30000,7623782,7704250,7753057,7510911,59,74,47,76,3.60244769975543
p0_uniform,120750,119750,100000,20750,WO,0.2580366421502457,False,-419.15679931640625,22.140705108642578,0.6287232637405396,0.090659499168396,2.5491294860839844,2.564581871032715,0.0,30000,30500,30250,30000,7639351,7720627,7769062,7526960,76,70,50,60,5.399113300256431
p0_uniform,121000,120000,100000,21000,WO,0.29603787493810163,False,-376.38641357421875,16.729591369628906,-0.6701521873474121,0.0901014655828476,3.0705652236938477,2.9550693035125732,0.0,30000,30500,30500,30000,7654965,7736909,7785274,7542852,62,65,62,67,7.164269199594855
p0_uniform,121250,120250,100000,21250,DO,1.6196698555031737,False,-394.75323486328125,15.030740737915039,-0.9526828527450562,0.09158579260110855,2.4739551544189453,2.7489678859710693,0.0,30250,30500,30500,30000,7670660,7753302,7801105,7558933,66,69,59,62,8.962672799825668
p0_uniform,121500,120500,100000,21500,DO,2.1257364851852256,False,-413.49505615234375,17.699420928955078,0.12350180745124817,0.09122338891029358,2.8248658180236816,2.619004726409912,0.0,30500,30500,30500,30000,7686358,7769722,7817176,7574744,54,71,64,67,10.764830599538982
p0_uniform,121750,120750,100000,21750,WO,0.49151091942318653,False,-405.8941345214844,36.271278381347656,-0.21732527017593384,0.09358851611614227,3.641814708709717,2.853647232055664,0.0,30500,30500,30750,30000,7701906,7786140,7833324,7590630,55,70,63,68,12.756571300327778
p0_uniform,122000,121000,100000,22000,WO,0.47963980643501153,False,-388.0973815917969,10.976835250854492,-0.8095598220825195,0.09341531991958618,2.2162840366363525,2.2380189895629883,0.0,30500,30500,31000,30000,7717640,7802520,7849648,7606192,75,61,63,57,15.077685199677944
p0_uniform,122250,121250,100000,22250,DC,10.0,True,-396.17095947265625,20.07750129699707,0.3777322769165039,0.09342560917139053,2.646463394165039,2.4169185161590576,0.0,30500,30750,31000,30000,7733373,7819010,7866005,7621612,61,75,68,52,17.335999299772084
p0_uniform,122500,121500,100000,22500,DC,10.0,True,-411.729736328125,36.32098388671875,1.0010689496994019,0.09264076501131058,3.3965210914611816,3.329798698425293,0.0,30500,31000,31000,30000,7749124,7835621,7882228,7637027,57,73,62,64,19.6094723995775
p0_uniform,122750,121750,100000,22750,WC,0.4414719786929714,True,-392.11346435546875,34.81565856933594,-0.35236454010009766,0.09366362541913986,2.643143653869629,2.4932403564453125,0.0,30500,31000,31000,30250,7764781,7852205,7898564,7652450,58,70,67,61,21.88657569978386
p0_uniform,123000,122000,100000,23000,WC,0.4510601315362581,True,-416.37725830078125,15.181060791015625,-0.667852520942688,0.09264631569385529,2.2530641555786133,2.6986303329467773,0.0,30500,31000,31000,30500,7780183,7868925,7914795,7668097,61,69,60,66,24.021414699964225
p0_uniform,123250,122250,100000,23250,WC,0.42740433684278356,True,-355.31658935546875,9.775703430175781,-0.7400079965591431,0.09243747591972351,2.1965456008911133,1.9217827320098877,0.0,30500,31000,31000,30750,7795502,7885525,7930958,7684015,65,57,68,66,26.31956580001861
p0_uniform,123500,122500,100000,23500,WC,0.7371572922431792,True,-431.935791015625,19.4393310546875,-0.43446436524391174,0.0922124981880188,3.040055274963379,3.2460689544677734,0.0,30500,31000,31000,31000,7811177,7902035,7946816,7699972,54,76,58,68,28.49029939994216
p0_uniform,123750,122750,100000,23750,DO,2.3494188617408938,False,-401.25762939453125,16.951316833496094,-1.353127360343933,0.0909499078989029,2.838775634765625,2.869368553161621,0.0,30750,31000,31000,31000,7826809,7918326,7962750,7716115,59,61,65,71,30.62120999954641
p0_uniform,124000,123000,100000,24000,DO,1.5593893455593497,False,-394.72589111328125,20.443788528442383,0.3271925449371338,0.09004183113574982,2.826237440109253,3.6132779121398926,0.0,31000,31000,31000,31000,7842705,7934426,7978779,7732090,75,64,59,58,32.75544810015708
p0_uniform,124250,123250,100000,24250,DC,10.0,True,-381.90570068359375,13.91091251373291,-0.11368757486343384,0.0890367180109024,2.510064125061035,2.421661376953125,0.0,31000,31250,31000,31000,7858843,7950398,7994743,7748016,55,65,63,73,2.1991282999515533
p0_uniform,124500,123500,100000,24500,DC,10.0,True,-410.68780517578125,38.64983367919922,0.19897136092185974,0.08937026560306549,4.504030227661133,4.249423027038574,0.0,31000,31500,31000,31000,7874736,7966796,8010671,7763797,56,72,67,61,4.350481499917805
p0_uniform,124750,123750,100000,24750,WC,0.6118653904655431,True,-406.98516845703125,21.765972137451172,-0.14030413329601288,0.08866974711418152,3.1279447078704834,2.8932461738586426,0.0,31000,31500,31000,31250,7890698,7983123,8026686,7779493,63,64,57,72,6.635922999121249
p0_uniform,125000,124000,100000,25000,WC,0.47908959229614057,True,-393.1925964355469,13.503734588623047,-0.45171695947647095,0.09028002619743347,2.576669454574585,2.3521323204040527,0.0,31000,31500,31000,31500,7906398,7999421,8042843,7795338,70,62,56,68,8.73924439959228
p0_uniform,125250,124250,100000,25250,DC,10.0,True,-443.97711181640625,22.105457305908203,-1.030995488166809,0.0909060463309288,2.733072519302368,2.992056131362915,0.0,31000,31750,31000,31500,7922081,8015866,8058738,7811315,82,69,58,47,10.67606129962951
p0_uniform,125500,124500,100000,25500,DC,10.0,True,-390.37554931640625,40.77605056762695,-1.3388832807540894,0.08960612863302231,3.316366672515869,2.8833253383636475,0.0,31000,32000,31000,31500,7937913,8032423,8074510,7827154,53,63,64,76,12.59942469932139
p0_uniform,125750,124750,100000,25750,DO,1.7825357394791308,False,-369.1402282714844,20.537879943847656,0.8786652088165283,0.08739762753248215,2.860515594482422,2.825953960418701,0.0,31250,32000,31000,31500,7953754,8049052,8090096,7843098,64,63,66,63,14.602227999828756
p0_uniform,126000,125000,100000,26000,DO,5.256416553341356,False,-403.8914794921875,36.90800476074219,0.8571341037750244,0.08757151663303375,2.7961339950561523,2.922980546951294,0.0,31500,32000,31000,31500,7969617,8065487,8105774,7859122,58,62,62,74,16.60949489939958
p0_uniform,126250,125250,100000,26250,WC,9.622974942398436,True,-394.8966064453125,27.434768676757812,-0.4037381708621979,0.08586817979812622,2.7940256595611572,2.6849212646484375,0.0,31500,32000,31000,31750,7985771,8081678,8121486,7875065,70,62,62,62,18.622537499293685
p0_uniform,126500,125500,100000,26500,WC,8.19426753730539,True,-410.8849182128906,16.463930130004883,0.2735620439052582,0.08854664117097855,2.693391799926758,2.731692314147949,0.0,31500,32000,31000,32000,8001543,8097857,8137207,7891393,66,63,60,67,20.69791609980166
p0_uniform,126750,125750,100000,26750,WO,0.43164305191963415,False,-432.4956970214844,11.6090087890625,0.7524632811546326,0.08838978409767151,2.3195133209228516,2.5015060901641846,0.0,31500,32000,31250,32000,8017289,8114178,8152914,7907619,57,82,50,67,22.897900899872184
p0_uniform,127000,126000,100000,27000,WO,0.3882706051458691,False,-419.9334716796875,16.008424758911133,0.44180160760879517,0.08791523426771164,2.5747015476226807,2.5740489959716797,0.0,31500,32000,31500,32000,8032985,8130388,8168484,7924143,57,73,67,59,24.935445699840784
p0_uniform,127250,126250,100000,27250,DO,7.374524388593224,True,-408.69482421875,24.83959197998047,1.0987333059310913,0.08608882129192352,3.0385589599609375,2.918025493621826,0.0,31750,32000,31500,32000,8048775,8146446,8184289,7940490,66,63,60,67,27.094887299463153
p0_uniform,127500,126500,100000,27500,DO,2.481250194467274,False,-406.7779235839844,44.46022033691406,0.7582084536552429,0.08686430752277374,2.8886523246765137,3.0697755813598633,0.0,32000,32000,31500,32000,8064774,8162350,8199908,7956968,51,72,77,56,29.215140999294817
p0_uniform,127750,126750,100000,27750,WO,0.4678029016555982,False,-383.21685791015625,15.029356002807617,0.847502589225769,0.08887332677841187,2.343844413757324,2.5182526111602783,0.0,32000,32000,31750,32000,8081018,8178263,8215411,7973308,57,63,66,70,31.47935599926859
p0_uniform,128000,127000,100000,28000,WO,0.4792863256989482,False,-409.6042175292969,40.52581787109375,-1.9197323322296143,0.08719251304864883,3.0838921070098877,3.6321253776550293,0.0,32000,32000,32000,32000,8097114,8194252,8231320,7989314,68,60,63,65,33.60061359964311
p0_uniform,128250,127250,100000,28250,WC,0.3287730265644295,True,-399.8174743652344,31.58502960205078,0.4651128053665161,0.08578979969024658,3.247553586959839,3.305103302001953,0.0,32000,32000,32000,32250,8112941,8210358,8247307,8005394,61,58,66,71,1.9813390001654625
p0_uniform,128500,127500,100000,28500,WC,0.422874588379881,True,-414.01776123046875,12.93229866027832,0.23348478972911835,0.08760963380336761,2.7805209159851074,2.522874355316162,0.0,32000,32000,32000,32500,8128730,8226597,8263330,8021343,67,67,62,60,3.9630527002736926
p0_uniform,128750,127750,100000,28750,DC,10.0,True,-407.9525146484375,39.01908874511719,0.0694112479686737,0.08962730318307877,3.05080509185791,2.9776220321655273,0.0,32000,32250,32000,32500,8144456,8242600,8279342,8037602,65,63,61,67,5.910795900039375
p0_uniform,129000,128000,100000,29000,DC,10.0,True,-416.4955749511719,18.902212142944336,-0.4342428147792816,0.08988874405622482,2.739731788635254,2.6918938159942627,0.0,32000,32500,32000,32500,8160131,8258890,8295214,8053765,58,67,64,67,8.148327600210905
p0_uniform,129250,128250,100000,29250,DO,5.2101477672688095,False,-463.24383544921875,24.928909301757812,1.9726815223693848,0.09096011519432068,3.178314447402954,3.2383947372436523,0.0,32250,32500,32000,32500,8175900,8275252,8311067,8069781,71,74,50,61,10.255666200071573
p0_uniform,129500,128500,100000,29500,DO,1.782594387777018,False,-414.70025634765625,34.33406066894531,-0.955071210861206,0.09003835916519165,2.852572441101074,3.0724098682403564,0.0,32500,32500,32000,32500,8191946,8291613,8327077,8085364,71,71,70,44,12.414225700311363
p0_uniform,129750,128750,100000,29750,WO,0.38622366790659246,False,-384.9830627441406,16.585556030273438,1.2762787342071533,0.09021532535552979,2.422366142272949,2.4791712760925293,0.0,32500,32500,32250,32500,8208044,8307688,8343106,8101162,56,68,69,63,14.61156260035932
p0_uniform,130000,129000,100000,30000,WO,0.3410296307788513,False,-412.5036926269531,16.660354614257812,0.59494948387146,0.09060448408126831,2.810483932495117,2.6956114768981934,0.0,32500,32500,32500,32500,8223781,8323995,8359287,8116937,60,71,66,59,16.733636500313878
p0_uniform,130250,129250,100000,30250,DO,5.216941301277117,False,-413.0572509765625,21.901100158691406,0.5326897501945496,0.09098352491855621,3.596524238586426,2.853606700897217,0.0,32750,32500,32500,32500,8239608,8340154,8375691,8132547,62,70,67,57,18.98532110080123
p0_uniform,130500,129500,100000,30500,DO,5.139752204589819,False,-369.407470703125,29.198848724365234,0.4606631100177765,0.09361562132835388,2.7747230529785156,2.8607864379882812,0.0,33000,32500,32500,32500,8255499,8356464,8391819,8148218,44,56,81,75,21.133019800297916
p0_uniform,130750,129750,100000,30750,WO,0.30593218320217086,False,-356.73248291015625,23.637916564941406,-0.5674626231193542,0.09495406597852707,3.005096912384033,2.9618747234344482,0.0,33000,32500,32750,32500,8271485,8372636,8407909,8163970,74,49,68,65,23.266509200446308
p0_uniform,131000,130000,100000,31000,WO,0.2714846557684643,False,-412.06195068359375,22.99604034423828,-0.1830950230360031,0.09375469386577606,3.5388612747192383,3.99965238571167,0.0,33000,32500,33000,32500,8287539,8388617,8424306,8179538,75,63,53,65,25.25409040041268
p0_uniform,131250,130250,100000,31250,WC,7.675781356666662,False,-444.4735412597656,33.32921600341797,1.818631649017334,0.0935526192188263,3.0679988861083984,3.1233110427856445,0.0,33000,32500,33000,32750,8303476,8404671,8440727,8195126,69,71,56,60,27.385186300612986
p0_uniform,131500,130500,100000,31500,WC,7.857580624068078,False,-454.710693359375,26.73920249938965,-0.3751433491706848,0.09413860738277435,3.0127737522125244,3.070805549621582,0.0,33000,32500,33000,33000,8319522,8420732,8456789,8210957,64,76,60,56,29.628954900428653
p0_uniform,131750,130750,100000,31750,DC,10.0,True,-406.26068115234375,17.90287971496582,0.5713546276092529,0.09165206551551819,2.6211166381835938,2.6065006256103516,0.0,33000,32750,33000,33000,8335639,8436578,8472713,8227070,53,65,69,69,31.753694700077176
p0_uniform,132000,131000,100000,32000,DC,10.0,True,-426.30340576171875,27.7470760345459,1.194986343383789,0.09159603714942932,3.0357284545898438,2.982989549636841,0.0,33000,33000,33000,33000,8351528,8452543,8488803,8243126,64,75,60,57,33.89696629997343
p0_uniform,132250,131250,100000,32250,DO,2.721573021273639,False,-432.4400634765625,25.607826232910156,-0.2618643343448639,0.09146451205015182,2.8528873920440674,2.719552755355835,0.0,33250,33000,33000,33000,8367671,8468620,8504696,8259013,60,71,55,70,2.0688394997268915
p0_uniform,132500,131500,100000,32500,DO,3.139957116550782,False,-393.5674743652344,38.24626159667969,0.16099050641059875,0.0914558619260788,3.0129640102386475,3.1772217750549316,0.0,33500,33000,33000,33000,8383866,8484775,8520436,8274923,68,58,62,68,3.8607345996424556
p0_uniform,132750,131750,100000,32750,DO,3.836523142625263,False,-421.93914794921875,33.34064865112305,-1.1212515830993652,0.09076409041881561,3.0785017013549805,2.6950747966766357,0.0,33750,33000,33000,33000,8400148,8500850,8536142,8290860,59,68,70,59,5.673664599657059
p0_uniform,133000,132000,100000,33000,DO,4.758936280316006,False,-428.1241455078125,52.38065719604492,-0.4341023564338684,0.08919215947389603,3.4654173851013184,4.276244640350342,0.0,34000,33000,33000,33000,8416671,8516752,8551455,8307122,59,68,59,70,7.474640999920666
p0_uniform,133250,132250,100000,33250,DC,10.0,True,-414.08551025390625,25.804397583007812,-0.3727172613143921,0.08850200474262238,3.1124727725982666,3.224865674972534,0.0,34000,33250,33000,33000,8433318,8532751,8566725,8323206,67,51,55,83,9.289239299483597
p0_uniform,133500,132500,100000,33500,DC,10.0,True,-442.76251220703125,17.551822662353516,0.4705861210823059,0.09013208001852036,3.1052169799804688,2.439213275909424,0.0,34000,33500,33000,33000,8449952,8548778,8582155,8339115,68,67,51,70,11.093456699512899
p0_uniform,133750,132750,100000,33750,WO,0.5021410725633484,False,-397.41705322265625,15.728313446044922,-0.6639647483825684,0.09186705946922302,2.62798810005188,2.5158417224884033,0.0,34000,33500,33250,33000,8466545,8564878,8597558,8355019,75,53,53,75,12.901710200123489
p0_uniform,134000,133000,100000,34000,WO,0.5849837866322598,False,-439.45343017578125,18.652950286865234,0.09315544366836548,0.09223296493291855,3.044309139251709,2.9107322692871094,0.0,34000,33500,33500,33000,8483199,8580919,8613248,8370634,66,75,48,67,14.660722299478948
p0_uniform,134250,133250,100000,34250,DC,10.0,True,-430.2707824707031,22.490182876586914,0.3604389429092407,0.09256557375192642,3.2636878490448,2.7988438606262207,0.0,34000,33750,33500,33000,8499923,8596916,8629053,8386108,70,72,55,59,16.457663900218904
p0_uniform,134500,133500,100000,34500,DC,10.0,True,-394.2997741699219,17.33627700805664,-0.6464264988899231,0.09312641620635986,2.582170009613037,2.2237753868103027,0.0,34000,34000,33500,33000,8516472,8613294,8644785,8401449,61,65,71,59,18.23288690019399
p0_uniform,134750,133750,100000,34750,WC,0.44603983203432784,False,-441.4598388671875,32.606056213378906,0.5250375270843506,0.09264317899942398,3.4231057167053223,3.4428436756134033,0.0,34000,34000,33500,33250,8532957,8629608,8660595,8416840,61,67,57,71,20.0221726000309
p0_uniform,135000,134000,100000,35000,WC,9.686052777063948,True,-448.3186340332031,21.627042770385742,0.32265520095825195,0.09284957498311996,3.539430856704712,3.0943427085876465,0.0,34000,34000,33500,33500,8549225,8646121,8676303,8432351,64,75,65,52,21.810951199382544
p0_uniform,135250,134250,100000,35250,WO,0.6229281906090226,False,-412.56243896484375,14.509145736694336,-0.9727551937103271,0.09188143163919449,2.7487943172454834,2.4468863010406494,0.0,34000,34000,33750,33500,8565433,8662685,8691827,8448055,59,69,66,62,23.618605200201273
p0_uniform,135500,134500,100000,35500,WO,0.5395340401850663,False,-382.3113098144531,16.052417755126953,-0.015464812517166138,0.09062956273555756,2.481445550918579,3.0877292156219482,0.0,34000,34000,34000,33500,8581253,8679033,8707811,8463903,49,57,76,74,25.41216029971838
p0_uniform,135750,134750,100000,35750,WC,7.630313617030211,False,-417.83367919921875,20.673511505126953,-0.6399927139282227,0.08950039744377136,2.907355308532715,3.1436989307403564,0.0,34000,34000,34000,33750,8597135,8695232,8723866,8479767,71,65,67,53,27.224425099790096
p0_uniform,136000,135000,100000,36000,WC,7.705009488370508,False,-474.45635986328125,21.16561508178711,0.24993711709976196,0.08994626253843307,2.9675676822662354,2.9028704166412354,0.0,34000,34000,34000,34000,8613127,8711289,8739993,8495591,59,80,56,61,29.00552329979837
p0_uniform,136250,135250,100000,36250,WC,9.091239277502671,True,-405.2273864746094,22.709976196289062,-0.0172385573387146,0.09052233397960663,3.1002111434936523,2.8553500175476074,0.0,34000,34000,34000,34250,8629114,8727080,8756054,8511752,72,63,63,58,1.8185155997052789
p0_uniform,136500,135500,100000,36500,WC,7.937832029987975,True,-440.73956298828125,18.39575958251953,1.541359543800354,0.09028269350528717,2.4880058765411377,2.6177101135253906,0.0,34000,34000,34000,34500,8645225,8742843,8771916,8528016,70,70,54,62,3.889462599530816
p0_uniform,136750,135750,100000,36750,DC,10.0,True,-412.1124267578125,18.599346160888672,1.0614559650421143,0.09122573584318161,3.081717014312744,2.682499647140503,0.0,34000,34250,34000,34500,8661090,8758659,8787770,8544481,73,61,62,60,6.124695999547839
p0_uniform,137000,136000,100000,37000,DC,10.0,True,-410.9772644042969,19.067203521728516,0.1218671202659607,0.09384439140558243,3.1014163494110107,2.8698320388793945,0.0,34000,34500,34000,34500,8676939,8774640,8803536,8560885,68,56,60,72,8.351702800020576
p0_uniform,137250,136250,100000,37250,DO,1.9733565180007218,False,-401.1517639160156,33.095794677734375,1.0904350280761719,0.09578467905521393,3.9499497413635254,2.871379852294922,0.0,34250,34500,34000,34500,8693054,8790500,8819074,8577372,60,60,68,68,10.594789099879563
p0_uniform,137500,136500,100000,37500,DO,1.1906280236888256,False,-414.28167724609375,39.592681884765625,-0.6982176899909973,0.09687171131372452,4.270622253417969,3.816862106323242,0.0,34500,34500,34000,34500,8709375,8806470,8834511,8593644,60,60,57,79,12.831585799343884
p0_uniform,137750,136750,100000,37750,WO,0.5440609595510961,False,-409.1700134277344,19.779245376586914,0.5089268088340759,0.09633342921733856,3.0073933601379395,3.04140043258667,0.0,34500,34500,34250,34500,8725800,8822569,8849778,8609853,65,60,55,76,15.258441999554634
p0_uniform,138000,137000,100000,38000,WO,0.5236445498187124,False,-420.0234375,26.283510208129883,-0.12084594368934631,0.09715979546308517,3.252399444580078,2.924015998840332,0.0,34500,34500,34500,34500,8741966,8838482,8865273,8626279,65,69,56,66,17.656500899232924
p0_uniform,138250,137250,100000,38250,DO,1.253708947369301,False,-434.217529296875,31.90805435180664,-0.3919103443622589,0.0958598330616951,2.79374361038208,2.8505725860595703,0.0,34750,34500,34500,34500,8757982,8854609,8881059,8642350,66,68,67,55,19.969710799865425
p0_uniform,138500,137500,100000,38500,DO,1.752218454387159,False,-403.6185302734375,138.4506072998047,0.3662148118019104,0.09397492557764053,3.702582359313965,3.304373264312744,0.0,35000,34500,34500,34500,8774063,8870705,8896707,8658525,60,59,57,80,22.209342599846423
p0_uniform,138750,137750,100000,38750,DC,10.0,True,-417.4599914550781,18.507503509521484,-0.46118223667144775,0.09290770441293716,2.8339991569519043,2.673586368560791,0.0,35000,34750,34500,34500,8790063,8886756,8912324,8674857,67,59,55,75,24.513708199374378
p0_uniform,139000,138000,100000,39000,DC,10.0,True,-449.22296142578125,25.384220123291016,1.4610244035720825,0.09177940338850021,3.2131507396698,3.360726833343506,0.0,35000,35000,34500,34500,8805910,8902825,8927822,8691443,57,68,59,72,26.777006299234927
p0_uniform,139250,138250,100000,39250,WC,8.239492741736925,True,-440.5791931152344,26.725631713867188,0.004548192024230957,0.0928911566734314,2.93435001373291,2.8618597984313965,0.0,35000,35000,34500,34750,8822051,8918762,8943336,8707851,56,75,65,60,29.094544699415565
p0_uniform,139500,138500,100000,39500,WC,7.737999296530469,True,-418.54718017578125,26.701374053955078,0.5213965177536011,0.09210983663797379,3.8134288787841797,2.898160457611084,0.0,35000,35000,34500,35000,8837993,8934770,8959126,8724111,47,70,73,66,31.497968199662864
p0_uniform,139750,138750,100000,39750,WO,0.7521329547936186,True,-412.63232421875,141.51458740234375,-0.662700891494751,0.09435510635375977,3.36556077003479,3.4661736488342285,0.0,35000,35000,34750,35000,8854070,8950644,8974828,8740458,63,59,67,67,33.80230679921806
p0_uniform,140000,139000,100000,40000,WO,0.3431794244652986,True,-431.246826171875,30.986385345458984,-0.23978374898433685,0.09411481767892838,2.7794950008392334,2.597123622894287,0.0,35000,35000,35000,35000,8870135,8966586,8990665,8756614,71,64,65,56,35.97412909939885
p0_uniform,140250,139250,100000,40250,WC,8.748483981510143,True,-436.2831726074219,22.02808952331543,-0.323442280292511,0.09437393397092819,3.541109323501587,2.8284220695495605,0.0,35000,35000,35000,35250,8886226,8982532,9006646,8772596,61,66,67,62,2.317453400231898
p0_uniform,140500,139500,100000,40500,WC,7.490700701571377,True,-444.9305419921875,31.320024490356445,0.5432114601135254,0.09636671841144562,3.4071719646453857,3.3332602977752686,0.0,35000,35000,35000,35500,8902378,8998330,9022584,8788708,64,67,62,63,4.659819500520825
p0_uniform,140750,139750,100000,40750,DC,10.0,True,-442.8011474609375,37.92552947998047,0.4964049160480499,0.09648308902978897,3.165111541748047,2.9045400619506836,0.0,35000,35250,35000,35500,8918387,9013951,9038610,8805052,49,80,70,57,7.055792700499296
p0_uniform,141000,140000,100000,41000,DC,10.0,True,-392.48480224609375,65.21841430664062,0.02471524477005005,0.09528196603059769,3.4608821868896484,2.917224645614624,0.0,35000,35500,35000,35500,8934148,9029834,9054463,8821555,64,61,70,61,9.381173900328577
p0_uniform,141250,140250,100000,41250,DO,3.1357645790798374,False,-438.0430603027344,28.506729125976562,1.1939122676849365,0.09461202472448349,3.2131991386413574,3.1095268726348877,0.0,35250,35500,35000,35500,8950109,9045983,9070101,8837807,69,68,53,66,11.609318099915981
p0_uniform,141500,140500,100000,41500,DO,6.002755856573757,False,-458.019775390625,30.813539505004883,0.6722882986068726,0.09482601284980774,3.375225067138672,3.128873825073242,0.0,35500,35500,35000,35500,8966004,9062016,9085764,8854216,60,69,58,69,13.904428600333631
p0_uniform,141750,140750,100000,41750,WO,0.47290255564950956,True,-401.35498046875,20.426530838012695,0.06319910287857056,0.09402261674404144,2.8799099922180176,2.6992459297180176,0.0,35500,35500,35250,35500,8982101,9078059,9101465,8870375,60,57,63,76,16.18975460063666
p0_uniform,142000,141000,100000,42000,WO,0.4814695089777163,True,-409.21539306640625,21.89252281188965,0.3348689079284668,0.09435578435659409,2.7579216957092285,2.8127713203430176,0.0,35500,35500,35500,35500,8998156,9093983,9117215,8886646,63,57,74,62,18.46052489988506
p0_uniform,142250,141250,100000,42250,DO,7.247735302731327,True,-399.21575927734375,15.651655197143555,-1.0305635929107666,0.09379780292510986,2.890892505645752,2.672609806060791,0.0,35750,35500,35500,35500,9014161,9110033,9133195,8902611,72,48,58,78,20.824879900552332
p0_uniform,142500,141500,100000,42500,DO,1.449714546179005,False,-407.9296569824219,30.32731819152832,-0.031616635620594025,0.09314995259046555,3.278994083404541,3.1040687561035156,0.0,36000,35500,35500,35500,9030485,9125937,9148878,8918700,62,59,72,63,23.13261550012976
p0_uniform,142750,141750,100000,42750,DC,10.0,True,-462.8302917480469,21.275482177734375,-0.6942462921142578,0.09440301358699799,2.5848543643951416,2.6282851696014404,0.0,36000,35750,35500,35500,9046735,9142096,9164558,8934611,64,68,62,62,25.49940580036491
p0_uniform,143000,142000,100000,43000,DC,10.0,True,-436.90301513671875,60.63700485229492,-0.7550951838493347,0.09462020546197891,4.633122444152832,3.104828357696533,0.0,36000,36000,35500,35500,9062926,9158266,9180090,8950718,67,62,63,64,27.693388500250876
p0_uniform,143250,142250,100000,43250,WO,0.2593252735796631,False,-438.2161865234375,20.017330169677734,-0.5021829605102539,0.09555591642856598,3.1131091117858887,2.904980182647705,0.0,36000,36000,35750,35500,9078964,9174515,9195801,8966720,64,67,69,56,29.924348399974406
p0_uniform,143500,142500,100000,43500,WO,0.12776359406299048,False,-409.5609130859375,18.076068878173828,-1.0826900005340576,0.09514033794403076,2.8474059104919434,2.7302229404449463,0.0,36000,36000,36000,35500,9094925,9190473,9211647,8982955,58,62,68,68,32.03855680022389
p0_uniform,143750,142750,100000,43750,WC,0.9278791586346626,False,-390.70062255859375,24.49156379699707,0.25446829199790955,0.09462016820907593,2.9018115997314453,2.916858196258545,0.0,36000,36000,36000,35750,9110950,9206377,9227564,8999109,58,59,79,60,34.017727800644934
p0_uniform,144000,143000,100000,44000,WC,7.404379402914076,True,-450.9500732421875,14.777413368225098,0.5740699172019958,0.09305146336555481,2.50154972076416,2.740105390548706,0.0,36000,36000,36000,36000,9126994,9222387,9243295,9015324,68,68,59,61,36.212604000233114
p0_uniform,144250,143250,100000,44250,DC,10.0,True,-452.44744873046875,17.193603515625,0.34239402413368225,0.09607885032892227,2.3531150817871094,3.2844414710998535,0.0,36000,36250,36000,36000,9142892,9238433,9259296,9031379,69,65,60,62,2.2059372002258897
p0_uniform,144500,143500,100000,44500,DC,10.0,True,-421.7881774902344,111.91918182373047,0.599875807762146,0.09658067673444748,3.282395601272583,3.0895285606384277,0.0,36000,36500,36000,36000,9158534,9254790,9275261,9047415,69,63,60,64,4.3073367001488805
p0_uniform,144750,143750,100000,44750,WO,0.45421166730191653,False,-461.18817138671875,33.58456039428711,-1.2168450355529785,0.09632650017738342,3.4578051567077637,3.4774322509765625,0.0,36000,36500,36250,36000,9174188,9270972,9291194,9063646,61,74,65,56,6.4339162008836865
p0_uniform,145000,144000,100000,45000,WO,0.6162506081638961,False,-462.63873291015625,27.946975708007812,0.2937421202659607,0.09569285064935684,3.549942970275879,3.5016045570373535,0.0,36000,36500,36500,36000,9189841,9287063,9307389,9079707,58,73,57,68,8.607296800240874
p0_uniform,145250,144250,100000,45250,DC,10.0,True,-458.59490966796875,24.982891082763672,-0.3378331661224365,0.09483888000249863,3.0696959495544434,3.135646343231201,0.0,36000,36750,36500,36000,9205527,9303187,9323644,9095642,74,69,57,56,10.804437400773168
p0_uniform,145500,144500,100000,45500,DC,10.0,True,-418.0670166015625,20.12110710144043,0.28852149844169617,0.09505140036344528,2.9696059226989746,2.553330898284912,0.0,36000,37000,36500,36000,9221452,9319159,9339699,9111690,58,60,69,69,13.040422500111163
p0_uniform,145750,144750,100000,45750,WO,0.25217459056224384,False,-431.64129638671875,17.095108032226562,-0.9502222537994385,0.09395859390497208,2.6340537071228027,2.4750821590423584,0.0,36000,37000,36750,36000,9237246,9335488,9355829,9127437,63,63,71,59,15.036946300417185
p0_uniform,146000,145000,100000,46000,WO,0.2513736143211635,False,-410.84735107421875,25.360422134399414,0.21039433777332306,0.09374403208494186,3.2392609119415283,2.88834810256958,0.0,36000,37000,37000,36000,9253146,9351693,9372009,9143152,65,61,67,63,17.06384630035609
p0_uniform,146250,145250,100000,46250,WC,2.675551942397264,False,-455.9800109863281,29.636751174926758,0.046459347009658813,0.09267297387123108,3.126715898513794,3.0822396278381348,0.0,36000,37000,37000,36250,9268946,9367984,9388242,9158828,64,65,62,65,19.28008610010147
p0_uniform,146500,145500,100000,46500,WC,4.106986885333836,False,-418.15509033203125,30.745555877685547,1.4254897832870483,0.09288273751735687,3.166149139404297,3.041292667388916,0.0,36000,37000,37000,36500,9284588,9384115,9404539,9174758,70,57,71,58,21.39742510020733
p0_uniform,146750,145750,100000,46750,DO,3.088993303779378,False,-468.2248229980469,16.976688385009766,0.4490422010421753,0.09524019807577133,2.9348013401031494,2.58335280418396,0.0,36250,37000,37000,36500,9300638,9400140,9420584,9190638,59,74,66,57,23.31879340019077
p0_uniform,147000,146000,100000,47000,DO,4.719177124626187,False,-409.117431640625,32.156166076660156,-0.4921993017196655,0.09426341950893402,3.228787899017334,3.3643505573272705,0.0,36500,37000,37000,36500,9316489,9415946,9436742,9206823,65,59,63,69,25.1349298004061
p0_uniform,147250,146250,100000,47250,DO,1.3245195030374197,False,-400.71600341796875,43.96720886230469,0.21081459522247314,0.09434075653553009,3.597430467605591,3.4240543842315674,0.0,36750,37000,37000,36500,9332424,9431981,9452851,9222744,67,58,69,62,26.941017100587487
p0_uniform,147500,146500,100000,47500,DO,1.0762616285899906,False,-420.1023864746094,24.90039825439453,-0.32653841376304626,0.09336299449205399,2.8630218505859375,2.819004535675049,0.0,37000,37000,37000,36500,9348269,9447991,9468902,9238838,67,56,68,65,28.758911800570786
p0_uniform,147750,146750,100000,47750,WC,6.979658075901398,True,-438.7552490234375,29.083332061767578,0.3665865659713745,0.09220781177282333,3.264298915863037,3.5450081825256348,0.0,37000,37000,37000,36750,9364376,9463984,9484948,9254692,69,60,59,68,30.624746900051832
p0_uniform,148000,147000,100000,48000,WC,6.114081683052758,True,-454.09521484375,19.00115203857422,0.7451069951057434,0.09406791627407074,3.148911952972412,2.788940906524658,0.0,37000,37000,37000,37000,9380488,9479910,9501014,9270588,75,68,52,61,32.46278800070286
p0_uniform,148250,147250,100000,48250,WO,0.43461253705071096,False,-424.5962219238281,27.356643676757812,-0.344858855009079,0.09518785029649734,3.0356526374816895,2.983168601989746,0.0,37000,37000,37250,37000,9396498,9496114,9517068,9286320,57,58,69,72,1.8061004001647234
p0_uniform,148500,147500,100000,48500,WO,0.43946798159829414,False,-457.6813659667969,107.09798431396484,-0.30074554681777954,0.094379723072052,3.7380025386810303,3.7486815452575684,0.0,37000,37000,37500,37000,9412499,9511805,9533484,9302212,66,71,65,54,3.604745199903846
p0_uniform,148750,147750,100000,48750,WC,6.292844371612356,True,-485.3257751464844,38.28834533691406,-1.0866761207580566,0.0932154506444931,3.450406074523926,3.0858402252197266,0.0,37000,37000,37500,37250,9428578,9527587,9549704,9318131,62,75,56,63,5.439456899650395
p0_uniform,149000,148000,100000,49000,WC,6.16141765611299,True,-444.06842041015625,52.00531768798828,0.022557616233825684,0.09154368191957474,4.341793537139893,3.0558130741119385,0.0,37000,37000,37500,37500,9444535,9542853,9566128,9334484,65,64,59,68,7.267934099771082
p0_uniform,149250,148250,100000,49250,WO,0.594242306073828,False,-468.08990478515625,27.143396377563477,0.6351955533027649,0.09116370975971222,3.6463446617126465,3.958479881286621,0.0,37000,37000,37750,37500,9460471,9558239,9582449,9350841,58,71,59,68,9.09977599978447
p0_uniform,149500,148500,100000,49500,WO,0.7195076574656802,False,-460.10107421875,28.601343154907227,1.1426416635513306,0.08953151106834412,3.357178211212158,3.2521700859069824,0.0,37000,37000,38000,37500,9476202,9573703,9598935,9367160,54,71,56,75,10.904664400033653
p0_uniform,149750,148750,100000,49750,DO,5.243944247991848,False,-430.2777404785156,24.245527267456055,0.4577934145927429,0.09095224738121033,2.969975471496582,3.572064161300659,0.0,37250,37000,38000,37500,9491923,9588904,9615728,9383445,58,60,67,71,12.73254569992423
p0_uniform,150000,149000,100000,50000,DO,5.939545858645587,False,-466.264404296875,268.06427001953125,0.5243680477142334,0.09243227541446686,4.426727294921875,4.074908256530762,0.0,37500,37000,38000,37500,9507884,9604332,9632104,9399680,59,73,59,65,14.577446799725294
p0_uniform,150250,149250,100000,50250,DO,4.4949033103392235,False,-390.8493347167969,13.691324234008789,-1.5347774028778076,0.0946999043226242,2.83242130279541,2.3206348419189453,0.0,37750,37000,38000,37500,9523972,9619613,9648330,9416085,65,49,71,71,16.39020979963243
p0_uniform,150500,149500,100000,50500,DO,3.487678890550912,False,-465.8614196777344,28.22905921936035,-0.4450203776359558,0.09487427026033401,4.213248252868652,3.5679776668548584,0.0,38000,37000,38000,37500,9540344,9634845,9664475,9432336,59,72,64,61,18.311927299946547
p0_uniform,150750,149750,100000,50750,DC,10.0,True,-466.93267822265625,55.89970779418945,0.1618874967098236,0.0943736881017685,3.296011447906494,3.2699012756347656,0.0,38000,37250,38000,37500,9556786,9650215,9680464,9448535,57,69,66,64,20.551906700246036
p0_uniform,151000,150000,100000,51000,DC,10.0,True,-481.2091369628906,20.83376693725586,-0.47136402130126953,0.09626001119613647,3.1575756072998047,2.7983055114746094,0.0,38000,37500,38000,37500,9573332,9665750,9696270,9464648,70,71,52,63,22.827959499321878
p0_uniform,151250,150250,100000,51250,WC,7.302459450943406,True,-402.7547302246094,14.36545467376709,0.37298157811164856,0.09386972337961197,2.6593730449676514,2.3910539150238037,0.0,38000,37500,38000,37750,9589479,9681524,9712302,9480695,62,50,70,74,25.052183299325407
p0_uniform,151500,150500,100000,51500,WC,2.3333203610785533,False,-495.2790832519531,36.005714416503906,-0.03516450524330139,0.09489463269710541,3.851327896118164,3.7435526847839355,0.0,38000,37500,38000,38000,9605749,9697264,9728176,9496811,71,65,45,75,27.270276499912143
p0_uniform,151750,150750,100000,51750,DC,10.0,True,-481.16375732421875,22.86442756652832,0.006874933838844299,0.09429380297660828,3.2510323524475098,2.6469969749450684,0.0,38000,37750,38000,38000,9622020,9713030,9744035,9512915,72,73,59,52,29.534833800047636
p0_uniform,152000,151000,100000,52000,DC,10.0,True,-453.506103515625,42.25395202636719,-0.34052836894989014,0.09440555423498154,3.8357841968536377,2.929243564605713,0.0,38000,38000,38000,38000,9638122,9728813,9760142,9528923,66,63,60,67,31.615042800083756
p0_uniform,152250,151250,100000,52250,DO,3.95071292800461,False,-460.08929443359375,35.66789245605469,-0.45521441102027893,0.09309399873018265,3.9339993000030518,3.7221665382385254,0.0,38250,38000,38000,38000,9654122,9744837,9776077,9544964,80,63,58,55,2.3379269000142813
p0_uniform,152500,151500,100000,52500,DO,4.601541276494647,False,-433.21527099609375,20.77996253967285,0.03262203931808472,0.09442644566297531,3.0315892696380615,2.7910430431365967,0.0,38500,38000,38000,38000,9670279,9760979,9791625,9561117,68,61,73,54,4.667469999752939
p0_uniform,152750,151750,100000,52750,DO,7.252769577862253,False,-483.2705078125,21.755353927612305,-0.3956260085105896,0.09362988919019699,2.8088667392730713,2.6166062355041504,0.0,38750,38000,38000,38000,9686746,9776858,9807282,9577114,59,75,57,65,6.917744199745357
p0_uniform,153000,152000,100000,53000,DO,5.615005544683887,False,-431.4725341796875,32.37514877319336,0.6653959155082703,0.09234795719385147,3.562790870666504,3.1020102500915527,0.0,39000,38000,38000,38000,9703276,9792533,9823180,9593011,63,61,70,62,8.983918000012636
p0_uniform,153250,152250,100000,53250,WC,0.9753495677701463,False,-450.64617919921875,40.648887634277344,-0.018982738256454468,0.09344734996557236,2.7484121322631836,2.4746782779693604,0.0,39000,38000,38000,38250,9719821,9808223,9838783,9609173,63,66,65,62,11.116065500304103
p0_uniform,153500,152500,100000,53500,WC,0.8993994283789823,False,-433.40716552734375,50.13050079345703,-1.1906421184539795,0.09512048959732056,3.4169135093688965,3.0546648502349854,0.0,39000,38000,38000,38500,9736487,9823576,9854502,9625435,71,54,67,64,13.26476029958576
p0_uniform,153750,152750,100000,53750,DC,10.0,True,-426.6611328125,27.700580596923828,-0.2717459797859192,0.09340744465589523,3.512448310852051,3.0951950550079346,0.0,39000,38250,38000,38500,9752959,9839074,9870248,9641719,63,57,70,66,15.579677700065076
p0_uniform,154000,153000,100000,54000,DC,10.0,True,-467.24371337890625,11.982873916625977,0.02890223264694214,0.09090513736009598,2.700882911682129,2.295102596282959,0.0,39000,38500,38000,38500,9769188,9854675,9886083,9658054,64,67,53,72,17.676916800439358
p0_uniform,154250,153250,100000,54250,DC,10.0,True,-433.74969482421875,18.439971923828125,0.6904294490814209,0.08860763162374496,2.761650562286377,2.29202938079834,0.0,39000,38750,38000,38500,9785560,9870409,9901840,9674191,57,58,70,71,19.641308199614286
p0_uniform,154500,153500,100000,54500,DC,10.0,True,-434.8281555175781,52.29351806640625,0.05817478895187378,0.09173927456140518,3.4389376640319824,3.268141269683838,0.0,39000,39000,38000,38500,9801993,9886228,9917496,9690283,58,60,69,69,21.54629070032388
p0_uniform,154750,153750,100000,54750,WO,0.42185299606769805,False,-489.37005615234375,36.56786346435547,0.3223511576652527,0.08957979083061218,3.8613414764404297,3.390357494354248,0.0,39000,39000,38250,38500,9818189,9902422,9933254,9706135,70,75,58,53,23.422599599696696
p0_uniform,155000,154000,100000,55000,WO,0.39868641763524604,False,-422.71649169921875,23.75452423095703,0.28408968448638916,0.09023191034793854,3.1204521656036377,3.345219850540161,0.0,39000,39000,38500,38500,9834249,9918342,9949199,9722210,63,54,65,74,25.27648719958961
p0_uniform,155250,154250,100000,55250,WO,0.2095046574334047,False,-444.77142333984375,13.775506973266602,-0.08696915209293365,0.09153342992067337,2.698535919189453,2.5217766761779785,0.0,39000,39000,38750,38500,9850224,9934267,9965294,9738215,70,56,63,67,27.163618000224233
p0_uniform,155500,154500,100000,55500,WO,0.21283800481411708,False,-420.7168273925781,25.899057388305664,0.3562809228897095,0.0906575545668602,2.6041436195373535,2.9752612113952637,0.0,39000,39000,39000,38500,9866269,9950389,9981060,9754282,61,60,70,65,29.02113930042833
p0_uniform,155750,154750,100000,55750,WC,6.144278547162013,True,-430.9196472167969,17.29767417907715,-0.030135810375213623,0.09174839407205582,2.742745876312256,2.544800281524658,0.0,39000,39000,39000,38750,9882295,9966288,9997042,9770375,59,59,77,61,30.92922960035503
p0_uniform,156000,155000,100000,56000,WC,5.938892492773919,True,-436.79278564453125,51.36601638793945,0.03643420338630676,0.09223347902297974,3.0253920555114746,3.463261127471924,0.0,39000,39000,39000,39000,9898242,9982228,10013227,9786303,69,52,59,76,32.73898879997432
p0_uniform,156250,155250,100000,56250,DO,1.5902977552825952,False,-429.27825927734375,18.914485931396484,-0.2093256413936615,0.09348372370004654,3.0488810539245605,2.940868854522705,0.0,39250,39000,39000,39000,9914275,9998231,10029088,9802406,56,58,75,67,1.8872360000386834
p0_uniform,156500,155500,100000,56500,DO,0.8861429061868764,False,-456.01849365234375,23.961708068847656,0.25296929478645325,0.0909302607178688,3.8222122192382812,2.932645082473755,0.0,39500,39000,39000,39000,9930546,10014313,10044885,9818256,56,60,59,81,3.78552919998765
p0_uniform,156750,155750,100000,56750,DC,10.0,True,-449.67681884765625,47.561790466308594,-0.7286438345909119,0.09083107113838196,3.667771339416504,3.6371326446533203,0.0,39500,39250,39000,39000,9946856,10030276,10060500,9834368,64,60,71,61,5.778807899914682
p0_uniform,157000,156000,100000,57000,DC,10.0,True,-470.92706298828125,153.64111328125,0.7827187776565552,0.09017664194107056,4.105277061462402,3.5217185020446777,0.0,39500,39500,39000,39000,9962877,10046564,10076150,9850409,60,71,59,66,7.775733700022101
p0_uniform,157250,156250,100000,57250,WC,6.396104755354564,True,-450.4542236328125,24.94472885131836,0.5911953449249268,0.09259526431560516,3.1018247604370117,3.0465941429138184,0.0,39500,39500,39000,39250,9978943,10062894,10091685,9866478,64,64,70,58,9.714445599354804
p0_uniform,157500,156500,100000,57500,WC,6.388170776934901,True,-425.0635986328125,23.508665084838867,1.6064051389694214,0.09608259052038193,3.7463948726654053,3.1481950283050537,0.0,39500,39500,39000,39500,9995075,10079266,10107055,9882604,59,57,65,75,11.600560599938035
p0_uniform,157750,156750,100000,57750,DC,10.0,True,-446.7138671875,20.735441207885742,-0.4608701467514038,0.09351303428411484,3.1177706718444824,2.6533329486846924,0.0,39500,39750,39000,39500,10011022,10095606,10122426,9898946,66,55,64,71,13.5142209995538
p0_uniform,158000,157000,100000,58000,DC,10.0,True,-454.5926208496094,18.91093635559082,0.05254769325256348,0.09255645424127579,2.919985294342041,2.5731120109558105,0.0,39500,40000,39000,39500,10027146,10111976,10137625,9915253,80,58,58,60,15.516490699723363
p0_uniform,158250,157250,100000,58250,WO,0.3822791064651957,False,-437.9541015625,17.914464950561523,-1.1295595169067383,0.09202008694410324,3.029757261276245,2.5845766067504883,0.0,39500,40000,39250,39500,10042858,10128126,10153212,9931804,73,54,61,68,17.553170499391854
p0_uniform,158500,157500,100000,58500,WO,0.2739409014345722,False,-432.2930908203125,21.978946685791016,0.10827156901359558,0.09065399318933487,2.980699062347412,2.810253620147705,0.0,39500,40000,39500,39500,10058770,10144250,10168765,9948215,63,54,74,65,19.495517499744892
p0_uniform,158750,157750,100000,58750,DO,1.1690386144740208,False,-478.28631591796875,21.544803619384766,0.19102083146572113,0.09239087998867035,2.772139072418213,3.462721109390259,0.0,39750,40000,39500,39500,10075038,10160139,10184535,9964288,76,60,53,67,21.46753339935094
p0_uniform,159000,158000,100000,59000,DO,1.0127634912368748,False,-430.96270751953125,29.161731719970703,0.14946582913398743,0.09171012789011002,3.3772454261779785,3.2218661308288574,0.0,40000,40000,39500,39500,10091352,10176117,10200111,9980420,62,63,73,58,23.45203830022365
p0_uniform,159250,158250,100000,59250,WC,5.331250216489927,True,-491.1612548828125,25.219940185546875,-0.7160892486572266,0.09254952520132065,3.5146656036376953,4.148980140686035,0.0,40000,40000,39500,39750,10107616,10192220,10215633,9996531,57,67,59,73,25.42553239967674
p0_uniform,159500,158500,100000,59500,WC,5.274650517970841,True,-442.25384521484375,24.66571044921875,-1.0248727798461914,0.09174962341785431,2.8561408519744873,2.501309394836426,0.0,40000,40000,39500,40000,10123773,10208132,10231214,10012881,64,62,68,62,27.29717869963497
p0_uniform,159750,158750,100000,59750,WO,0.46372455264622886,False,-481.8916931152344,34.185646057128906,0.13232064247131348,0.09035194665193558,4.029254913330078,3.4551734924316406,0.0,40000,40000,39750,40000,10139661,10224117,10246950,10029272,72,64,60,60,29.217665299773216
p0_uniform,160000,159000,100000,60000,WO,0.40451958114182884,False,-473.9717102050781,31.34590721130371,-0.4336334764957428,0.08825574815273285,3.1773834228515625,2.914262056350708,0.0,40000,40000,40000,40000,10155592,10240011,10263061,10045336,63,61,57,75,31.091302799992263
p0_uniform,160250,159250,100000,60250,DO,5.280176316612767,False,-427.8418884277344,28.424236297607422,-0.8317270874977112,0.08700435608625412,3.0423171520233154,3.019200325012207,0.0,40250,40000,40000,40000,10171820,10255669,10279082,10061429,78,54,68,56,1.9343707002699375
p0_uniform,160500,159500,100000,60500,DO,5.425022260224216,False,-419.6959533691406,37.388427734375,-0.630522608757019,0.08642292022705078,3.0039775371551514,2.799671173095703,0.0,40500,40000,40000,40000,10188029,10271773,10294789,10077409,59,55,72,70,3.876593000255525
p0_uniform,160750,159750,100000,60750,WC,8.107411379048772,True,-444.504638671875,28.392047882080078,0.45895877480506897,0.08678364008665085,2.8178653717041016,2.523286819458008,0.0,40500,40000,40000,40250,10204342,10287844,10310451,10093363,75,62,61,58,5.79359960090369
p0_uniform,161000,160000,100000,61000,WC,7.708817956176384,True,-495.2401123046875,20.486427307128906,-0.0550575852394104,0.08703512698411942,2.9968504905700684,2.6470816135406494,0.0,40500,40000,40000,40500,10220263,10303951,10326263,10109523,61,70,52,73,7.7132344003766775
p0_uniform,161250,160250,100000,61250,DC,10.0,True,-484.298583984375,41.438079833984375,1.9779486656188965,0.08770474791526794,4.627110481262207,4.630867958068848,0.0,40500,40250,40000,40500,10236251,10319961,10341933,10125855,63,62,47,84,9.572559600695968
p0_uniform,161500,160500,100000,61500,DC,10.0,True,-465.6875305175781,50.414276123046875,0.6268577575683594,0.08795475214719772,3.5249745845794678,3.3754119873046875,0.0,40500,40500,40000,40500,10252028,10336185,10357418,10142369,58,65,62,71,11.514193800278008
p0_uniform,161750,160750,100000,61750,WC,8.348960266576457,True,-483.755859375,25.859098434448242,0.5311414003372192,0.08829375356435776,3.4318881034851074,3.074901580810547,0.0,40500,40500,40000,40750,10267815,10352407,10372972,10158806,70,65,53,68,13.382786900736392
p0_uniform,162000,161000,100000,62000,WC,5.562564267748717,True,-461.43389892578125,20.685945510864258,0.15658468008041382,0.08923202008008957,2.986337661743164,2.7780098915100098,0.0,40500,40500,40000,41000,10283475,10368650,10388443,10175432,65,58,65,68,15.166676400229335
p0_uniform,162250,161250,100000,62250,DC,10.0,True,-492.59796142578125,28.765682220458984,-0.2541748583316803,0.09069627523422241,4.391446113586426,3.8107240200042725,0.0,40500,40750,40000,41000,10299079,10384923,10403860,10192138,72,61,51,72,17.00314710009843
p0_uniform,162500,161500,100000,62500,DC,10.0,True,-484.2513732910156,26.847675323486328,0.383963942527771,0.08982080966234207,3.213123321533203,2.809403419494629,0.0,40500,41000,40000,41000,10314830,10401232,10418989,10208949,61,70,58,67,18.78887760080397
p0_uniform,162750,161750,100000,62750,WO,0.4470322872548034,False,-471.7926940917969,24.21076011657715,-0.4846288859844208,0.09012855589389801,3.010575771331787,3.180717945098877,0.0,40500,41000,40250,41000,10330400,10417673,10434352,10225575,59,63,62,72,20.588966500014067
p0_uniform,163000,162000,100000,63000,WO,0.4328004080244572,False,-464.49993896484375,43.10036087036133,0.657576322555542,0.08861657232046127,3.338135242462158,3.1202125549316406,0.0,40500,41000,40500,41000,10346074,10434034,10449862,10242030,56,63,60,77,22.39392080064863
p0_uniform,163250,162250,100000,63250,WO,0.9187417132755954,False,-456.8243408203125,20.053531646728516,-0.767978847026825,0.09009317308664322,2.7226061820983887,2.664466381072998,0.0,40500,41000,40750,41000,10361684,10450308,10465656,10258352,63,62,66,65,24.2186639001593
p0_uniform,163500,162500,100000,63500,WO,0.9013765863464827,False,-469.5542297363281,29.511253356933594,0.251751184463501,0.08955948054790497,3.3262529373168945,3.049083948135376,0.0,40500,41000,41000,41000,10377359,10466561,10481668,10274412,72,65,62,57,25.99830530025065
p0_uniform,163750,162750,100000,63750,DO,1.7312977509107719,False,-440.61077880859375,18.891998291015625,0.7855141162872314,0.08986978232860565,2.928838014602661,2.87251615524292,0.0,40750,41000,41000,41000,10393084,10482742,10497743,10290431,61,57,68,70,27.83479760028422
p0_uniform,164000,163000,100000,64000,DO,3.2355551828379103,False,-496.4602355957031,22.07295036315918,0.13503605127334595,0.08959189802408218,2.589694023132324,2.6944665908813477,0.0,41000,41000,41000,41000,10408983,10498718,10513773,10306526,66,67,51,72,29.639946900308132
p0_uniform,164250,163250,100000,64250,DO,6.460085580081772,True,-444.8300476074219,34.92604064941406,-0.8942505121231079,0.08818120509386063,3.7925472259521484,3.6181206703186035,0.0,41250,41000,41000,41000,10425205,10514663,10529710,10322422,71,56,63,66,1.790965000167489
p0_uniform,164500,163500,100000,64500,DO,7.57797391124525,True,-463.07598876953125,20.90040397644043,-0.6692327857017517,0.08698797225952148,2.938805103302002,2.7960891723632812,0.0,41500,41000,41000,41000,10441328,10530489,10545849,10338334,64,64,68,60,3.5529574006795883
p0_uniform,164750,163750,100000,64750,DC,10.0,True,-444.2364807128906,20.050765991210938,-0.29780012369155884,0.08700454980134964,2.9170851707458496,2.5563087463378906,0.0,41500,41250,41000,41000,10457398,10546339,10561792,10354471,73,57,63,63,5.357199700549245
p0_uniform,165000,164000,100000,65000,DC,10.0,True,-450.7140808105469,30.170177459716797,0.20823097229003906,0.08740083873271942,3.304725170135498,2.774017810821533,0.0,41500,41500,41000,41000,10473622,10562207,10577687,10370484,52,62,71,71,7.168964000418782
p0_uniform,165250,164250,100000,65250,DO,4.365300222382743,False,-441.3145751953125,185.27151489257812,1.0094497203826904,0.08829941600561142,4.09528923034668,3.6319568157196045,0.0,41750,41500,41000,41000,10489672,10578319,10593670,10386339,65,56,57,78,8.99796780012548
p0_uniform,165500,164500,100000,65500,DO,3.6915277182210033,False,-449.81365966796875,21.87664031982422,-0.7855588793754578,0.08910951763391495,2.9143967628479004,2.5658771991729736,0.0,42000,41500,41000,41000,10505747,10594358,10609841,10402054,70,59,66,61,10.80524570029229
p0_uniform,165750,164750,100000,65750,WO,0.5961008747199841,False,-503.351318359375,43.579830169677734,-0.6894280910491943,0.08890368044376373,3.2955989837646484,3.194575071334839,0.0,42000,41500,41250,41000,10522220,10610407,10625494,10417879,54,74,64,64,12.599816200323403
p0_uniform,166000,165000,100000,66000,WO,0.6215675177412856,False,-488.6669006347656,24.326251983642578,0.7880378365516663,0.0893474593758583,2.7698094844818115,3.4428787231445312,0.0,42000,41500,41500,41000,10538699,10626462,10641427,10433412,68,74,55,59,14.73504040017724
p0_uniform,166250,165250,100000,66250,WO,0.6256230404763841,False,-487.30035400390625,30.96295166015625,1.9042861461639404,0.08991368114948273,3.5236434936523438,3.137580633163452,0.0,42000,41500,41750,41000,10555183,10642334,10657451,10449032,63,63,49,81,17.02943510003388
p0_uniform,166500,165500,100000,66500,WO,0.6209121897416061,False,-437.5904235839844,39.14460754394531,-0.7257609367370605,0.09017392992973328,3.3592898845672607,3.0807361602783203,0.0,42000,41500,42000,41000,10571342,10658344,10673702,10464612,53,58,83,62,19.25394120067358
p0_uniform,166750,165750,100000,66750,WC,7.423303810270793,True,-455.1056823730469,49.845672607421875,-0.3392238914966583,0.08897493034601212,3.1952035427093506,3.4175527095794678,0.0,42000,41500,42000,41250,10587769,10674006,10689938,10480287,73,58,66,59,21.560832399874926
p0_uniform,167000,166000,100000,67000,WC,6.725714776286584,True,-444.0389709472656,27.520036697387695,0.4521920680999756,0.09009511023759842,3.1028754711151123,2.8919968605041504,0.0,42000,41500,42000,41500,10604026,10689574,10706050,10496350,65,55,67,69,23.76783169992268
p0_uniform,167250,166250,100000,67250,DC,10.0,True,-438.2169189453125,21.299043655395508,-0.7418988943099976,0.09223303943872452,2.9316203594207764,3.4671947956085205,0.0,42000,41750,42000,41500,10620193,10705251,10722156,10512400,70,52,71,63,25.979787000454962
p0_uniform,167500,166500,100000,67500,DC,10.0,True,-498.9559326171875,20.533559799194336,0.5338115692138672,0.09212382882833481,2.9707460403442383,3.078847646713257,0.0,42000,42000,42000,41500,10636439,10721150,10738225,10528186,68,70,56,62,28.171220400370657
p0_uniform,167750,166750,100000,67750,WC,6.75260758264084,True,-486.42535400390625,31.10970115661621,0.8086085915565491,0.09210184961557388,3.1441686153411865,3.141371488571167,0.0,42000,42000,42000,41750,10652582,10737150,10754268,10544000,74,67,52,63,30.555592900142074
p0_uniform,168000,167000,100000,68000,WC,6.853686955391347,True,-456.9442138671875,30.828781127929688,0.8253698348999023,0.0914560928940773,2.8591511249542236,2.735840320587158,0.0,42000,42000,42000,42000,10668769,10752986,10770353,10559892,71,58,65,62,32.68279530014843
p0_uniform,168250,167250,100000,68250,WC,7.706625761548029,True,-535.8695068359375,36.024803161621094,1.3202307224273682,0.09273694455623627,3.4916481971740723,3.1448428630828857,0.0,42000,42000,42000,42250,10684863,10769081,10786240,10575816,61,77,49,69,2.204537999816239
p0_uniform,168500,167500,100000,68500,WC,7.200172916059959,True,-485.25286865234375,25.102890014648438,-0.8334461450576782,0.09371479600667953,3.1363210678100586,3.0381152629852295,0.0,42000,42000,42000,42500,10700804,10784943,10802174,10592079,56,69,73,58,4.480879999697208
p0_uniform,168750,167750,100000,68750,WC,6.783531322203478,True,-477.10467529296875,65.28448486328125,0.6655604243278503,0.09553926438093185,3.5850768089294434,3.1459460258483887,0.0,42000,42000,42000,42750,10716682,10801037,10817884,10608397,67,63,54,72,6.735388999804854
p0_uniform,169000,168000,100000,69000,WC,6.933174926883923,True,-459.3570251464844,32.49946594238281,0.5524652600288391,0.09398087114095688,3.1323070526123047,3.002707004547119,0.0,42000,42000,42000,43000,10732472,10817071,10833487,10624970,61,56,64,75,8.88423219975084
p0_uniform,169250,168250,100000,69250,DO,2.3090934659977336,False,-478.3976135253906,22.763776779174805,0.9977192878723145,0.0947786420583725,2.5712382793426514,2.5589749813079834,0.0,42250,42000,42000,43000,10748082,10833296,10849115,10641507,66,71,64,55,10.784163399599493
p0_uniform,169500,168500,100000,69500,DO,8.024925104325249,True,-485.2975158691406,38.002288818359375,0.05085776746273041,0.09485267847776413,3.3939924240112305,2.962655544281006,0.0,42500,42000,42000,43000,10763633,10849216,10864888,10658263,59,65,61,71,12.680204199627042
p0_uniform,169750,168750,100000,69750,WO,0.3206725131086771,False,-482.8443298339844,30.482311248779297,-0.20642393827438354,0.09370385855436325,3.5195188522338867,3.673794984817505,0.0,42500,42000,42250,43000,10779417,10865112,10880795,10674676,62,70,62,62,14.513011800125241
p0_uniform,170000,169000,100000,70000,WO,0.33013304708388763,False,-443.2757263183594,19.502540588378906,0.4402082562446594,0.09502258896827698,2.907364845275879,2.8015267848968506,0.0,42500,42000,42500,43000,10795005,10881198,10896557,10691240,64,55,62,75,16.34266289975494
p0_uniform,170250,169250,100000,70250,DC,10.0,True,-468.0271911621094,16.864206314086914,0.08983644843101501,0.09673801064491272,2.8657567501068115,2.765872001647949,0.0,42500,42250,42500,43000,10810735,10897127,10912085,10708053,60,63,66,67,18.183295900002122
p0_uniform,170500,169500,100000,70500,DC,10.0,True,-475.22344970703125,18.99089241027832,-0.45530974864959717,0.0964403823018074,3.074949026107788,2.9081108570098877,0.0,42500,42500,42500,43000,10826559,10913015,10927849,10724577,59,66,62,69,19.981593899428844
p0_uniform,170750,169750,100000,70750,DO,2.5306710534066914,False,-448.0123291015625,17.83080291748047,-0.40984654426574707,0.09574663639068604,2.7216172218322754,2.7462005615234375,0.0,42750,42500,42500,43000,10842190,10929246,10943442,10741122,59,57,70,70,21.830300799570978
p0_uniform,171000,170000,100000,71000,DO,2.9385728735655974,False,-494.3880310058594,20.650711059570312,-0.14346736669540405,0.09405342489480972,2.6018335819244385,2.412686347961426,0.0,43000,42500,42500,43000,10857910,10945289,10959265,10757536,62,67,60,67,23.70041999965906
p0_uniform,171250,170250,100000,71250,WO,0.49910433746503724,False,-469.32037353515625,19.272762298583984,-0.09031479060649872,0.09313047677278519,3.3332767486572266,2.9061694145202637,0.0,43000,42500,42750,43000,10873889,10961330,10975011,10773770,68,56,53,79,25.570597199723125
p0_uniform,171500,170500,100000,71500,WO,0.49609710814580926,False,-470.7936706542969,39.40119552612305,0.3606206178665161,0.09245903789997101,3.2029075622558594,3.241957187652588,0.0,43000,42500,43000,43000,10889902,10977267,10990799,10790032,65,64,65,62,27.541190899908543
p0_uniform,171750,170750,100000,71750,DC,10.0,True,-518.98974609375,26.108673095703125,0.37161022424697876,0.09260230511426926,3.6002140045166016,2.940709114074707,0.0,43000,42750,43000,43000,10906104,10993180,11006669,10806047,57,79,58,62,29.50457299966365
p0_uniform,172000,171000,100000,72000,DC,10.0,True,-480.7106018066406,32.073299407958984,-0.15624897181987762,0.0954614207148552,3.0015578269958496,3.3012382984161377,0.0,43000,43000,43000,43000,10921809,11009382,11022681,10822128,67,68,59,62,31.423929199576378
p0_uniform,172250,171250,100000,72250,WO,0.6344291851668726,False,-453.70147705078125,42.54063415527344,0.1120193600654602,0.09408709406852722,3.201544761657715,2.8711466789245605,0.0,43000,43000,43250,43000,10937628,11025404,11038847,10838121,67,60,69,60,1.902856600470841
p0_uniform,172500,171500,100000,72500,WO,0.634686064893054,False,-451.2613830566406,14.07400131225586,0.6211891174316406,0.09286883473396301,2.7595951557159424,2.699002742767334,0.0,43000,43000,43500,43000,10953464,11041086,11055092,10854358,67,56,64,69,3.839786999858916
p0_uniform,172750,171750,100000,72750,DC,10.0,True,-471.81689453125,39.73992156982422,0.6063632965087891,0.09262073785066605,3.7460732460021973,2.9755547046661377,0.0,43000,43250,43500,43000,10969368,11056770,11071566,10870296,61,66,70,59,5.684945399872959
p0_uniform,173000,172000,100000,73000,DC,10.0,True,-489.7311706542969,52.01983642578125,-0.679500937461853,0.09434212744235992,4.63392448425293,3.669196605682373,0.0,43000,43500,43500,43000,10985085,11072830,11088088,10885997,51,69,69,67,7.521049700677395
p0_uniform,173250,172250,100000,73250,WC,7.000124861945947,True,-472.7950744628906,77.54557037353516,-0.22471728920936584,0.0954328402876854,3.0733819007873535,3.0076236724853516,0.0,43000,43500,43500,43250,11000929,11088763,11104502,10901806,57,70,73,56,9.381424000486732
p0_uniform,173500,172500,100000,73500,WC,6.397765345532567,True,-484.929443359375,16.946073532104492,0.040877565741539,0.09638464450836182,2.5571508407592773,3.0207695960998535,0.0,43000,43500,43500,43500,11016557,11104748,11120876,10917819,70,63,62,61,11.276716300286353
p0_uniform,173750,172750,100000,73750,WC,7.308406076296644,True,-457.3882141113281,14.878118515014648,-0.5854493975639343,0.09531738609075546,2.8885958194732666,2.334868907928467,0.0,43000,43500,43500,43750,11032242,11120767,11137234,10933757,72,55,65,64,13.303836800158024
p0_uniform,174000,173000,100000,74000,WC,7.355745957030572,True,-504.9693298339844,19.90460205078125,0.8050366044044495,0.09297746419906616,3.10176420211792,2.9608917236328125,0.0,43000,43500,43500,44000,11047675,11137069,11153334,10949922,57,73,56,70,15.310418600216508
p0_uniform,174250,173250,100000,74250,DO,4.153688365640687,False,-469.20306396484375,20.229328155517578,0.5649266839027405,0.09400203824043274,2.9913227558135986,3.1297237873077393,0.0,43250,43500,43500,44000,11063215,11152965,11169737,10966083,66,56,63,71,17.367012100294232
p0_uniform,174500,173500,100000,74500,DO,4.564336200097074,False,-471.5733642578125,20.440624237060547,-0.13437727093696594,0.09555131196975708,2.797396659851074,2.7845048904418945,0.0,43500,43500,43500,44000,11079010,11168820,11185933,10982237,59,67,68,62,19.440275100059807
p0_uniform,174750,173750,100000,74750,WO,0.6277528432307121,False,-479.8903503417969,24.108596801757812,-0.4242064952850342,0.09624746441841125,2.7273383140563965,3.0989928245544434,0.0,43500,43500,43750,44000,11094759,11184542,11202109,10998590,65,64,65,62,21.44544310029596
p0_uniform,175000,174000,100000,75000,WO,0.6277645042111528,False,-462.5423278808594,28.14189910888672,-1.0441608428955078,0.09630123525857925,3.152184009552002,2.8016953468322754,0.0,43500,43500,44000,44000,11110351,11200358,11218413,11014878,59,58,72,67,23.479142600670457
p0_uniform,175250,174250,100000,75250,DC,10.0,True,-494.0423278808594,44.379398345947266,-0.4660024642944336,0.09428753703832626,4.080465793609619,3.7371551990509033,0.0,43500,43750,44000,44000,11126040,11216181,11234589,11031190,63,66,53,74,25.450506400316954
p0_uniform,175500,174500,100000,75500,DC,10.0,True,-492.6720275878906,21.18106460571289,1.1999080181121826,0.09201962500810623,2.965034246444702,2.8389968872070312,0.0,43500,44000,44000,44000,11141723,11232247,11250921,11047109,65,63,58,70,27.43326310068369
p0_uniform,175750,174750,100000,75750,DO,5.332922474671653,False,-471.41021728515625,27.333187103271484,0.28722578287124634,0.09157280623912811,2.8022546768188477,3.0982298851013184,0.0,43750,44000,44000,44000,11157468,11248306,11267092,11063134,61,64,71,60,29.39479919988662
p0_uniform,176000,175000,100000,76000,DO,4.738521760874766,False,-530.6485595703125,16.593063354492188,0.3264918327331543,0.09163480997085571,3.029386043548584,2.6015784740448,0.0,44000,44000,44000,44000,11173312,11264332,11283383,11078973,58,70,53,75,31.462026400491595
p0_uniform,176250,175250,100000,76250,WO,0.36899666175434176,False,-462.65850830078125,11.015642166137695,-1.0097399950027466,0.09281784296035767,2.1537582874298096,2.071650505065918,0.0,44000,44000,44250,44000,11189385,11280278,11299354,11094983,54,68,86,48,1.9502814998850226
p0_uniform,176500,175500,100000,76500,WO,0.3492892780475431,False,-448.71551513671875,27.168485641479492,-1.0704729557037354,0.0919593796133995,2.9088516235351562,2.690027952194214,0.0,44000,44000,44500,44000,11205093,11296170,11315775,11110962,57,59,73,67,3.9471681993454695
p0_uniform,176750,175750,100000,76750,WO,1.9794054719141985,False,-470.656494140625,15.823810577392578,-0.1297786384820938,0.09112432599067688,2.8849942684173584,2.3489930629730225,0.0,44000,44000,44750,44000,11221071,11312218,11331959,11126752,60,65,63,68,5.846334799192846
p0_uniform,177000,176000,100000,77000,WO,0.4209134710948168,True,-430.9583740234375,15.287226676940918,-0.723080039024353,0.09200821816921234,2.408306837081909,2.413574457168579,0.0,44000,44000,45000,44000,11236599,11328139,11348432,11142830,67,51,74,64,7.80054559931159
p0_uniform,177250,176250,100000,77250,DO,2.71563761349175,False,-492.9669494628906,23.568321228027344,-0.7863885164260864,0.09222208708524704,3.428403854370117,3.3620526790618896,0.0,44250,44000,45000,44000,11252275,11344142,11364720,11158863,70,63,62,61,9.62522229924798
p0_uniform,177500,176500,100000,77500,DO,4.28869676757964,False,-456.39892578125,37.62150955200195,0.5107306241989136,0.09270971268415451,3.2940316200256348,3.2395825386047363,0.0,44500,44000,45000,44000,11268147,11360132,11380968,11174753,64,62,74,56,11.438197499141097
p0_uniform,177750,176750,100000,77750,DC,10.0,True,-499.73699951171875,24.816009521484375,0.02928382158279419,0.09351493418216705,3.1042611598968506,3.139768600463867,0.0,44500,44250,45000,44000,11284126,11375818,11397269,11190787,57,71,61,67,13.312052899971604
p0_uniform,178000,177000,100000,78000,DC,10.0,True,-475.6138916015625,51.4843864440918,0.2926234304904938,0.09317858517169952,4.1339898109436035,3.947819709777832,0.0,44500,44500,45000,44000,11300108,11391880,11413622,11206390,59,66,74,57,15.210384999401867
p0_uniform,178250,177250,100000,78250,WC,6.921169672395077,True,-492.1296081542969,96.13661193847656,0.24961675703525543,0.09257190674543381,3.4852888584136963,3.1572446823120117,0.0,44500,44500,45000,44250,11315979,11407812,11430016,11222193,61,65,63,67,17.017195199616253
p0_uniform,178500,177500,100000,78500,WC,6.116960262672729,True,-460.0887145996094,28.679141998291016,0.7110788822174072,0.09420302510261536,3.1576614379882812,3.742093324661255,0.0,44500,44500,45000,44500,11331842,11423781,11446351,11238026,68,59,72,57,18.85605809930712
p0_uniform,178750,177750,100000,78750,WC,7.507349171609093,True,-454.4010009765625,20.01666259765625,-0.757077157497406,0.0971560925245285,2.8859853744506836,2.998854637145996,0.0,44500,44500,45000,44750,11347648,11439526,11462544,11254282,66,54,74,62,20.668250799179077
p0_uniform,179000,178000,100000,79000,WC,6.606753424363489,True,-470.9744567871094,32.105873107910156,-0.4802229702472687,0.09810059517621994,3.6016786098480225,3.4049835205078125,0.0,44500,44500,45000,45000,11363444,11455016,11478855,11270685,64,66,72,54,22.586971099488437
p0_uniform,179250,178250,100000,79250,DO,4.954299174688929,False,-484.68115234375,13.105091094970703,0.43516212701797485,0.09689446538686752,2.923616409301758,2.201488494873047,0.0,44750,44500,45000,45000,11379265,11470723,11495276,11286736,65,64,65,62,24.559536499902606
p0_uniform,179500,178500,100000,79500,DO,4.3776863828586565,False,-448.641845703125,104.79376220703125,-0.39702433347702026,0.0963759794831276,3.376941680908203,3.1918578147888184,0.0,45000,44500,45000,45000,11395235,11486549,11511574,11302642,60,57,79,60,26.53264299966395
p0_uniform,179750,178750,100000,79750,DC,10.0,True,-500.7376403808594,35.423057556152344,0.7687678337097168,0.09676222503185272,2.6774327754974365,3.039058208465576,0.0,45000,44750,45000,45000,11411299,11502203,11527777,11318721,56,68,63,69,28.55731729976833
p0_uniform,180000,179000,100000,80000,DC,10.0,True,-501.40673828125,23.03447151184082,0.2631274461746216,0.09706661105155945,2.9986910820007324,2.6384453773498535,0.0,45000,45000,45000,45000,11427211,11518098,11543764,11334927,56,69,64,67,30.40526109933853
p0_uniform,180250,179250,100000,80250,DO,6.2609656541606356,False,-480.2716979980469,55.155982971191406,0.4108654260635376,0.09644809365272522,3.3351001739501953,3.131563663482666,0.0,45250,45000,45000,45000,11443252,11534242,11559636,11350870,71,52,53,80,1.9645710000768304
p0_uniform,180500,179500,100000,80500,DO,3.3122849348095302,False,-494.03125,24.979419708251953,0.21941250562667847,0.09594538062810898,3.044938087463379,3.4564902782440186,0.0,45500,45000,45000,45000,11459333,11550263,11575561,11366843,53,66,64,73,3.7358290003612638
p0_uniform,180750,179750,100000,80750,WO,0.27924043849810276,False,-505.74249267578125,22.714977264404297,0.6901706457138062,0.09884848445653915,3.1756391525268555,2.6641712188720703,0.0,45500,45000,45250,45000,11475630,11566413,11591312,11382645,65,71,65,55,5.495545100420713
p0_uniform,181000,180000,100000,81000,WO,0.2705400598758579,False,-466.013427734375,27.52621078491211,-1.4626811742782593,0.0983838438987732,3.0412609577178955,2.8909711837768555,0.0,45500,45000,45500,45000,11491755,11582539,11607196,11398510,69,59,71,57,7.265144499950111
p0_uniform,181250,180250,100000,81250,DC,10.0,True,-520.8324584960938,16.49979019165039,0.11256447434425354,0.09709634631872177,3.0313503742218018,2.7208011150360107,0.0,45500,45250,45500,45000,11507559,11598729,11623033,11414679,65,77,62,52,9.459629900753498
p0_uniform,181500,180500,100000,81500,DC,10.0,True,-516.8291015625,18.165142059326172,-1.035149335861206,0.09762038290500641,2.859189510345459,2.735567092895508,0.0,45500,45500,45500,45000,11523635,11614541,11639110,11430714,68,70,54,64,11.661069000139832
p0_uniform,181750,180750,100000,81750,WC,8.710523470484421,True,-476.26763916015625,21.613750457763672,-0.202985942363739,0.09696020931005478,3.403719902038574,2.828352928161621,0.0,45500,45500,45500,45250,11539707,11630481,11655082,11446730,60,59,60,77,13.913292500190437
p0_uniform,182000,181000,100000,82000,WC,7.337537122416153,True,-464.5813293457031,13.830883026123047,-1.1029772758483887,0.09724130481481552,2.528517961502075,2.432178258895874,0.0,45500,45500,45500,45500,11555704,11646220,11671079,11462997,61,56,70,69,16.301605200394988
p0_uniform,182250,181250,100000,82250,WO,0.2943826874483984,False,-464.134033203125,26.265480041503906,1.1419947147369385,0.10116439312696457,2.6671602725982666,2.51159405708313,0.0,45500,45500,45750,45500,11571699,11661858,11687191,11479252,59,60,73,64,18.589344300329685
p0_uniform,182500,181500,100000,82500,WO,0.3164066641707215,False,-480.7663269042969,37.144351959228516,1.461586594581604,0.10301115363836288,3.3290741443634033,3.139791488647461,0.0,45500,45500,46000,45500,11587488,11677592,11703586,11495334,86,54,47,69,20.825511599890888
p0_uniform,182750,181750,100000,82750,DC,10.0,True,-508.91387939453125,26.97907257080078,0.8977505564689636,0.10401284694671631,2.850126028060913,2.6724040508270264,0.0,45500,45750,46000,45500,11603097,11693354,11719864,11511685,56,73,66,61,23.116195300593972
p0_uniform,183000,182000,100000,83000,DC,10.0,True,-498.2611083984375,18.294795989990234,-0.8564972281455994,0.10438989847898483,2.606675863265991,3.0581350326538086,0.0,45500,46000,46000,45500,11618668,11709417,11736081,11527834,68,69,61,58,25.410176999866962
p0_uniform,183250,182250,100000,83250,DO,8.25247498426133,True,-521.722900390625,15.90577507019043,0.6789793968200684,0.10135738551616669,2.5540528297424316,2.5469412803649902,0.0,45750,46000,46000,45500,11634464,11725369,11752295,11543872,51,72,65,68,27.782654500566423
p0_uniform,183500,182500,100000,83500,DO,8.677477849853489,True,-478.56024169921875,32.2786750793457,-0.813184380531311,0.10070434957742691,3.293226957321167,3.0979390144348145,0.0,46000,46000,46000,45500,11650363,11741434,11768532,11559671,69,58,67,62,30.131389900110662
p0_uniform,183750,182750,100000,83750,WC,8.282074584373829,True,-484.8960266113281,16.72823715209961,0.8550018668174744,0.10163671523332596,2.6507582664489746,2.8734028339385986,0.0,46000,46000,46000,45750,11666397,11757500,11784717,11575386,62,56,61,77,32.41907750070095
p0_uniform,184000,183000,100000,84000,WC,6.690778155801772,True,-558.081298828125,16.611080169677734,-0.7828878164291382,0.1020757406949997,2.6997547149658203,2.9072105884552,0.0,46000,46000,46000,46000,11682402,11773460,11800872,11591266,65,75,45,71,34.785113400779665
p0_uniform,184250,183250,100000,84250,DC,0.0,False,-481.13427734375,19.412160873413086,0.38450801372528076,0.10342851281166077,2.7817723751068115,2.988259792327881,0.0,46000,46250,46000,46000,11698390,11789611,11816874,11607125,70,63,67,56,2.3074072003364563
p0_uniform,184500,183500,100000,84500,DC,0.0,False,-557.6127319335938,15.294312477111816,1.146322250366211,0.10424590110778809,2.4765734672546387,2.9049816131591797,0.0,46000,46500,46000,46000,11714442,11805919,11832889,11622750,65,84,51,56,4.525777800008655
p0_uniform,184750,183750,100000,84750,WC,2.4564404924468266,True,-547.3831787109375,15.29738998413086,0.5671108961105347,0.1046476885676384,2.6761739253997803,2.593578815460205,0.0,46000,46500,46000,46250,11730465,11822261,11848765,11638509,60,75,54,67,6.7837894996628165
p0_uniform,185000,184000,100000,85000,WC,6.480920264962577,True,-494.223876953125,15.142410278320312,-0.04260098934173584,0.10665532201528549,2.6007614135742188,2.3660736083984375,0.0,46000,46500,46000,46500,11746573,11838221,11864853,11654353,62,65,64,65,9.07618649955839
p0_uniform,185250,184250,100000,85250,DC,10.0,True,-517.5693359375,40.24734878540039,0.4547908306121826,0.10624897480010986,3.1753008365631104,2.807021141052246,0.0,46000,46750,46000,46500,11762573,11854364,11880673,11670390,55,72,62,67,11.320428400300443
p0_uniform,185500,184500,100000,85500,DC,10.0,True,-477.98486328125,32.16633605957031,-0.49539482593536377,0.10465215891599655,3.3139848709106445,2.9864330291748047,0.0,46000,47000,46000,46500,11778575,11870690,11896380,11686355,97,46,56,57,13.59952070005238
p0_uniform,185750,184750,100000,85750,WO,0.5177880087890914,False,-516.156494140625,14.066600799560547,-0.2191556692123413,0.10148248821496964,2.653609037399292,2.679616928100586,0.0,46000,47000,46250,46500,11794700,11886973,11911979,11702348,67,68,60,61,15.837944500148296
p0_uniform,186000,185000,100000,86000,WO,0.4091272980790455,False,-525.0048828125,15.616344451904297,0.8686771392822266,0.10351352393627167,2.448251962661743,2.6999759674072266,0.0,46000,47000,46500,46500,11810859,11903317,11927479,11718345,69,71,52,64,18.046837899833918
p0_uniform,186250,185250,100000,86250,WO,0.49371333889994395,False,-495.1158447265625,20.00182342529297,0.7428533434867859,0.1015830710530281,2.9607443809509277,3.1596055030822754,0.0,46000,47000,46750,46500,11826713,11919706,11943350,11734231,65,71,67,53,20.40005199983716
p0_uniform,186500,185500,100000,86500,WO,0.528355883467327,False,-466.7745361328125,24.530052185058594,0.5691763162612915,0.10354015231132507,3.0496726036071777,3.7023956775665283,0.0,46000,47000,47000,46500,11842463,11936032,11959272,11750233,55,63,82,56,22.727263200096786
p0_uniform,186750,185750,100000,86750,WC,7.076013868652657,True,-500.862060546875,22.653385162353516,0.15396848320960999,0.10144352167844772,3.092935562133789,3.2139601707458496,0.0,46000,47000,47000,46750,11858335,11952528,11974917,11766220,58,62,62,74,25.054496199823916
p0_uniform,187000,186000,100000,87000,WC,7.222240792471362,True,-484.0067138671875,12.800119400024414,0.2367526888847351,0.09996894001960754,2.5929465293884277,2.3243236541748047,0.0,46000,47000,47000,47000,11874011,11968957,11990863,11782169,60,63,71,62,27.266099199652672
p0_uniform,187250,186250,100000,87250,DO,5.546358419758384,False,-489.75714111328125,29.065828323364258,0.11039280891418457,0.09752904623746872,2.785926580429077,2.673853874206543,0.0,46250,47000,47000,47000,11889684,11985081,12007065,11798170,69,66,70,51,29.519155600108206
p0_uniform,187500,186500,100000,87500,DO,8.820582944528228,True,-500.86236572265625,19.084369659423828,0.15764158964157104,0.09506227821111679,3.064051389694214,2.6324968338012695,0.0,46500,47000,47000,47000,11905645,12001407,12022915,11814033,63,62,63,68,31.70386980008334
p0_uniform,187750,186750,100000,87750,DO,8.614218734515418,True,-493.8461608886719,19.751052856445312,-1.0196037292480469,0.09690523147583008,2.9440479278564453,2.797257423400879,0.0,46750,47000,47000,47000,11921532,12017349,12038835,11830284,78,60,65,53,33.97126690018922
p0_uniform,188000,187000,100000,88000,DO,8.38735077055662,True,-504.0924377441406,32.64497756958008,1.2282707691192627,0.10076001286506653,3.376509189605713,3.003255844116211,0.0,47000,47000,47000,47000,11937554,12033431,12054714,11846301,66,56,54,80,36.19281139969826
p0_uniform,188250,187250,100000,88250,WC,8.377192996432552,True,-512.6304931640625,27.25466537475586,0.41031721234321594,0.10251223295927048,3.0281283855438232,2.7971291542053223,0.0,47000,47000,47000,47250,11953650,12049424,12070565,11862361,64,71,62,59,2.3372233007103205
p0_uniform,188500,187500,100000,88500,WC,7.093943746524744,True,-528.9322509765625,32.07846450805664,0.22055616974830627,0.10271497815847397,3.471223831176758,3.2369632720947266,0.0,47000,47000,47000,47500,11969489,12065524,12086353,11878634,64,70,55,67,4.640394000336528
p0_uniform,188750,187750,100000,88750,DC,10.0,True,-492.42559814453125,158.47109985351562,0.22323305904865265,0.10402180254459381,4.063921928405762,3.5963973999023438,0.0,47000,47250,47000,47500,11985259,12081846,12101879,11895016,67,63,61,65,6.8430734006688
p0_uniform,189000,188000,100000,89000,DC,10.0,True,-485.371826171875,21.140026092529297,-0.7144784927368164,0.10665159672498703,2.61272931098938,2.312074899673462,0.0,47000,47500,47000,47500,12000970,12098020,12117638,11911372,59,55,68,74,9.001490000635386
p0_uniform,189250,188250,100000,89250,WO,0.3638862111677415,False,-471.62921142578125,16.53984260559082,-0.04513204097747803,0.1057019904255867,2.708798885345459,2.9521145820617676,0.0,47000,47500,47250,47500,12016636,12114403,12133355,11927606,68,54,66,68,11.159997900016606
p0_uniform,189500,188500,100000,89500,WO,0.5314097429204074,False,-476.22125244140625,67.97705078125,0.16867075860500336,0.10441705584526062,3.232377052307129,3.0304596424102783,0.0,47000,47500,47500,47500,12032395,12130506,12149254,11943845,63,55,64,74,13.368340199813247
p0_uniform,189750,188750,100000,89750,WO,0.5100702872471495,False,-507.418212890625,22.227397918701172,0.04808233678340912,0.10232292115688324,3.0764846801757812,2.733577013015747,0.0,47000,47500,47750,47500,12047959,12146528,12165325,11960188,62,60,65,69,15.668227200396359
p0_uniform,190000,189000,100000,90000,WO,0.5807131703987324,False,-481.2816467285156,18.29312515258789,-1.167856216430664,0.1007080152630806,2.5720958709716797,3.232862949371338,0.0,47000,47500,48000,47500,12063814,12162242,12181598,11976346,64,61,67,64,17.901060200296342
p0_uniform,190250,189250,100000,90250,WC,0.2748891939032907,True,-506.12109375,48.737274169921875,-0.34177035093307495,0.10038638859987259,3.196340560913086,2.7297415733337402,0.0,47000,47500,48000,47750,12079423,12178420,12197846,11992311,62,62,61,71,20.185411100275815
p0_uniform,190500,189500,100000,90500,WC,0.0469999137661857,True,-500.7200927734375,14.893926620483398,0.15500178933143616,0.10282965004444122,2.5525379180908203,2.790590524673462,0.0,47000,47500,48000,48000,12095151,12194545,12214040,12008264,64,60,66,66,22.365632500499487
p0_uniform,190750,189750,100000,90750,DO,0.741213337063829,False,-502.3927001953125,23.70770263671875,0.08512049913406372,0.10596355050802231,3.1876373291015625,2.9293010234832764,0.0,47250,47500,48000,48000,12110908,12210603,12230381,12024108,59,62,66,69,24.575616099871695
p0_uniform,191000,190000,100000,91000,DO,0.9614163465782963,False,-507.4478759765625,21.886371612548828,-0.12941838800907135,0.1073111742734909,2.8888511657714844,3.4252097606658936,0.0,47500,47500,48000,48000,12126792,12226323,12246599,12040286,57,68,66,65,26.610964300110936
p0_uniform,191250,190250,100000,91250,DC,10.0,True,-533.5486450195312,56.840789794921875,0.7174153327941895,0.10737750679254532,4.113701820373535,3.5718061923980713,0.0,47500,47750,48000,48000,12142772,12242193,12262798,12056237,50,80,64,62,28.39034720044583
p0_uniform,191500,190500,100000,91500,DC,10.0,True,-523.1970825195312,16.052021026611328,-0.49067065119743347,0.10719704627990723,2.614773988723755,2.866267442703247,0.0,47500,48000,48000,48000,12158747,12258302,12278863,12072088,63,69,60,64,30.138306099921465
p0_uniform,191750,190750,100000,91750,DO,1.4322922474253659,False,-563.7369995117188,35.354408264160156,-0.33371156454086304,0.10631392896175385,3.77071213722229,3.3777894973754883,0.0,47750,48000,48000,48000,12174718,12274336,12294761,12088185,62,71,46,77,31.950054100714624
p0_uniform,192000,191000,100000,92000,DO,1.1997363440823376,False,-495.37725830078125,30.687435150146484,-0.5274664163589478,0.10603827983140945,2.6934285163879395,2.9040980339050293,0.0,48000,48000,48000,48000,12190464,12290216,12311084,12104236,58,60,74,64,33.70930950064212
p0_uniform,192250,191250,100000,92250,WC,3.5416833256735774,False,-477.507568359375,16.10507583618164,0.6551392078399658,0.10717681050300598,2.791238307952881,2.509300947189331,0.0,48000,48000,48000,48250,12206542,12306189,12327077,12120192,55,60,75,66,1.7785658994689584
p0_uniform,192500,191500,100000,92500,WC,4.521919992882098,False,-518.7054443359375,23.889301300048828,0.9018868207931519,0.1071697324514389,2.9669580459594727,2.7105720043182373,0.0,48000,48000,48000,48500,12222456,12322252,12343213,12136079,71,67,56,62,3.5234640995040536
p0_uniform,192750,191750,100000,92750,WC,7.230933050447987,False,-487.1896667480469,15.156131744384766,-0.1574493646621704,0.10912971943616867,2.8033039569854736,2.712920665740967,0.0,48000,48000,48000,48750,12238429,12338120,12359238,12152213,71,53,65,67,5.311801199801266
p0_uniform,193000,192000,100000,93000,WC,6.875653211155842,False,-511.5755615234375,22.25506019592285,-1.0158309936523438,0.1125849261879921,2.8421082496643066,2.7627623081207275,0.0,48000,48000,48000,49000,12254374,12353990,12375132,12168504,67,63,65,61,7.0670050997287035
p0_uniform,193250,192250,100000,93250,WO,0.2777622815976432,False,-505.92572021484375,39.57659912109375,-0.6006704568862915,0.11092399805784225,2.994417667388916,3.2653310298919678,0.0,48000,48000,48250,49000,12270314,12369862,12391267,12184557,62,60,62,72,8.835549199953675
p0_uniform,193500,192500,100000,93500,WO,0.29466216136850254,False,-519.713134765625,16.807580947875977,-0.6796462535858154,0.10876035690307617,2.538719892501831,2.3519859313964844,0.0,48000,48000,48500,49000,12286193,12385779,12407392,12200636,47,67,67,75,10.57976649980992
p0_uniform,193750,192750,100000,93750,DC,10.0,True,-495.9396667480469,40.40146255493164,-0.3183448016643524,0.10837044566869736,2.9903311729431152,3.219414234161377,0.0,48000,48250,48500,49000,12301613,12401887,12423920,12216580,57,61,71,67,12.367092399857938
p0_uniform,194000,193000,100000,94000,DC,10.0,True,-548.7281494140625,27.517623901367188,-0.5641482472419739,0.11027206480503082,3.6940228939056396,2.9975528717041016,0.0,48000,48500,48500,49000,12316962,12418127,12440463,12232448,61,72,60,63,14.106255799531937
p0_uniform,194250,193250,100000,94250,DO,1.9363677148551077,False,-492.914794921875,28.81130027770996,0.4171222746372223,0.11134946346282959,3.013528823852539,4.7706298828125,0.0,48250,48500,48500,49000,12332512,12434285,12456782,12248421,67,54,58,77,15.890458099544048
p0_uniform,194500,193500,100000,94500,DO,1.7190943261801754,False,-523.6328125,13.08052921295166,-0.31816110014915466,0.11088386178016663,2.4200024604797363,2.6761651039123535,0.0,48500,48500,48500,49000,12348192,12450474,12472881,12264453,72,61,58,65,17.647183699533343
p0_uniform,194750,193750,100000,94750,WO,0.49160566532015304,False,-493.17816162109375,23.04600715637207,0.3229182958602905,0.11109381169080734,3.2412259578704834,3.3052632808685303,0.0,48500,48500,48750,49000,12363987,12466729,12488943,12280341,58,62,62,74,19.441850000061095
p0_uniform,195000,194000,100000,95000,WO,0.49819331274201434,False,-505.1329345703125,25.436254501342773,0.7059035897254944,0.11366665363311768,2.9843523502349854,3.0544352531433105,0.0,48500,48500,49000,49000,12379751,12482608,12505257,12296384,67,62,64,63,21.22452470008284
p0_uniform,195250,194250,100000,95250,DO,2.526713082420357,False,-499.8857727050781,17.82935905456543,-0.4545985460281372,0.1183893010020256,2.992353916168213,3.021432399749756,0.0,48750,48500,49000,49000,12395643,12498653,12521403,12312301,73,60,66,57,23.105862599797547
p0_uniform,195500,194500,100000,95500,DO,2.1861119488592715,False,-523.4805908203125,25.804790496826172,0.30016249418258667,0.11815807968378067,2.883119821548462,3.5553107261657715,0.0,49000,48500,49000,49000,12411699,12514432,12537611,12328258,72,69,58,57,25.263517200015485
p0_uniform,195750,194750,100000,95750,DC,10.0,True,-499.483154296875,14.376821517944336,0.6757339239120483,0.1181584969162941,2.5846893787384033,2.526015043258667,0.0,49000,48750,49000,49000,12427526,12530339,12553909,12344226,70,59,62,65,27.383809600025415
p0_uniform,196000,195000,100000,96000,DC,10.0,True,-519.8228759765625,18.717798233032227,-0.8781206607818604,0.11725810170173645,2.9417378902435303,3.112072467803955,0.0,49000,49000,49000,49000,12443524,12546471,12570026,12359979,69,66,62,59,29.596614900045097
p0_uniform,196250,195250,100000,96250,DO,2.7003883080834723,False,-518.3567504882812,22.88081932067871,0.2113778293132782,0.1132914125919342,3.5547919273376465,3.238267183303833,0.0,49250,49000,49000,49000,12459595,12562590,12585868,12375947,60,67,67,62,2.307638899423182
p0_uniform,196500,195500,100000,96500,DO,2.0230558216622856,False,-552.0161743164062,18.13758659362793,-0.1678752899169922,0.11352357268333435,2.9326229095458984,3.2919044494628906,0.0,49500,49000,49000,49000,12475929,12578480,12601635,12391956,78,69,48,61,4.5538721000775695
p0_uniform,196750,195750,100000,96750,DO,5.215418990489031,False,-533.0771484375,14.063009262084961,0.08704930543899536,0.11532101035118103,2.621811628341675,2.5801947116851807,0.0,49750,49000,49000,49000,12492337,12594345,12617432,12407886,56,70,65,65,6.901140499860048
p0_uniform,197000,196000,100000,97000,DO,5.333321825210517,False,-529.46484375,21.925447463989258,-0.5259900689125061,0.11241808533668518,3.2437477111816406,3.24898099899292,0.0,50000,49000,49000,49000,12508946,12610167,12633056,12423831,63,69,62,62,9.191996899433434
p0_uniform,197250,196250,100000,97250,WO,0.32321093134207973,False,-511.4482421875,21.827699661254883,-0.5894680023193359,0.11272601038217545,2.985200881958008,2.8315205574035645,0.0,50000,49000,49250,49000,12525650,12625785,12648685,12439880,76,59,62,59,11.425844199955463
p0_uniform,197500,196500,100000,97500,WO,0.3068787129849135,False,-473.0892333984375,22.59156036376953,-0.7418043613433838,0.11517587304115295,3.0938496589660645,2.9709393978118896,0.0,50000,49000,49500,49000,12542304,12641489,12664224,12455983,65,55,75,61,13.71286719944328
p0_uniform,197750,196750,100000,97750,WC,9.692153972115383,True,-568.899169921875,32.51542282104492,0.2092127501964569,0.11728354543447495,3.605179786682129,3.3628101348876953,0.0,50000,49000,49500,49250,12558893,12657134,12679969,12472004,69,75,49,63,15.958492700010538
p0_uniform,198000,197000,100000,98000,WC,9.436018992609084,True,-488.3109130859375,24.405704498291016,-0.08217409253120422,0.11723059415817261,3.208683967590332,3.121384620666504,0.0,50000,49000,49500,49500,12575354,12672760,12695605,12488281,69,55,59,73,18.16772499959916
p0_uniform,198250,197250,100000,98250,WO,0.37289055257998704,False,-549.2249755859375,36.88642120361328,-0.06574472784996033,0.11737716943025589,3.624584674835205,3.350874185562134,0.0,50000,49000,49750,49500,12591615,12688568,12711475,12504342,62,74,60,60,20.27138919942081
p0_uniform,198500,197500,100000,98500,WO,0.38636850190053257,False,-451.6773986816406,47.11598205566406,0.11007948219776154,0.11822424083948135,3.6872241497039795,3.3443167209625244,0.0,50000,49000,50000,49500,12607901,12704440,12727141,12520518,74,48,77,57,22.508668599650264
p0_uniform,198750,197750,100000,98750,WC,9.504895837788537,True,-516.0064697265625,11.917991638183594,-0.4540462791919708,0.11795569956302643,2.337559700012207,2.3745267391204834,0.0,50000,49000,50000,49750,12623931,12719991,12743383,12536695,62,67,71,56,24.587925599887967
p0_uniform,199000,198000,100000,99000,WC,9.50479446740977,True,-538.3687744140625,35.42502212524414,0.6091075539588928,0.11816564947366714,3.0199522972106934,3.3092217445373535,0.0,50000,49000,50000,50000,12640019,12735648,12759364,12552969,57,70,61,68,26.882096599787474
p0_uniform,199250,198250,100000,99250,DC,10.0,True,-554.9697265625,17.706605911254883,0.16992217302322388,0.11876893043518066,2.647149085998535,2.6819565296173096,0.0,50000,49250,50000,50000,12656028,12751259,12775368,12569345,66,73,55,62,29.022310599684715
p0_uniform,199500,198500,100000,99500,DC,10.0,True,-529.3847045898438,164.56271362304688,0.1255844533443451,0.11882919818162918,3.204608678817749,3.144374370574951,0.0,50000,49500,50000,50000,12672116,12767280,12791267,12585337,50,67,66,73,31.129980700090528
p0_uniform,199750,198750,100000,99750,DC,10.0,True,-509.3741760253906,28.676469802856445,0.10413756966590881,0.11610054969787598,2.907376766204834,2.8640942573547363,0.0,50000,49750,50000,50000,12688276,12783345,12807087,12601292,51,63,69,73,33.068398599512875
p0_uniform,200000,199000,100000,0,DC,10.0,True,-494.735595703125,22.81820297241211,0.25852927565574646,0.11402364075183868,3.0663042068481445,3.0350630283355713,0.0,50000,50000,50000,50000,12704433,12799257,12823067,12617243,66,57,69,64,35.1258207000792
p0_uniform,200250,199250,100000,250,DO,3.0517289575375672,False,-546.5200805664062,83.09396362304688,0.23083963990211487,0.11337979882955551,3.344459056854248,3.0999960899353027,0.0,50250,50000,50000,50000,12720521,12815116,12839067,12633296,60,66,59,71,2.0635430002585053
p0_uniform,200500,199500,100000,500,DO,4.806750960722105,False,-551.3038330078125,38.63156509399414,-0.4477509558200836,0.11004467308521271,3.0700340270996094,2.9138803482055664,0.0,50500,50000,50000,50000,12736729,12830931,12855174,12649166,49,77,69,61,4.198058700188994
p0_uniform,200750,199750,100000,750,WC,5.764060904099927,True,-520.2962646484375,29.540348052978516,-0.16527685523033142,0.10970394313335419,3.8284032344818115,3.265885829925537,0.0,50500,50000,50000,50250,12752910,12846472,12871271,12665347,61,68,71,56,6.415505000390112
p0_uniform,201000,200000,100000,1000,WC,6.527219711164847,True,-558.8325805664062,26.442447662353516,0.27617961168289185,0.10679131746292114,3.2840521335601807,2.795858860015869,0.0,50500,50000,50000,50500,12769294,12861889,12887262,12681555,66,71,58,61,8.368056899867952
p0_uniform,201250,200250,100000,1250,DC,10.0,True,-503.46746826171875,20.842620849609375,-0.21948400139808655,0.10599538683891296,3.136287212371826,3.5851757526397705,0.0,50500,50250,50000,50500,12785615,12877275,12903389,12697721,59,56,66,75,10.30202309973538
p0_uniform,201500,200500,100000,1500,DC,10.0,True,-505.24371337890625,21.984962463378906,0.24708038568496704,0.1056067943572998,3.1017889976501465,3.3647828102111816,0.0,50500,50500,50000,50500,12801980,12892899,12919169,12713952,73,53,55,75,12.445491200312972
p0_uniform,201750,200750,100000,1750,WO,0.527369628690607,False,-502.6963806152344,18.070205688476562,0.4455011188983917,0.10779579728841782,3.049992084503174,3.124986171722412,0.0,50500,50500,50250,50500,12818378,12908602,12934804,12730216,68,60,73,55,14.317016299813986
p0_uniform,202000,201000,100000,2000,WO,0.5132435015128678,False,-516.9869995117188,43.44792175292969,0.730705201625824,0.10897675901651382,3.105827569961548,3.0644311904907227,0.0,50500,50500,50500,50500,12834623,12924231,12950613,12746533,66,67,67,56,16.558426899835467
p0_uniform,202250,201250,100000,2250,DO,1.351248099410601,False,-489.61199951171875,29.975818634033203,1.4330096244812012,0.11003287136554718,3.128049850463867,2.812471389770508,0.0,50750,50500,50500,50500,12851147,12939772,12966479,12762602,71,56,67,62,18.51585830003023
p0_uniform,202500,201500,100000,2500,DO,2.017436615034241,False,-511.1076354980469,13.772001266479492,-1.4886152744293213,0.10844068974256516,2.559131622314453,2.481435775756836,0.0,51000,50500,50500,50500,12867895,12955310,12982231,12778564,63,51,66,76,20.56923419982195
p0_uniform,202750,201750,100000,2750,DC,10.0,True,-545.0513916015625,28.16643524169922,0.5440213680267334,0.10644254088401794,3.4836015701293945,3.1399521827697754,0.0,51000,50750,50500,50500,12884707,12970969,12997878,12794446,65,68,55,68,22.648637300357223
p0_uniform,203000,202000,100000,3000,DC,10.0,True,-541.3768310546875,129.37481689453125,-0.39195773005485535,0.1063324585556984,4.094899654388428,3.5130257606506348,0.0,51000,51000,50500,50500,12901036,12986975,13013639,12810350,67,66,59,64,24.677114699967206
p0_uniform,203250,202250,100000,3250,WC,9.44916771507083,True,-498.14990234375,55.864898681640625,-0.43180254101753235,0.10757337510585785,3.782914400100708,3.4455747604370117,0.0,51000,51000,50500,50750,12917136,13003054,13029400,12826410,61,60,71,64,26.661479100584984
p0_uniform,203500,202500,100000,3500,WC,9.49246591222585,True,-549.0303955078125,29.987754821777344,1.5033211708068848,0.10937034338712692,3.383577346801758,3.4648828506469727,0.0,51000,51000,50500,51000,12933217,13019078,13045007,12842698,70,60,48,78,28.42132030054927
p0_uniform,203750,202750,100000,3750,WO,0.19351026679144676,False,-514.3782958984375,33.26833724975586,-0.26971304416656494,0.10915615409612656,3.4607486724853516,3.279684066772461,0.0,51000,51000,50750,51000,12949195,13034870,13060845,12859090,59,66,71,60,30.176555200479925
p0_uniform,204000,203000,100000,4000,WO,0.19301905626652027,False,-533.2882690429688,44.36719512939453,0.8213633298873901,0.11249508708715439,3.574833393096924,3.7265381813049316,0.0,51000,51000,51000,51000,12964954,13051201,13076575,12875270,59,66,61,70,31.91157680004835
p0_uniform,204250,203250,100000,4250,WC,8.669214293358925,True,-473.0782470703125,17.822729110717773,-0.5192646980285645,0.11327627301216125,2.743267774581909,2.613954782485962,0.0,51000,51000,51000,51250,12981048,13067142,13092438,12891372,62,50,74,70,1.7923838999122381
p0_uniform,204500,203500,100000,4500,WC,8.558788018198946,True,-512.80126953125,27.865188598632812,0.15426227450370789,0.11185400933027267,4.215107440948486,3.2831006050109863,0.0,51000,51000,51000,51500,12996812,13083004,13108573,12907611,66,57,65,68,3.569438500329852
p0_uniform,204750,203750,100000,4750,DC,10.0,True,-535.8107299804688,22.23435401916504,1.2767475843429565,0.11298558861017227,3.0594940185546875,3.157744884490967,0.0,51000,51250,51000,51500,13012754,13098619,13124484,12924143,54,65,59,78,5.33235300052911
p0_uniform,205000,204000,100000,5000,DC,10.0,True,-509.5777587890625,18.81809425354004,0.7885700464248657,0.11089646816253662,2.948587656021118,2.9537386894226074,0.0,51000,51500,51000,51500,13028610,13114325,13140675,12940390,64,55,65,72,7.069041199982166
p0_uniform,205250,204250,100000,5250,DO,4.221688007601323,False,-545.8125,35.14211654663086,-0.025284916162490845,0.11186325550079346,2.942410945892334,3.5192184448242188,0.0,51250,51500,51000,51500,13044229,13130251,13156710,12956810,59,65,66,66,8.84125730022788
p0_uniform,205500,204500,100000,5500,DO,4.2071234078167095,False,-522.2218017578125,16.30791473388672,0.12887193262577057,0.11080745607614517,2.7825794219970703,2.5876665115356445,0.0,51500,51500,51000,51500,13060064,13145988,13172658,12973290,64,59,64,69,10.594528100453317
p0_uniform,205750,204750,100000,5750,WO,0.3840441774736385,False,-553.5125732421875,25.207122802734375,0.6123049259185791,0.11111409962177277,3.5537047386169434,3.89937162399292,0.0,51500,51500,51250,51500,13076179,13161559,13188635,12989627,53,70,65,68,12.357942600734532
p0_uniform,206000,205000,100000,6000,WO,0.3208188793341985,False,-525.7848510742188,16.45936393737793,-0.16761893033981323,0.1113421618938446,2.7100911140441895,2.816002368927002,0.0,51500,51500,51500,51500,13092309,13177202,13204886,13005603,65,63,67,61,14.088403900153935
p0_uniform,206250,205250,100000,6250,WO,0.5488515936943132,False,-537.1336059570312,13.501220703125,0.4053773581981659,0.11097235977649689,2.411924123764038,2.7173609733581543,0.0,51500,51500,51750,51500,13108432,13192718,13221480,13021370,74,59,55,68,15.875302100554109
p0_uniform,206500,205500,100000,6500,WO,0.529674486573273,False,-541.8214721679688,23.92715072631836,-1.0666437149047852,0.11059261858463287,3.6056578159332275,3.1954174041748047,0.0,51500,51500,52000,51500,13124429,13208570,13237700,13037301,77,59,57,63,17.636591600254178
p0_uniform,206750,205750,100000,6750,WC,8.02088610805748,True,-541.0084228515625,18.180904388427734,-0.3393912613391876,0.11095365136861801,2.7197461128234863,3.26529860496521,0.0,51500,51500,52000,51750,13140529,13224076,13253877,13053518,53,61,58,84,19.445961700752378
p0_uniform,207000,206000,100000,7000,WC,8.149626207070753,True,-516.7490234375,21.277610778808594,-0.22414101660251617,0.10824205726385117,3.035706043243408,2.914069890975952,0.0,51500,51500,52000,52000,13156617,13239495,13270052,13069836,59,61,70,66,21.26798630040139
p0_uniform,207250,206250,100000,7250,DO,4.259742590550262,False,-515.7304077148438,61.182281494140625,-0.036178991198539734,0.10878580063581467,3.070380687713623,3.2740063667297363,0.0,51750,51500,52000,52000,13172789,13255165,13285995,13086051,72,59,68,57,23.059031600132585
p0_uniform,207500,206500,100000,7500,DO,0.9934445667804294,False,-517.8858642578125,42.95512771606445,0.4857408106327057,0.11007264256477356,3.26296329498291,3.245197296142578,0.0,52000,51500,52000,52000,13189101,13270927,13301989,13101983,60,61,71,64,25.03889710083604
p0_uniform,207750,206750,100000,7750,DC,10.0,True,-578.5250854492188,24.07247543334961,1.6118433475494385,0.11152928322553635,3.5687289237976074,3.8348336219787598,0.0,52000,51750,52000,52000,13205331,13286845,13317955,13117869,57,76,52,71,27.285733399912715
p0_uniform,208000,207000,100000,8000,DC,10.0,True,-524.9768676757812,18.94432830810547,-0.09978875517845154,0.1132812574505806,3.1472034454345703,2.827646493911743,0.0,52000,52000,52000,52000,13221673,13302720,13333738,13133869,60,61,65,70,29.53455530013889
p0_uniform,208250,207250,100000,8250,WC,0.5023432059293808,False,-524.0596923828125,29.950885772705078,0.62272047996521,0.11501968652009964,3.2978177070617676,3.5151679515838623,0.0,52000,52000,52000,52250,13237757,13318648,13349729,13149866,54,67,70,65,2.291079900227487
p0_uniform,208500,207500,100000,8500,WC,9.075876641819002,True,-539.4093017578125,18.24106788635254,0.4929940104484558,0.11632589250802994,3.0055503845214844,2.7264981269836426,0.0,52000,52000,52000,52500,13253793,13334543,13365733,13165931,58,70,66,62,4.472539099864662
p0_uniform,208750,207750,100000,8750,WO,0.22231178086443457,False,-547.7965087890625,17.76103973388672,0.727907657623291,0.12096294015645981,2.8447275161743164,2.7672955989837646,0.0,52000,52000,52250,52500,13269534,13350607,13381918,13181941,59,67,61,69,6.6904087997972965
p0_uniform,209000,208000,100000,9000,WO,0.26637675787517334,False,-554.0732421875,11.736268997192383,0.09815433621406555,0.11981303244829178,2.157011032104492,2.649895429611206,0.0,52000,52000,52500,52500,13285624,13366766,13397945,13197665,73,65,56,62,8.864596899598837
p0_uniform,209250,208250,100000,9250,DC,10.0,True,-524.6640014648438,25.96331214904785,-0.6960477232933044,0.11737314611673355,2.9435811042785645,3.671555519104004,0.0,52000,52250,52500,52500,13301568,13382671,13414343,13213418,69,66,72,49,11.200070600025356
p0_uniform,209500,208500,100000,9500,DC,10.0,True,-527.952392578125,18.69817352294922,0.6794576048851013,0.11547291278839111,2.854280471801758,2.939587354660034,0.0,52000,52500,52500,52500,13317631,13398632,13430675,13229062,68,58,58,72,13.543890699744225
p0_uniform,209750,208750,100000,9750,WO,0.49474223803281586,False,-540.8192749023438,16.69536590576172,-0.24924248456954956,0.11488374322652817,3.0393576622009277,2.413613796234131,0.0,52000,52500,52750,52500,13333573,13414694,13446980,13244753,60,64,64,68,15.782585499808192
p0_uniform,210000,209000,100000,10000,WO,0.4794060777740149,False,-490.50543212890625,27.814655303955078,0.049238741397857666,0.11234593391418457,3.0110325813293457,3.1170177459716797,0.0,52000,52500,53000,52500,13349371,13430640,13463379,13260610,63,53,74,66,18.04335690010339
p0_uniform,210250,209250,100000,10250,DO,1.3368822829750564,False,-550.350341796875,19.86007308959961,0.12753009796142578,0.11152128130197525,2.647634506225586,2.6854312419891357,0.0,52250,52500,53000,52500,13365447,13446443,13479559,13276551,57,72,67,60,20.26142989937216
p0_uniform,210500,209500,100000,10500,DO,1.4883481300299963,False,-486.5876159667969,18.93071746826172,-0.19736450910568237,0.11159607023000717,2.985034704208374,3.0448038578033447,0.0,52500,52500,53000,52500,13381352,13462363,13496039,13292246,68,56,77,55,22.4780559996143
p0_uniform,210750,209750,100000,10750,DO,1.650599334906591,False,-492.3619384765625,20.969799041748047,0.5562764406204224,0.11147385835647583,3.126617431640625,2.5911221504211426,0.0,52750,52500,53000,52500,13397573,13478130,13512343,13307954,67,57,76,56,24.793204399757087
p0_uniform,211000,210000,100000,11000,DO,3.7480265436552345,False,-534.7833251953125,15.398094177246094,-0.10309311747550964,0.1133832111954689,3.040360689163208,2.733492374420166,0.0,53000,52500,53000,52500,13413769,13493946,13528664,13323621,67,65,63,61,27.099886999465525
p0_uniform,211250,210250,100000,11250,WC,7.971750936051358,True,-538.5715942382812,24.20841407775879,-0.6960206031799316,0.11259853094816208,3.211406707763672,2.858827590942383,0.0,53000,52500,53000,52750,13430104,13509608,13544819,13339469,65,63,65,63,29.191033999435604
p0_uniform,211500,210500,100000,11500,WC,7.578893415403625,True,-546.6552734375,23.948925018310547,0.03285321593284607,0.11155262589454651,3.0651698112487793,3.1364150047302246,0.0,53000,52500,53000,53000,13446297,13525245,13561092,13355366,68,69,62,57,31.287490599788725
p0_uniform,211750,210750,100000,11750,DC,0.0,False,-539.04443359375,24.906661987304688,0.3920961022377014,0.112456314265728,2.6601662635803223,2.6346182823181152,0.0,53000,52750,53000,53000,13462720,13540972,13576963,13371345,61,60,63,72,33.30211570020765
p0_uniform,212000,211000,100000,12000,DC,0.0,False,-557.2869262695312,20.130229949951172,0.11397887766361237,0.11085906624794006,2.806293487548828,2.4341721534729004,0.0,53000,53000,53000,53000,13478943,13556752,13592889,13387416,55,72,60,69,35.486301199533045
p0_uniform,212250,211250,100000,12250,WO,0.24712956006035308,False,-564.0533447265625,56.510276794433594,0.40777456760406494,0.11150059849023819,3.3434906005859375,3.217719554901123,0.0,53000,53000,53250,53000,13495069,13572703,13608965,13403263,68,69,56,63,2.095274199731648
p0_uniform,212500,211500,100000,12500,WO,0.2995759267772351,False,-552.456298828125,27.426103591918945,-0.5035660266876221,0.11168335378170013,3.1183173656463623,2.821619987487793,0.0,53000,53000,53500,53000,13511109,13588630,13625206,13419055,61,66,65,64,3.944180100224912
p0_uniform,212750,211750,100000,12750,WO,0.44414887132731107,False,-519.0138549804688,16.49931526184082,-0.43833643198013306,0.10891672968864441,2.5105767250061035,2.9267163276672363,0.0,53000,53000,53750,53000,13527300,13604382,13641809,13434509,55,69,80,52,5.928223700262606
p0_uniform,213000,212000,100000,13000,WO,0.4351860109985066,False,-553.77197265625,29.556941986083984,-0.48678478598594666,0.10780422389507294,3.0826053619384766,3.0747742652893066,0.0,53000,53000,54000,53000,13543538,13620417,13658311,13449734,69,60,53,74,7.943661900237203
p0_uniform,213250,212250,100000,13250,DC,10.0,True,-524.8245849609375,16.337024688720703,-0.9029465913772583,0.10682006925344467,2.6744942665100098,2.6916468143463135,0.0,53000,53250,54000,53000,13559331,13636816,13674914,13464939,69,60,66,61,10.146111199632287
p0_uniform,213500,212500,100000,13500,DC,10.0,True,-552.7958984375,22.71322250366211,-0.2842555046081543,0.10752396285533905,2.997114658355713,2.7100586891174316,0.0,53000,53500,54000,53000,13575333,13652803,13691302,13480562,66,71,61,58,12.159605500288308
p0_uniform,213750,212750,100000,13750,DO,2.404109681329416,False,-555.28076171875,26.346210479736328,0.42167752981185913,0.11091823130846024,2.6887941360473633,2.6517932415008545,0.0,53250,53500,54000,53000,13591331,13668808,13707785,13496076,67,65,61,63,14.186495799571276
p0_uniform,214000,213000,100000,14000,DO,5.326046997287598,False,-565.037841796875,22.62265968322754,0.7048875093460083,0.11206984519958496,2.5902040004730225,3.544276714324951,0.0,53500,53500,54000,53000,13607251,13684907,13724429,13511413,68,71,61,56,16.267032699659467
p0_uniform,214250,213250,100000,14250,DC,0.0,False,-508.9889831542969,16.735971450805664,0.2943766415119171,0.11374657601118088,2.60903000831604,2.8168559074401855,0.0,53500,53750,54000,53000,13623248,13700976,13741041,13526735,64,63,72,57,18.410497199743986
p0_uniform,214500,213500,100000,14500,DC,0.0,False,-511.4559020996094,15.031881332397461,-0.6617190837860107,0.11612659692764282,2.5453500747680664,2.933652639389038,0.0,53500,54000,54000,53000,13639266,13717147,13757311,13542276,71,52,67,66,20.614095900207758
p0_uniform,214750,213750,100000,14750,DO,1.4991794970913899,False,-556.473388671875,20.60456085205078,0.5661560297012329,0.1147145926952362,3.18631649017334,2.6699047088623047,0.0,53750,54000,54000,53000,13655461,13733428,13773521,13557590,71,71,58,56,22.731122000142932
p0_uniform,215000,214000,100000,15000,DO,5.050368445428807,False,-572.8062744140625,30.157447814941406,-0.24767786264419556,0.11410317569971085,3.1174182891845703,3.1718428134918213,0.0,54000,54000,54000,53000,13671486,13749471,13790071,13572972,57,79,65,55,24.80008769966662
p0_uniform,215250,214250,100000,15250,WC,7.99357824220003,True,-571.107666015625,20.719186782836914,0.5662049055099487,0.11456647515296936,2.7878808975219727,2.9934465885162354,0.0,54000,54000,54000,53250,13687429,13765779,13806378,13588414,56,73,59,68,27.083945400081575
p0_uniform,215500,214500,100000,15500,WC,8.21533928973761,True,-538.3112182617188,18.713552474975586,-0.24643024802207947,0.11597693711519241,3.1056153774261475,2.963409423828125,0.0,54000,54000,54000,53500,13703234,13781890,13822796,13604080,63,67,73,53,29.071490299887955
p0_uniform,215750,214750,100000,15750,WC,8.931264983656828,True,-541.6658935546875,18.5752010345459,0.11635744571685791,0.1166292279958725,2.6794238090515137,3.183223009109497,0.0,54000,54000,54000,53750,13719518,13797907,13838829,13619746,68,64,63,61,31.201797999441624
p0_uniform,216000,215000,100000,16000,WC,8.861186173353826,True,-567.88671875,12.330501556396484,0.43808627128601074,0.11709687858819962,2.4311788082122803,2.7009620666503906,0.0,54000,54000,54000,54000,13735554,13814001,13854920,13635525,64,64,55,73,33.27140530012548
p0_uniform,216250,215250,100000,16250,DO,1.576281155105273,False,-543.8580322265625,31.795364379882812,0.0665174275636673,0.11685457080602646,3.299210548400879,3.2789392471313477,0.0,54250,54000,54000,54000,13751730,13829854,13870903,13651513,66,66,67,57,2.0464995997026563
p0_uniform,216500,215500,100000,16500,DO,2.257174035354576,False,-497.6030578613281,36.45838928222656,-0.270368367433548,0.1172940582036972,2.956794261932373,3.104175567626953,0.0,54500,54000,54000,54000,13767923,13845386,13887104,13667587,65,57,82,52,4.225681000389159
p0_uniform,216750,215750,100000,16750,DO,2.0613151877514126,False,-542.4519653320312,21.97264862060547,-0.14139951765537262,0.11751743406057358,2.785862684249878,3.5852153301239014,0.0,54750,54000,54000,54000,13784263,13860876,13903299,13683562,56,59,67,74,6.392800600267947
p0_uniform,217000,216000,100000,17000,DO,1.746037836628699,False,-514.4955444335938,19.984811782836914,-0.5168731212615967,0.11618667095899582,2.9739785194396973,2.30342173576355,0.0,55000,54000,54000,54000,13800733,13876616,13919060,13699591,59,63,74,60,8.649593000300229
p0_uniform,217250,216250,100000,17250,DC,10.0,True,-573.825439453125,15.604838371276855,1.0622062683105469,0.11444739252328873,2.509253740310669,2.7001333236694336,0.0,55000,54250,54000,54000,13817245,13892416,13934689,13715650,66,73,60,57,10.869274999946356
p0_uniform,217500,216500,100000,17500,DC,10.0,True,-522.5460815429688,27.58562469482422,-0.34366464614868164,0.11503685265779495,3.2000882625579834,2.8359575271606445,0.0,55000,54500,54000,54000,13833602,13908373,13950187,13731838,66,54,65,71,13.012379500083625
p0_uniform,217750,216750,100000,17750,WO,0.15917485980773233,False,-538.2073364257812,38.6138916015625,0.3562905192375183,0.1157577708363533,3.8942861557006836,3.510953903198242,0.0,55000,54500,54250,54000,13849849,13924440,13965828,13747883,68,65,68,55,14.997057399712503
p0_uniform,218000,217000,100000,18000,WO,0.18402263350411602,False,-549.6395874023438,15.138323783874512,0.16562366485595703,0.11728566884994507,2.313582420349121,2.9223856925964355,0.0,55000,54500,54500,54000,13866147,13940576,13981390,13763887,71,68,60,57,16.8017912004143
p0_uniform,218250,217250,100000,18250,DC,10.0,True,-581.4494018554688,26.256759643554688,-0.48860591650009155,0.11862163990736008,2.9211392402648926,3.1043801307678223,0.0,55000,54750,54500,54000,13882437,13956594,13997173,13779796,72,66,53,65,18.652478200383484
p0_uniform,218500,217500,100000,18500,DC,10.0,True,-510.3409423828125,17.61052703857422,-0.3646472692489624,0.11476865410804749,2.6828079223632812,2.982074737548828,0.0,55000,55000,54500,54000,13898742,13973049,14012769,13795440,71,56,69,60,20.43190210033208
p0_uniform,218750,217750,100000,18750,WC,2.3081221311292315,False,-591.27978515625,30.5876407623291,0.5045081973075867,0.11336515843868256,3.1987247467041016,3.1211771965026855,0.0,55000,55000,54500,54250,13915031,13989478,14028405,13811086,63,65,49,79,22.406270399689674
p0_uniform,219000,218000,100000,19000,WC,3.040007844221579,False,-555.180419921875,13.336274147033691,-0.3626953363418579,0.11347288638353348,2.463290214538574,2.5426223278045654,0.0,55000,55000,54500,54500,13931057,14005883,14044247,13826813,58,60,67,71,24.234333800151944
p0_uniform,219250,218250,100000,19250,WC,0.8114330357173547,False,-559.2818603515625,16.97113800048828,0.47088944911956787,0.11498436331748962,2.805093288421631,2.682990074157715,0.0,55000,55000,54500,54750,13947367,14022148,14059930,13842555,65,59,58,74,26.097187500447035
p0_uniform,219500,218500,100000,19500,WC,0.9781240450057731,False,-522.60546875,17.233169555664062,-0.10269410908222198,0.11711786687374115,2.7826156616210938,2.9767649173736572,0.0,55000,55000,54500,55000,13963575,14038104,14075638,13858683,73,57,60,66,27.956709699705243
p0_uniform,219750,218750,100000,19750,WO,0.31543948858929394,False,-546.162109375,15.882317543029785,-0.1319117248058319,0.11646346002817154,2.706667900085449,2.6309165954589844,0.0,55000,55000,54750,55000,13979704,14054295,14091220,13874781,66,62,66,62,29.820732600055635
p0_uniform,220000,219000,100000,20000,WO,0.3050110643134721,False,-509.153076171875,25.85984230041504,0.2757258415222168,0.11516755819320679,3.9433679580688477,2.7506625652313232,0.0,55000,55000,55000,55000,13995707,14070322,14107201,13890770,65,54,71,66,31.741921300068498
p0_uniform,220250,219250,100000,20250,WO,0.29681286855564903,False,-571.8109130859375,20.646255493164062,0.3057712912559509,0.11400952935218811,2.557013511657715,3.3822622299194336,0.0,55000,55000,55250,55000,14011658,14086235,14123358,13906749,60,69,64,63,1.8899320997297764
p0_uniform,220500,219500,100000,20500,WO,0.29396216606970416,False,-525.547119140625,12.675485610961914,-1.085120439529419,0.11520124971866608,2.4362070560455322,2.3142082691192627,0.0,55000,55000,55500,55000,14027563,14102016,14139645,13922776,59,55,72,70,3.773183800280094
p0_uniform,220750,219750,100000,20750,DC,10.0,True,-552.6197509765625,13.667779922485352,-1.0882034301757812,0.1174156591296196,2.430283784866333,2.7189924716949463,0.0,55000,55250,55500,55000,14043547,14117719,14155892,13938842,53,70,71,62,5.639052799902856
p0_uniform,221000,220000,100000,21000,DC,10.0,True,-561.0262451171875,19.71380043029785,1.029853343963623,0.11774390190839767,3.041769027709961,2.641986846923828,0.0,55000,55500,55500,55000,14059635,14133802,14171861,13954702,61,67,67,61,7.491557399742305
p0_uniform,221250,220250,100000,21250,WO,0.2736294899766707,False,-497.9136047363281,19.97808074951172,-0.12513895332813263,0.11651217192411423,2.7765841484069824,2.769615411758423,0.0,55000,55500,55750,55000,14075637,14149579,14187967,13970817,61,59,82,54,9.376646700315177
p0_uniform,221500,220500,100000,21500,WO,0.28769293221894343,False,-564.1676025390625,23.27364730834961,0.49593353271484375,0.1173935979604721,3.0954761505126953,2.9745678901672363,0.0,55000,55500,56000,55000,14091426,14165680,14204090,13986804,48,73,72,63,11.275880499742925
p0_uniform,221750,220750,100000,21750,DO,5.065984031591352,False,-522.666015625,14.76336669921875,0.3788641393184662,0.11921238154172897,2.2781615257263184,2.578470230102539,0.0,55250,55500,56000,55000,14107179,14181747,14220301,14002773,55,54,75,72,13.279402900487185
p0_uniform,222000,221000,100000,22000,DO,4.797405623621214,False,-538.8515625,13.253941535949707,0.8916932344436646,0.11971917003393173,2.688723564147949,2.3985867500305176,0.0,55500,55500,56000,55000,14123050,14197703,14236254,14018993,73,62,58,63,15.33107169996947
p0_uniform,222250,221250,100000,22250,DC,10.0,True,-544.5545654296875,19.026838302612305,-0.7856425642967224,0.1196083053946495,2.7691149711608887,2.7369682788848877,0.0,55500,55750,56000,55000,14139103,14213781,14252199,14034917,72,60,68,56,17.55878149997443
p0_uniform,222500,221500,100000,22500,DC,10.0,True,-576.43896484375,15.604269981384277,-0.26619264483451843,0.11977475881576538,2.597947120666504,2.678511381149292,0.0,55500,56000,56000,55000,14155319,14229662,14268217,14050802,68,66,55,67,19.8086146004498
p0_uniform,222750,221750,100000,22750,DO,5.409199844447717,False,-523.5030517578125,19.198974609375,0.2552456855773926,0.11994019150733948,2.7564077377319336,2.9041836261749268,0.0,55750,56000,56000,55000,14171549,14245620,14284137,14066694,57,65,75,59,22.16596550028771
p0_uniform,223000,222000,100000,23000,DO,5.308147061405604,False,-581.9635620117188,18.231956481933594,-0.5060922503471375,0.1192781925201416,3.5677998065948486,2.9129748344421387,0.0,56000,56000,56000,55000,14187712,14261554,14300095,14082639,64,64,58,70,24.491955200210214
p0_uniform,223250,222250,100000,23250,WC,8.906711172482797,True,-491.82470703125,21.956443786621094,-0.39692944288253784,0.11939583718776703,3.0924887657165527,2.831429958343506,0.0,56000,56000,56000,55250,14204126,14277568,14316013,14098293,74,47,72,63,26.78405520040542
p0_uniform,223500,222500,100000,23500,WC,8.78395920338517,True,-530.5926513671875,39.86598587036133,-0.6494894027709961,0.12020134925842285,3.1842846870422363,2.823814868927002,0.0,56000,56000,56000,55500,14220419,14293684,14332032,14113865,71,56,67,62,29.064773400314152
p0_uniform,223750,222750,100000,23750,WC,1.5669866584390613,False,-584.1865234375,34.08014678955078,-0.02223990112543106,0.11737378686666489,4.711163520812988,3.088517189025879,0.0,56000,56000,56000,55750,14236526,14309714,14348045,14129715,69,65,53,69,31.375244099646807
p0_uniform,224000,223000,100000,24000,WC,1.0975490206604797,False,-562.1866455078125,10.805912017822266,-0.33299049735069275,0.11480800807476044,2.1346654891967773,2.4780569076538086,0.0,56000,56000,56000,56000,14252627,14325656,14364111,14145606,61,63,67,65,33.67626059986651
p0_uniform,224250,223250,100000,24250,WC,0.9368857437324017,False,-543.76416015625,27.51212501525879,0.5965225100517273,0.11512453109025955,3.3114523887634277,3.444486379623413,0.0,56000,56000,56000,56250,14268714,14341529,14379952,14161805,67,65,64,60,2.2994405003264546
p0_uniform,224500,223500,100000,24500,WC,0.903667747664349,False,-529.4769287109375,23.043582916259766,-0.7989892363548279,0.112190842628479,3.166025161743164,3.2549281120300293,0.0,56000,56000,56000,56500,14284756,14357234,14395940,14178070,66,60,69,61,4.474515199661255
p0_uniform,224750,223750,100000,24750,DO,4.144945968977396,False,-526.6065673828125,25.30340576171875,-0.474050909280777,0.11133930087089539,2.6292643547058105,2.83398175239563,0.0,56250,56000,56000,56500,14300833,14372823,14411926,14194418,57,62,81,56,6.791175100021064
p0_uniform,225000,224000,100000,25000,DO,4.279329317445588,False,-547.1796875,29.8111572265625,-0.6543893218040466,0.11238973587751389,2.884002208709717,3.3337039947509766,0.0,56500,56000,56000,56500,14316955,14388616,14427775,14210654,59,60,71,66,8.9968689000234
p0_uniform,225250,224250,100000,25250,DC,10.0,True,-510.299072265625,13.676131248474121,-0.061464548110961914,0.11179473251104355,2.802985668182373,2.427896738052368,0.0,56500,56250,56000,56500,14333187,14404343,14443755,14226715,52,52,82,70,11.278702999465168
p0_uniform,225500,224500,100000,25500,DC,10.0,True,-558.6984252929688,24.891647338867188,-0.23108667135238647,0.1129932627081871,2.699812412261963,2.7561111450195312,0.0,56500,56500,56000,56500,14349651,14419713,14459921,14242715,46,64,73,73,13.609038500115275
p0_uniform,225750,224750,100000,25750,DO,5.087928043363447,False,-535.587158203125,26.97783851623535,-0.5320447087287903,0.11609560251235962,3.508836269378662,2.695317506790161,0.0,56750,56500,56000,56500,14365984,14435366,14475855,14258795,53,55,75,73,15.936071200296283
p0_uniform,226000,225000,100000,26000,DO,5.3738398196589845,False,-552.6405029296875,25.35101318359375,-0.48054537177085876,0.11538363248109818,3.124445915222168,2.9915733337402344,0.0,57000,56500,56000,56500,14382219,14451121,14491851,14274809,59,62,69,66,18.185975099913776
p0_uniform,226250,225250,100000,26250,WO,0.5534399822488643,False,-506.2966003417969,21.04595947265625,0.004165440797805786,0.11175791174173355,3.268281936645508,2.6422553062438965,0.0,57000,56500,56250,56500,14398607,14466855,14507786,14290752,62,61,82,51,20.423529299907386
p0_uniform,226500,225500,100000,26500,WO,0.4901881588954986,False,-565.1483764648438,16.65094566345215,-0.13256600499153137,0.11188206076622009,2.8768224716186523,2.5950310230255127,0.0,57000,56500,56500,56500,14414967,14482405,14523953,14306675,58,56,61,81,22.661766200326383
p0_uniform,226750,225750,100000,26750,DC,10.0,True,-581.15869140625,37.49848937988281,0.1459522843360901,0.11300859600305557,3.2255659103393555,3.317718505859375,0.0,57000,56750,56500,56500,14431149,14498204,14540243,14322404,66,69,59,62,24.963428399525583
p0_uniform,227000,226000,100000,27000,DC,10.0,True,-548.6661376953125,18.450990676879883,0.31945398449897766,0.11544973403215408,3.481639862060547,2.8134360313415527,0.0,57000,57000,56500,56500,14447451,14514156,14556202,14338191,69,62,65,60,27.24106980022043
p0_uniform,227250,226250,100000,27250,WC,8.57180346620069,True,-557.898681640625,14.557281494140625,0.5073251128196716,0.11652133613824844,2.4179024696350098,2.6914796829223633,0.0,57000,57000,56500,56750,14463688,14530087,14572255,14353970,62,67,68,59,29.54155889991671
p0_uniform,227500,226500,100000,27500,WC,7.6136798120742295,True,-506.89239501953125,25.47686004638672,0.4022185802459717,0.1171148270368576,2.9424173831939697,3.090022563934326,0.0,57000,57000,56500,57000,14479826,14546130,14588045,14369999,67,53,75,61,31.822122199460864
p0_uniform,227750,226750,100000,27750,WO,0.5122579125635689,False,-537.664306640625,18.197025299072266,-0.625585675239563,0.11602799594402313,2.6463332176208496,2.4373903274536133,0.0,57000,57000,56750,57000,14495826,14562217,14603986,14385971,57,61,77,61,34.06348969973624
p0_uniform,228000,227000,100000,28000,WO,0.51221261155702,False,-578.2825927734375,15.258647918701172,0.48676806688308716,0.11315085738897324,2.57340145111084,2.549605369567871,0.0,57000,57000,57000,57000,14511957,14578113,14619976,14401954,69,67,59,61,36.31286159995943
p0_uniform,228250,227250,100000,28250,WO,0.315461446861527,False,-536.687255859375,21.646324157714844,-0.21443235874176025,0.1123606339097023,3.2438974380493164,2.7269973754882812,0.0,57000,57000,57250,57000,14527914,14593948,14636136,14418002,54,55,67,80,2.1858253004029393
p0_uniform,228500,227500,100000,28500,WO,0.26312713374522767,False,-559.450927734375,18.588443756103516,-0.948573112487793,0.11390473693609238,2.5720927715301514,3.1065735816955566,0.0,57000,57000,57500,57000,14544008,14609840,14652329,14433823,55,63,69,69,4.4534649001434445
p0_uniform,228750,227750,100000,28750,DC,10.0,True,-540.5230102539062,46.95536804199219,0.03812380135059357,0.113254614174366,3.427997589111328,4.110682010650635,0.0,57000,57250,57500,57000,14559865,14625762,14668720,14449653,60,54,71,71,6.753395800478756
p0_uniform,229000,228000,100000,29000,DC,10.0,True,-553.4945678710938,15.015668869018555,0.35572710633277893,0.11446846276521683,3.3503336906433105,2.418346881866455,0.0,57000,57500,57500,57000,14575914,14641858,14684950,14465278,69,65,67,55,8.920332100242376
p0_uniform,229250,228250,100000,29250,DO,1.4057477977140855,False,-524.8414306640625,16.68943214416504,0.22597043216228485,0.1147347018122673,2.5596723556518555,2.491929054260254,0.0,57250,57500,57500,57000,14591960,14657680,14701311,14481049,65,52,74,65,11.186820600181818
p0_uniform,229500,228500,100000,29500,DO,0.7323622394268338,False,-581.18505859375,23.063106536865234,-0.5123988389968872,0.1154024749994278,2.6056954860687256,2.2612829208374023,0.0,57500,57500,57500,57000,14607801,14673628,14717763,14496808,62,65,60,69,13.363263600505888
p0_uniform,229750,228750,100000,29750,DO,4.780226120287563,False,-562.0628662109375,14.83039665222168,0.2128329873085022,0.11515948921442032,2.57751202583313,2.772915840148926,0.0,57750,57500,57500,57000,14624042,14689487,14734027,14512444,69,73,68,46,15.59320139978081
p0_uniform,230000,229000,100000,30000,DO,2.220884413327367,False,-591.0751953125,18.557403564453125,0.1209801584482193,0.11585868895053864,2.9975831508636475,2.6854820251464844,0.0,58000,57500,57500,57000,14640314,14705607,14750009,14528070,62,65,54,75,17.83114629983902
p0_uniform,230250,229250,100000,30250,WO,0.5105431369206783,False,-584.7821044921875,26.60224151611328,0.6782441139221191,0.11495503783226013,3.2204298973083496,2.9591281414031982,0.0,58000,57500,57750,57000,14656707,14721620,14766051,14543622,72,61,54,69,20.107074400410056
p0_uniform,230500,229500,100000,30500,WO,0.42048013623657243,False,-572.36279296875,25.524581909179688,0.2829669117927551,0.11320116370916367,2.9979193210601807,3.007462501525879,0.0,58000,57500,58000,57000,14672737,14737712,14782357,14559194,65,64,61,66,22.347755800001323
p0_uniform,230750,229750,100000,30750,WC,9.197185945372997,True,-581.7894287109375,27.899829864501953,0.49052733182907104,0.1135166734457016,3.428835868835449,3.7603869438171387,0.0,58000,57500,58000,57250,14688846,14753638,14798491,14575025,62,77,62,55,24.707318499684334
p0_uniform,231000,230000,100000,31000,WC,9.098849256241188,True,-642.7680053710938,56.563499450683594,0.5911209583282471,0.11234483867883682,3.443495750427246,3.2290401458740234,0.0,58000,57500,58000,57500,14704759,14769574,14814585,14591082,66,80,47,63,27.012921700254083
p0_uniform,231250,230250,100000,31250,WC,8.96827735724682,True,-584.7115478515625,38.277889251708984,0.17560923099517822,0.1117950826883316,3.6561622619628906,3.8257815837860107,0.0,58000,57500,58000,57750,14720598,14785654,14830693,14607055,62,74,65,55,29.27909990027547
p0_uniform,231500,230500,100000,31500,WC,8.97665271640766,True,-569.1031494140625,27.165956497192383,0.3501509130001068,0.11098860204219818,3.6017065048217773,3.414785861968994,0.0,58000,57500,58000,58000,14736663,14801668,14846765,14622904,73,63,58,62,31.579936800524592
p0_uniform,231750,230750,100000,31750,DC,0.0,False,-568.330810546875,19.29792022705078,0.37719839811325073,0.11140169203281403,2.9533376693725586,2.6706490516662598,0.0,58000,57750,58000,58000,14752679,14817610,14862705,14639006,68,67,65,56,33.87992070056498
p0_uniform,232000,231000,100000,32000,DC,0.0,False,-558.8363037109375,13.646857261657715,0.4729244112968445,0.1136532872915268,2.7279701232910156,2.789494514465332,0.0,58000,58000,58000,58000,14768556,14833621,14878689,14655134,62,60,60,74,35.69219189975411
p0_uniform,232250,231250,100000,32250,DO,0.7080183924509729,False,-580.63134765625,31.801240921020508,0.10721522569656372,0.11710499227046967,3.171466827392578,3.36336088180542,0.0,58250,58000,58000,58000,14784493,14849576,14894738,14671193,65,68,58,65,1.7984804008156061
p0_uniform,232500,231500,100000,32500,DO,0.6957893256227079,False,-501.7035217285156,13.583145141601562,-1.1764247417449951,0.11793055385351181,2.41658878326416,2.9342799186706543,0.0,58500,58000,58000,58000,14800697,14865602,14910695,14687006,73,47,77,59,3.594922000542283
p0_uniform,232750,231750,100000,32750,WC,9.210117973102154,True,-571.8038330078125,23.694164276123047,-0.6528187990188599,0.12169478833675385,3.0370287895202637,3.292959213256836,0.0,58500,58000,58000,58250,14816617,14881391,14926780,14703212,69,66,60,61,5.434193000197411
p0_uniform,233000,232000,100000,33000,WC,9.262676474654333,True,-529.575439453125,45.97825622558594,0.7587721347808838,0.12429706007242203,3.3884849548339844,3.463263750076294,0.0,58500,58000,58000,58500,14832377,14897304,14942860,14719459,73,62,72,49,7.254276200197637
p0_uniform,233250,232250,100000,33250,DC,10.0,True,-600.856689453125,25.985694885253906,0.6702167987823486,0.12801143527030945,3.0143890380859375,3.225630044937134,0.0,58500,58250,58000,58500,14848069,14913194,14958803,14735934,70,79,52,55,9.072155500762165
p0_uniform,233500,232500,100000,33500,DC,10.0,True,-574.3192749023438,20.80193328857422,0.3904989957809448,0.1270286738872528,3.0775270462036133,2.938689708709717,0.0,58500,58500,58000,58500,14863763,14929200,14974767,14752270,71,58,56,71,10.841859700158238
p0_uniform,233750,232750,100000,33750,WC,9.130122058729157,True,-555.4635009765625,40.296409606933594,-0.14731048047542572,0.1282571405172348,3.0553226470947266,3.44469952583313,0.0,58500,58500,58000,58750,14879575,14945167,14990638,14768620,65,59,67,65,12.651720399968326
p0_uniform,234000,233000,100000,34000,WC,9.2397616486065,True,-561.0653076171875,11.557132720947266,-0.29863518476486206,0.12677136063575745,2.364454746246338,2.417602300643921,0.0,58500,58500,58000,59000,14895325,14961164,15006421,14785090,48,66,79,63,14.451519900001585
p0_uniform,234250,233250,100000,34250,DC,10.0,True,-605.8525390625,15.949361801147461,-0.9418582320213318,0.1273200958967209,2.72908353805542,2.5458977222442627,0.0,58500,58750,58000,59000,14911108,14977221,15022103,14801568,58,78,58,62,16.259761500172317
p0_uniform,234500,233500,100000,34500,DC,10.0,True,-560.9580078125,16.967239379882812,0.6003043055534363,0.1255342662334442,2.935595989227295,2.624390125274658,0.0,58500,59000,58000,59000,14926618,14993197,15037909,14818276,59,57,59,81,18.03220710065216
p0_uniform,234750,233750,100000,34750,WO,0.48398363592056415,False,-585.5424194335938,32.536895751953125,-0.3975067734718323,0.12449602037668228,2.78611421585083,2.768606424331665,0.0,58500,59000,58250,59000,14942305,15009311,15053746,14834638,64,68,64,60,19.847904500551522
p0_uniform,235000,234000,100000,35000,WO,0.5458800476369973,False,-524.6563720703125,19.031604766845703,-0.1269163340330124,0.12425943464040756,2.7877395153045654,2.752417802810669,0.0,58500,59000,58500,59000,14957955,15025479,15069585,14850981,83,53,69,51,21.630220300517976
p0_uniform,235250,234250,100000,35250,WO,0.23916217730042888,False,-600.0787353515625,35.79688262939453,-0.39581865072250366,0.12573526799678802,3.8709769248962402,3.9725685119628906,0.0,58500,59000,58750,59000,14973649,15041498,15085618,14867235,48,66,63,79,23.42034330032766
p0_uniform,235500,234500,100000,35500,WO,0.2689527527674969,False,-566.3846435546875,28.359928131103516,0.4578390419483185,0.1261361986398697,3.236126661300659,3.1116645336151123,0.0,58500,59000,59000,59000,14989277,15057634,15101504,14883585,62,61,64,69,25.182097600772977
p0_uniform,235750,234750,100000,35750,DO,5.7193584937348785,False,-584.31201171875,18.731739044189453,0.8426312804222107,0.12824396789073944,3.2280938625335693,2.6841678619384766,0.0,58750,59000,59000,59000,15005063,15073745,15117441,14899751,70,60,55,71,26.989936199970543
p0_uniform,236000,235000,100000,36000,DO,7.174834615538019,True,-569.9522705078125,20.027454376220703,0.3293250501155853,0.13083167374134064,2.8218066692352295,2.9569616317749023,0.0,59000,59000,59000,59000,15020987,15089735,15133175,14916103,69,58,59,70,28.87524780072272
p0_uniform,236250,235250,100000,36250,WO,0.46977683357091415,False,-572.4202880859375,12.89968490600586,0.9512489438056946,0.13185295462608337,2.5054914951324463,2.680689811706543,0.0,59000,59000,59250,59000,15037019,15105908,15149219,14931854,52,69,72,63,2.2631315998733044
p0_uniform,236500,235500,100000,36500,WO,0.4721030774351259,False,-541.3365478515625,27.963428497314453,-0.3447157144546509,0.13391640782356262,3.71877384185791,3.8300578594207764,0.0,59000,59000,59500,59000,15052920,15121937,15165533,14947610,63,49,66,78,4.499110699631274
p0_uniform,236750,235750,100000,36750,WO,0.2964828839866301,False,-579.0621337890625,19.81463623046875,-0.020848914980888367,0.13564276695251465,3.2772698402404785,3.0454413890838623,0.0,59000,59000,59750,59000,15068769,15137770,15182167,14963294,57,68,65,66,6.7722827000543475
p0_uniform,237000,236000,100000,37000,WO,0.2803128036116897,False,-543.8624877929688,16.832874298095703,-0.327744722366333,0.13600251078605652,2.8250672817230225,2.369382858276367,0.0,59000,59000,60000,59000,15084771,15153472,15198779,14978978,58,61,78,59,9.026018899865448
p0_uniform,237250,236250,100000,37250,WC,8.319694158086614,True,-538.9722900390625,29.482189178466797,0.7616980075836182,0.13312654197216034,3.5042247772216797,3.4542274475097656,0.0,59000,59000,60000,59250,15100753,15169194,15215387,14994666,60,60,76,60,11.266029600054026
p0_uniform,237500,236500,100000,37500,WC,4.660031872660343,False,-560.4111328125,28.67011260986328,-0.9884791374206543,0.13455738127231598,2.9472532272338867,3.0246024131774902,0.0,59000,59000,60000,59500,15116451,15184875,15232121,15010553,64,62,74,56,13.498113499954343
p0_uniform,237750,236750,100000,37750,DO,7.221300214944989,True,-583.4758911132812,17.459243774414062,-0.07286176085472107,0.13430915772914886,3.019746780395508,2.628467082977295,0.0,59250,59000,60000,59500,15132011,15200599,15248734,15026656,69,60,60,67,15.787913999520242
p0_uniform,238000,237000,100000,38000,DO,1.322188471008927,False,-578.7147216796875,25.737668991088867,-0.8114238977432251,0.13526615500450134,3.0557408332824707,2.779520034790039,0.0,59500,59000,60000,59500,15147962,15216265,15265211,15042562,61,59,61,75,18.02437559980899
p0_uniform,238250,237250,100000,38250,DC,10.0,True,-562.615966796875,20.990880966186523,-0.3146049678325653,0.13362358510494232,2.7691383361816406,2.7501401901245117,0.0,59500,59250,60000,59500,15164012,15231992,15281595,15058401,57,64,71,64,20.33500039950013
p0_uniform,238500,237500,100000,38500,DC,10.0,True,-591.5511474609375,23.50798797607422,1.0831822156906128,0.13270609080791473,3.7540624141693115,3.318136692047119,0.0,59500,59500,60000,59500,15179651,15247968,15298004,15074377,59,72,59,66,22.688567999750376
p0_uniform,238750,237750,100000,38750,WC,7.671894783231824,True,-585.388427734375,32.89617156982422,1.2068536281585693,0.13308179378509521,2.949592113494873,3.070194721221924,0.0,59500,59500,60000,59750,15195461,15263899,15314271,15090369,63,71,60,62,25.075361399911344
p0_uniform,239000,238000,100000,39000,WC,7.408814351598048,True,-567.6578369140625,24.222763061523438,0.3857300877571106,0.1337137222290039,3.3375515937805176,3.705188512802124,0.0,59500,59500,60000,60000,15211283,15279700,15330675,15106342,64,62,62,68,27.43064029980451
p0_uniform,239250,238250,100000,39250,DC,10.0,True,-554.116455078125,16.48802947998047,-0.7166438102722168,0.13154633343219757,2.4728543758392334,2.685199022293091,0.0,59500,59750,60000,60000,15227108,15295462,15346794,15122636,72,60,69,55,29.689227699302137
p0_uniform,239500,238500,100000,39500,DC,10.0,True,-575.4244995117188,26.0496826171875,0.3239971995353699,0.13055188953876495,3.090378761291504,2.8184595108032227,0.0,59500,60000,60000,60000,15242794,15311438,15363124,15138644,64,71,65,56,31.840776399709284
p0_uniform,239750,238750,100000,39750,DO,3.8227022626861826,False,-592.8572387695312,21.36977195739746,1.4422940015792847,0.13011151552200317,3.1036386489868164,2.5862388610839844,0.0,59750,60000,60000,60000,15258433,15327476,15379256,15154835,63,77,58,58,34.02946939971298
p0_uniform,240000,239000,100000,40000,DO,5.0517766176894785,False,-586.211181640625,13.526678085327148,0.4483960270881653,0.1284646987915039,2.499422073364258,2.562255859375,0.0,60000,60000,60000,60000,15274170,15343510,15395502,15170818,60,67,58,71,36.2469950998202
p0_uniform,240250,239250,100000,40250,WC,9.205686413945141,True,-600.388671875,25.06229019165039,-0.799116313457489,0.1280335634946823,3.122486114501953,3.3941571712493896,0.0,60000,60000,60000,60250,15289963,15359595,15411426,15187016,65,57,52,82,2.076973400078714
p0_uniform,240500,239500,100000,40500,WC,9.176449140594038,True,-569.82421875,22.62049102783203,0.029958918690681458,0.1260768175125122,3.264627456665039,3.1451945304870605,0.0,60000,60000,60000,60500,15305886,15375862,15427316,15202936,70,64,65,57,4.199056199751794
p0_uniform,240750,239750,100000,40750,DO,5.2496191648295625,False,-516.4461669921875,25.570457458496094,0.08503227680921555,0.12444865703582764,3.424184799194336,2.963742971420288,0.0,60250,60000,60000,60500,15322064,15391671,15443303,15218962,78,58,66,54,6.4032910000532866
p0_uniform,241000,240000,100000,41000,DO,5.3897938615462575,False,-545.474365234375,17.655597686767578,-0.6142944097518921,0.1242949366569519,2.701409339904785,2.6968870162963867,0.0,60500,60000,60000,60500,15338274,15407265,15459474,15234987,54,58,81,63,8.625174700282514
p0_uniform,241250,240250,100000,41250,WO,0.561198373698328,False,-571.4059448242188,20.766040802001953,-0.18732279539108276,0.1237739622592926,3.3083767890930176,3.0694196224212646,0.0,60500,60000,60250,60500,15354440,15423101,15475649,15250810,86,58,49,63,10.836963899433613
p0_uniform,241500,240500,100000,41500,WO,0.5513286242627078,False,-603.419921875,26.50605010986328,0.5534270405769348,0.12381090968847275,3.079075336456299,2.9956226348876953,0.0,60500,60000,60500,60500,15370591,15438729,15491957,15266723,48,67,62,79,13.025994099676609
p0_uniform,241750,240750,100000,41750,DC,10.0,True,-560.8733520507812,21.367881774902344,-0.08305823802947998,0.12681697309017181,3.143138885498047,2.7424066066741943,0.0,60500,60250,60500,60500,15386705,15454609,15508133,15282553,67,58,61,70,15.206500999629498
p0_uniform,242000,241000,100000,42000,DC,10.0,True,-593.4859619140625,21.110767364501953,0.3282105326652527,0.12717938423156738,3.08762264251709,2.542346477508545,0.0,60500,60500,60500,60500,15402745,15470516,15524242,15298497,69,73,58,56,17.33790639974177
p0_uniform,242250,241250,100000,42250,DO,4.9775766451241,False,-591.5208740234375,17.349468231201172,0.6135353446006775,0.12487959861755371,2.986689805984497,2.5133395195007324,0.0,60750,60500,60500,60500,15418802,15486638,15540268,15314292,65,69,64,58,19.56254499964416
p0_uniform,242500,241500,100000,42500,DO,4.606668603405039,False,-579.0700073242188,33.94014358520508,0.43951496481895447,0.12444346398115158,3.3620171546936035,3.3216776847839355,0.0,61000,60500,60500,60500,15434692,15502573,15556341,15330394,54,69,65,68,21.566680199466646
p0_uniform,242750,241750,100000,42750,WO,0.5885779260547457,False,-572.3101806640625,23.438385009765625,-0.18712863326072693,0.12243568897247314,2.7363991737365723,3.3561134338378906,0.0,61000,60500,60750,60500,15450623,15518715,15572421,15346241,62,60,64,70,23.664551899768412
p0_uniform,243000,242000,100000,43000,WO,0.5718820256838142,False,-553.5098876953125,14.24759292602539,-0.3598328232765198,0.12049965560436249,2.9161415100097656,2.6683502197265625,0.0,61000,60500,61000,60500,15466643,15534482,15588681,15362194,70,56,70,60,25.74885039962828
p0_uniform,243250,242250,100000,43250,DC,10.0,True,-580.86376953125,27.86935043334961,-0.5333948135375977,0.11974946409463882,3.883866548538208,3.80360746383667,0.0,61000,60750,61000,60500,15482736,15550251,15604823,15378190,65,73,59,59,27.877088200300932
p0_uniform,243500,242500,100000,43500,DC,10.0,True,-602.5406494140625,22.838918685913086,-0.0014113634824752808,0.12107102572917938,3.3668699264526367,3.391596794128418,0.0,61000,61000,61000,60500,15498709,15566182,15620965,15394144,61,68,60,67,29.928243500180542
p0_uniform,243750,242750,100000,43750,WC,9.575111465467185,True,-571.9219360351562,35.001075744628906,0.18028637766838074,0.12189776450395584,3.171294689178467,3.37534761428833,0.0,61000,61000,61000,60750,15514783,15582210,15636747,15410260,50,60,70,76,32.2281583994627
p0_uniform,244000,243000,100000,44000,WC,9.575475901986767,True,-541.1358032226562,27.10799789428711,-0.35610997676849365,0.1240093782544136,3.18656587600708,3.189088821411133,0.0,61000,61000,61000,61000,15530772,15598183,15652728,15426317,72,55,71,58,34.591000500135124
p0_uniform,244250,243250,100000,44250,WO,0.5519141047017868,False,-563.2034301757812,29.264141082763672,-0.19436883926391602,0.12143254280090332,3.3445076942443848,3.1896166801452637,0.0,61000,61000,61250,61000,15546789,15614103,15668830,15442278,62,63,66,65,2.0896811997517943
p0_uniform,244500,243500,100000,44500,WO,0.5607395179770689,False,-551.0236206054688,84.93317413330078,-0.1266097128391266,0.12251949310302734,3.758089065551758,4.5833048820495605,0.0,61000,61000,61500,61000,15562725,15630018,15685104,15458153,72,62,65,57,4.359470999799669
p0_uniform,244750,243750,100000,44750,WC,9.25597221061601,True,-617.2948608398438,21.07459259033203,-0.08878397941589355,0.12275521457195282,3.0094380378723145,2.7522730827331543,0.0,61000,61000,61500,61250,15578454,15645891,15701439,15474216,61,76,60,59,6.487306999973953
p0_uniform,245000,244000,100000,45000,WC,9.510430350319561,True,-555.7847290039062,63.96760559082031,0.8206951022148132,0.12137416005134583,3.504883289337158,3.302669048309326,0.0,61000,61000,61500,61500,15594423,15661437,15717706,15490434,80,58,58,60,8.637452299706638
p0_uniform,245250,244250,100000,45250,DC,10.0,True,-589.8341064453125,23.091289520263672,0.11213231831789017,0.12257719039916992,3.2865939140319824,3.192401885986328,0.0,61000,61250,61500,61500,15610216,15677310,15733883,15506591,65,57,57,77,10.751214299350977
p0_uniform,245500,244500,100000,45500,DC,10.0,True,-561.3167114257812,16.061891555786133,-1.2649887800216675,0.1231510117650032,2.6717262268066406,2.613713264465332,0.0,61000,61500,61500,61500,15626212,15693065,15749977,15522746,58,54,70,74,12.750543599948287
p0_uniform,245750,244750,100000,45750,DC,10.0,True,-573.9859008789062,21.889862060546875,0.4640236794948578,0.12356644123792648,3.1918888092041016,2.8331408500671387,0.0,61000,61750,61500,61500,15642232,15708987,15765702,15539079,48,65,70,73,14.838364799506962
p0_uniform,246000,245000,100000,46000,DC,10.0,True,-649.219482421875,25.787052154541016,0.5469700694084167,0.1233900710940361,3.221923589706421,3.7530293464660645,0.0,61000,62000,61500,61500,15658273,15724704,15781564,15555459,63,75,49,69,16.9659139001742
p0_uniform,246250,245250,100000,46250,DO,5.26899036770819,False,-536.6148681640625,28.978036880493164,-0.07999315857887268,0.12118624150753021,3.434173583984375,2.961987018585205,0.0,61250,62000,61500,61500,15674297,15740829,15797319,15571555,72,59,72,53,18.891133000142872
p0_uniform,246500,245500,100000,46500,DO,8.674787860896469,True,-560.060546875,16.194900512695312,0.3376622796058655,0.12222318351268768,2.851503610610962,2.6592206954956055,0.0,61500,62000,61500,61500,15690592,15756589,15813163,15587656,67,65,67,57,20.713469199836254
p0_uniform,246750,245750,100000,46750,WO,0.2630179420855145,False,-588.2320556640625,21.740074157714844,-0.43993499875068665,0.12321363389492035,3.2137556076049805,3.0979645252227783,0.0,61500,62000,61750,61500,15706881,15772611,15828755,15603753,73,63,58,62,22.53401739988476
p0_uniform,247000,246000,100000,47000,WO,0.3159431494146441,False,-610.3253784179688,25.103919982910156,-0.0925217866897583,0.1210203766822815,3.366964340209961,3.4484100341796875,0.0,61500,62000,62000,61500,15722945,15788761,15844563,15619731,59,66,56,75,24.351517099887133
p0_uniform,247250,246250,100000,47250,DO,4.912929981728979,False,-584.1060180664062,18.374874114990234,-0.08323027938604355,0.12070120871067047,3.509476661682129,3.159951686859131,0.0,61750,62000,62000,61500,15738878,15804793,15860524,15635805,73,67,60,56,26.203785999678075
p0_uniform,247500,246500,100000,47500,DO,5.448736933998417,False,-607.5883178710938,19.93824577331543,0.49265891313552856,0.119847372174263,2.9493722915649414,2.7754130363464355,0.0,62000,62000,62000,61500,15754908,15820887,15876557,15651648,60,68,56,72,28.016467799432576
p0_uniform,247750,246750,100000,47750,WC,8.88506653565217,True,-580.0274047851562,12.693191528320312,0.297675758600235,0.11851347982883453,2.3955726623535156,2.3915014266967773,0.0,62000,62000,62000,61750,15770885,15836828,15892574,15667713,54,70,70,62,29.818976399488747
p0_uniform,248000,247000,100000,48000,WC,9.696474437778758,True,-578.7537841796875,85.59698486328125,0.34012389183044434,0.11798518151044846,3.53658390045166,3.327789068222046,0.0,62000,62000,62000,62000,15786782,15852831,15908670,15683717,65,58,61,72,31.64981220010668
p0_uniform,248250,247250,100000,48250,DO,4.440054116288693,False,-579.945556640625,42.30840301513672,0.18651646375656128,0.12034022063016891,3.165498733520508,3.3843541145324707,0.0,62250,62000,62000,62000,15802734,15868865,15924500,15699901,50,67,73,66,1.8196149002760649
p0_uniform,248500,247500,100000,48500,DO,5.142842620161543,False,-616.59619140625,20.151479721069336,-0.15759500861167908,0.12113350629806519,2.8277621269226074,2.7822821140289307,0.0,62500,62000,62000,62000,15819064,15884722,15940163,15716051,65,71,57,63,3.6470451997593045
p0_uniform,248750,247750,100000,48750,WO,0.8956687839217392,False,-606.1514282226562,18.980012893676758,0.30509620904922485,0.12174911797046661,2.8111913204193115,2.919064521789551,0.0,62500,62000,62250,62000,15835302,15900835,15956068,15731795,57,73,67,59,5.459631900303066
p0_uniform,249000,248000,100000,49000,WO,1.1912523635096512,False,-602.1988525390625,22.491661071777344,-0.7178341150283813,0.12230733782052994,3.81312894821167,3.1777913570404053,0.0,62500,62000,62500,62000,15851654,15916870,15971954,15747522,74,55,48,79,7.256934000179172
p0_uniform,249250,248250,100000,49250,DC,10.0,True,-580.8861694335938,22.72522735595703,-0.14290344715118408,0.12241656333208084,2.9292144775390625,2.9127140045166016,0.0,62500,62250,62500,62000,15867889,15933119,15988063,15762929,72,73,63,48,9.088264600373805
p0_uniform,249500,248500,100000,49500,DC,10.0,True,-593.41162109375,20.074668884277344,0.7728281617164612,0.12411536276340485,3.178131580352783,3.074392318725586,0.0,62500,62500,62500,62000,15884134,15949541,16003816,15778509,51,76,69,60,10.91700560040772
p0_uniform,249750,248750,100000,49750,DO,5.36398514269605,False,-555.3131713867188,74.90806579589844,0.4133950471878052,0.12540654838085175,3.875641345977783,3.2664170265197754,0.0,62750,62500,62500,62000,15900407,15965792,16019641,15794160,67,63,66,60,12.806340100243688
p0_uniform,250000,249000,100000,50000,DO,5.446131218556745,False,-580.9224853515625,15.789533615112305,0.11984707415103912,0.12414196878671646,2.6791977882385254,2.3134686946868896,0.0,63000,62500,62500,62000,15916762,15981985,16035367,15809886,61,61,65,69,14.678988399915397
p0_uniform,250250,249250,100000,50250,WO,0.37287155594981747,False,-566.7316284179688,35.11587142944336,0.07336565852165222,0.12427937984466553,3.873136043548584,3.549227237701416,0.0,63000,62500,62750,62000,15932943,15998322,16051220,15825515,63,66,69,58,16.536402500234544
p0_uniform,250500,249500,100000,50500,WO,0.3671921881013347,False,-608.2041015625,21.633865356445312,0.5292965173721313,0.12893053889274597,3.123262882232666,2.7851274013519287,0.0,63000,62500,63000,62000,15948902,16014556,16067203,15841339,71,66,56,63,18.626073100604117
p0_uniform,250750,249750,100000,50750,WC,8.815812762561325,True,-580.4154052734375,15.564635276794434,0.25277745723724365,0.12884487211704254,2.6428446769714355,2.7855031490325928,0.0,63000,62500,63000,62250,15965085,16030565,16083154,15857196,65,62,60,69,20.799373700283468
p0_uniform,251000,250000,100000,51000,WC,8.562402169992602,True,-581.8593139648438,16.515888214111328,-0.2653576731681824,0.1297639012336731,2.5406835079193115,2.501844882965088,0.0,63000,62500,63000,62500,15981000,16046655,16099249,15873096,69,65,68,54,22.95022950042039
p0_uniform,251250,250250,100000,51250,DC,10.0,True,-589.820556640625,16.613954544067383,-0.2918854355812073,0.12947756052017212,2.537182331085205,2.6739068031311035,0.0,63000,62750,63000,62500,15996959,16062949,16115280,15888812,51,76,67,62,25.176424300298095
p0_uniform,251500,250500,100000,51500,DC,10.0,True,-577.2464599609375,27.369495391845703,0.5449142456054688,0.1311102658510208,3.0930919647216797,3.3439273834228516,0.0,63000,63000,63000,62500,16012833,16079351,16131167,15904649,66,59,60,71,27.468928100541234
p0_uniform,251750,250750,100000,51750,WC,8.805918892316365,True,-545.28857421875,23.29306411743164,-0.9470884799957275,0.12771427631378174,2.576348304748535,2.423116683959961,0.0,63000,63000,63000,62750,16028745,16095648,16147160,15920447,57,63,79,57,29.58438070025295
p0_uniform,252000,251000,100000,52000,WC,8.90583241754596,True,-540.3045654296875,19.310277938842773,-0.4095969796180725,0.12835876643657684,2.8466989994049072,3.447463035583496,0.0,63000,63000,63000,63000,16044766,16111814,16163053,15936367,63,54,80,59,31.617260199971497
p0_uniform,252250,251250,100000,52250,WO,0.9386685732220967,False,-567.3456420898438,16.297595977783203,-0.21686536073684692,0.12718626856803894,2.8259034156799316,2.6814002990722656,0.0,63000,63000,63250,63000,16060510,16127937,16179295,15952258,60,65,71,60,2.038662400096655
p0_uniform,252500,251500,100000,52500,WO,0.8302825979166717,False,-621.6065673828125,19.758695602416992,1.5253345966339111,0.12822258472442627,3.080263614654541,3.1847853660583496,0.0,63000,63000,63500,63000,16076375,16143935,16195377,15968313,65,78,57,56,4.059885699301958
p0_uniform,252750,251750,100000,52750,DC,10.0,True,-593.5745849609375,17.546581268310547,0.10787075757980347,0.1276749074459076,2.996908187866211,2.6198763847351074,0.0,63000,63250,63500,63000,16092044,16159958,16211619,15984379,67,62,56,71,6.119027399457991
p0_uniform,253000,252000,100000,53000,DC,10.0,True,-618.2081298828125,13.339698791503906,0.06629118323326111,0.12780413031578064,2.7299070358276367,2.276515245437622,0.0,63000,63500,63500,63000,16107374,16176080,16228044,16000502,54,77,61,64,8.128951099701226
p0_uniform,253250,252250,100000,53250,DC,10.0,True,-585.7978515625,18.79452133178711,-0.8703543543815613,0.1289401352405548,2.948988437652588,3.393064022064209,0.0,63000,63750,63500,63000,16122895,16192398,16244359,16016348,48,66,77,65,10.10479739960283
p0_uniform,253500,252500,100000,53500,DC,10.0,True,-615.5905151367188,32.471519470214844,1.4876099824905396,0.13073164224624634,3.156083106994629,3.308621406555176,0.0,63000,64000,63500,63000,16138275,16208927,16260574,16032224,62,72,57,65,12.044810499995947
p0_uniform,253750,252750,100000,53750,DO,2.6383339088041953,False,-574.317626953125,26.49645233154297,0.4455634355545044,0.13053210079669952,2.953721761703491,3.0145938396453857,0.0,63250,64000,63500,63000,16153803,16225631,16276710,16047856,76,66,61,53,14.082872699946165
p0_uniform,254000,253000,100000,54000,DO,2.8212771786714463,False,-610.767578125,31.258867263793945,0.4795903265476227,0.1314612776041031,3.2710118293762207,2.6351613998413086,0.0,63500,64000,63500,63000,16169505,16242142,16293066,16063287,53,80,63,60,16.045877600088716
p0_uniform,254250,253250,100000,54250,WO,1.2257061287385131,False,-595.6423950195312,21.94894027709961,-0.095616415143013,0.13097675144672394,2.9254822731018066,2.7372541427612305,0.0,63500,64000,63750,63000,16185168,16258427,16309551,16078854,60,64,62,70,18.06251399964094
p0_uniform,254500,253500,100000,54500,WO,1.8059701040822163,False,-570.8299560546875,26.740108489990234,-0.27360859513282776,0.12947426736354828,2.9125285148620605,2.979299545288086,0.0,63500,64000,64000,63000,16200957,16274561,16326038,16094444,64,60,65,67,19.977191699668765
p0_uniform,254750,253750,100000,54750,WC,9.083852356701458,True,-562.6065673828125,20.98263931274414,0.5410098433494568,0.129641592502594,2.965606927871704,3.4505410194396973,0.0,63500,64000,64000,63250,16216730,16290535,16342660,16110075,70,58,67,61,21.880900799296796
p0_uniform,255000,254000,100000,55000,WC,9.30655003842084,True,-626.32470703125,17.847637176513672,0.29400521516799927,0.1290660798549652,2.986044406890869,2.7323062419891357,0.0,63500,64000,64000,63500,16232266,16306543,16359077,16126114,75,70,48,63,23.78040859941393
p0_uniform,255250,254250,100000,55250,DO,5.143587502048157,False,-563.634765625,27.241390228271484,0.1907798945903778,0.13071639835834503,3.7473015785217285,3.8220431804656982,0.0,63750,64000,64000,63500,16248013,16322446,16375429,16142112,66,58,71,61,25.70256199967116
p0_uniform,255500,254500,100000,55500,DO,5.141746669565378,False,-580.5809326171875,27.95798110961914,0.1774735450744629,0.13081292808055878,3.2611470222473145,2.750274658203125,0.0,64000,64000,64000,63500,16263644,16338628,16391729,16157999,76,63,59,58,27.60796109959483
p0_uniform,255750,254750,100000,55750,WC,8.918633515804279,True,-607.9100341796875,17.67905044555664,0.1325657218694687,0.13245061039924622,3.023616313934326,2.862302780151367,0.0,64000,64000,64000,63750,16279601,16354612,16407735,16174052,61,65,58,72,29.537123099900782
p0_uniform,256000,255000,100000,56000,WC,8.568851632197395,True,-559.694580078125,18.59149169921875,-0.024622704833745956,0.13594703376293182,3.3337767124176025,2.8053009510040283,0.0,64000,64000,64000,64000,16295670,16370478,16423835,16190017,64,62,72,58,31.46932809986174
p0_uniform,256250,255250,100000,56250,WO,0.6934034362678265,False,-584.0433349609375,18.702289581298828,0.5116843581199646,0.13802942633628845,2.7751049995422363,2.7841150760650635,0.0,64000,64000,64250,64000,16311727,16386443,16439929,16205901,64,71,70,51,1.9290394000709057
p0_uniform,256500,255500,100000,56500,WO,0.5100777410728523,False,-549.4703979492188,15.243736267089844,-0.4776616096496582,0.13643541932106018,2.2707295417785645,2.6623833179473877,0.0,64000,64000,64500,64000,16327558,16402375,16456171,16221896,64,54,77,61,3.8383287005126476
p0_uniform,256750,255750,100000,56750,WC,8.795010429413747,True,-626.3360595703125,16.360633850097656,0.2926538586616516,0.13771773874759674,2.683427095413208,2.5033764839172363,0.0,64000,64000,64500,64250,16343110,16418453,16472225,16238212,63,75,56,62,5.7459327997639775
p0_uniform,257000,256000,100000,57000,WC,8.804285599834149,True,-543.428466796875,17.464004516601562,0.13198605179786682,0.13788868486881256,3.298522710800171,3.0895700454711914,0.0,64000,64000,64500,64500,16358860,16434244,16488499,16254397,58,56,80,62,7.657898399978876
p0_uniform,257250,256250,100000,57250,DC,10.0,True,-612.6075439453125,22.04471206665039,0.8680960536003113,0.13827770948410034,2.889310836791992,2.981658458709717,0.0,64000,64250,64500,64500,16374524,16449873,16504882,16270721,55,78,62,61,9.586510799825191
p0_uniform,257500,256500,100000,57500,DC,10.0,True,-602.80078125,26.550859451293945,-0.45936357975006104,0.13695889711380005,3.3222997188568115,2.748373031616211,0.0,64000,64500,64500,64500,16390079,16465685,16521453,16286783,67,56,57,76,11.519033700227737
p0_uniform,257750,256750,100000,57750,DO,4.187301212540699,False,-581.4511108398438,25.948535919189453,-0.27596795558929443,0.13740018010139465,3.623950958251953,2.7196578979492188,0.0,64250,64500,64500,64500,16405874,16481529,16537797,16302800,61,64,67,64,13.4391556000337
p0_uniform,258000,257000,100000,58000,DO,2.094876045526005,False,-623.8736572265625,32.13799285888672,-0.8419443368911743,0.13794326782226562,3.007265090942383,2.7917838096618652,0.0,64500,64500,64500,64500,16421917,16497262,16554094,16318727,67,73,57,59,15.423362500034273
p0_uniform,258250,257250,100000,58250,WO,0.3521059130674837,False,-567.8038330078125,25.698688507080078,0.2347850799560547,0.13319085538387299,3.16331148147583,3.0501456260681152,0.0,64500,64500,64750,64500,16437884,16512972,16570373,16334771,65,69,71,51,17.333871900103986
p0_uniform,258500,257500,100000,58500,WO,0.28384583996682416,False,-605.1890869140625,63.259483337402344,0.09187597036361694,0.13061590492725372,3.1857247352600098,4.004087448120117,0.0,64500,64500,65000,64500,16454032,16528513,16586687,16350768,64,57,57,78,19.24579960014671
p0_uniform,258750,257750,100000,58750,WC,9.292086991975912,True,-570.5269775390625,22.909147262573242,-0.17296789586544037,0.1324804276227951,3.040799856185913,3.252279758453369,0.0,64500,64500,65000,64750,16469977,16544243,16603021,16366759,79,58,62,57,21.161573099903762
p0_uniform,259000,258000,100000,59000,WC,9.020704949501807,True,-654.428955078125,26.9797420501709,-0.6123090982437134,0.13084957003593445,2.914677619934082,3.0587158203125,0.0,64500,64500,65000,65000,16485545,16560133,16619295,16383027,58,69,53,76,23.041736099869013
p0_uniform,259250,258250,100000,59250,DC,10.0,True,-574.506103515625,63.48628616333008,0.7822155356407166,0.12852808833122253,2.8970401287078857,3.11361026763916,0.0,64500,64750,65000,65000,16501283,16576058,16635466,16399193,63,67,74,52,24.93567330017686
p0_uniform,259500,258500,100000,59500,DC,10.0,True,-599.466796875,32.30857849121094,1.1145113706588745,0.13016407191753387,3.6745309829711914,3.7041823863983154,0.0,64500,65000,65000,65000,16516973,16592023,16651698,16415306,65,62,59,70,26.839111200533807
p0_uniform,259750,258750,100000,59750,DO,4.270358783555402,False,-646.092529296875,13.411802291870117,1.2984057664871216,0.13002018630504608,2.572408676147461,2.540250301361084,0.0,64750,65000,65000,65000,16532574,16608119,16668108,16431199,58,82,51,65,28.743386699818075
p0_uniform,260000,259000,100000,60000,DO,5.4110444828000155,False,-533.053466796875,25.726978302001953,0.7278483510017395,0.12903814017772675,2.7321834564208984,3.115212917327881,0.0,65000,65000,65000,65000,16548639,16624095,16684041,16447225,77,48,70,61,30.60402309987694
p0_uniform,260250,259250,100000,60250,DO,1.116027472225882,False,-615.6891479492188,17.16345977783203,0.3213421404361725,0.12947191298007965,3.009333372116089,2.5548713207244873,0.0,65250,65000,65000,65000,16564481,16640327,16700020,16463172,69,71,60,56,1.8861678000539541
p0_uniform,260500,259500,100000,60500,DO,1.1841236071180237,False,-560.1922607421875,21.846412658691406,-0.20458218455314636,0.1308174729347229,2.7441253662109375,3.051264762878418,0.0,65500,65000,65000,65000,16580504,16656205,16715995,16479296,74,52,68,62,3.7497199000790715
p0_uniform,260750,259750,100000,60750,DC,10.0,True,-616.0982666015625,17.6949405670166,-0.32039034366607666,0.13390538096427917,2.804372549057007,2.6915841102600098,0.0,65500,65250,65000,65000,16596580,16672257,16732001,16495162,67,62,62,65,5.627744399942458
p0_uniform,261000,260000,100000,61000,DC,10.0,True,-615.856201171875,16.262454986572266,-0.508653998374939,0.1336187720298767,3.2932703495025635,2.331573724746704,0.0,65500,65500,65000,65000,16612666,16688372,16748151,16510811,77,63,54,62,7.526774100027978
p0_uniform,261250,260250,100000,61250,WC,9.337558506613368,True,-551.2137451171875,64.27178955078125,-0.023587524890899658,0.13658680021762848,3.804060935974121,4.138817310333252,0.0,65500,65500,65000,65250,16628733,16704632,16764039,16526596,65,63,74,54,9.437426200136542
p0_uniform,261500,260500,100000,61500,WC,9.16420123516669,True,-610.3453369140625,19.848445892333984,0.17531996965408325,0.1375504434108734,2.6518514156341553,2.6066269874572754,0.0,65500,65500,65000,65500,16644790,16720605,16779991,16542614,61,65,57,73,11.321708200499415
p0_uniform,261750,260750,100000,61750,DO,1.0562057602641037,False,-582.6277465820312,40.95222473144531,0.7405390739440918,0.13638025522232056,4.58648681640625,4.170361518859863,0.0,65750,65500,65000,65500,16660853,16736512,16795994,16558641,60,58,67,71,13.195208200253546
p0_uniform,262000,261000,100000,62000,DO,6.039791087364723,False,-596.407470703125,29.59355354309082,0.4978543221950531,0.1351756602525711,4.179604530334473,3.5086777210235596,0.0,66000,65500,65000,65500,16677190,16752536,16811872,16574402,62,76,66,52,15.078496000729501
p0_uniform,262250,261250,100000,62250,WC,9.679544580554344,True,-603.5911865234375,14.757997512817383,-0.9906610250473022,0.13494648039340973,2.7385926246643066,2.4566640853881836,0.0,66000,65500,65000,65750,16693400,16768529,16827840,16590231,61,68,63,64,17.054569100029767
p0_uniform,262500,261500,100000,62500,WC,9.298726139184003,True,-612.6180419921875,20.036218643188477,0.6620224714279175,0.13747745752334595,2.673670768737793,3.1701111793518066,0.0,66000,65500,65000,66000,16709472,16784427,16843868,16606233,60,62,57,77,18.946658900007606
p0_uniform,262750,261750,100000,62750,WO,0.6147041864661278,False,-595.84521484375,28.24466896057129,0.012420177459716797,0.13732491433620453,2.788440704345703,3.1435956954956055,0.0,66000,65500,65250,66000,16725752,16800127,16859781,16622340,66,63,65,62,20.898054600693285
p0_uniform,263000,262000,100000,63000,WO,0.6383601920467725,False,-585.5972900390625,15.164471626281738,-0.0004901885986328125,0.13696452975273132,2.673858165740967,2.64311146736145,0.0,66000,65500,65500,66000,16742024,16815688,16875914,16638374,56,60,70,70,22.746216700412333
p0_uniform,263250,262250,100000,63250,DC,10.0,True,-607.572021484375,40.73561477661133,-0.2844865322113037,0.13851942121982574,3.223884344100952,2.921487808227539,0.0,66000,65750,65500,66000,16758423,16831496,16891891,16654190,54,64,64,74,24.64716409984976
p0_uniform,263500,262500,100000,63500,DC,10.0,True,-613.2925415039062,16.00136947631836,-0.5849381685256958,0.1391802430152893,2.589962959289551,2.485682964324951,0.0,66000,66000,65500,66000,16774886,16847278,16907679,16670157,51,70,70,65,26.525040700100362
p0_uniform,263750,262750,100000,63750,WO,0.2803007557627606,False,-598.464599609375,14.338970184326172,-0.06161517649888992,0.13832831382751465,2.7265682220458984,2.5776662826538086,0.0,66000,66000,65750,66000,16791000,16863163,16923603,16686234,60,63,63,70,28.433830000460148
p0_uniform,264000,263000,100000,64000,WO,0.2809514538393922,False,-590.2395629882812,20.43629264831543,-0.6379216313362122,0.13654212653636932,2.5301437377929688,2.7135977745056152,0.0,66000,66000,66000,66000,16807050,16879164,16939677,16702109,58,59,69,70,30.287999000400305
p0_uniform,264250,263250,100000,64250,DO,1.2153442227607798,False,-601.8765869140625,19.269458770751953,0.23476573824882507,0.1398216187953949,3.011836051940918,3.1722497940063477,0.0,66250,66000,66000,66000,16823003,16895166,16955751,16718080,58,65,65,68,1.8962815003469586
p0_uniform,264500,263500,100000,64500,DO,1.422576796779675,False,-593.6661376953125,12.608345031738281,0.5680555105209351,0.14134590327739716,2.4796292781829834,2.5565805435180664,0.0,66500,66000,66000,66000,16838951,16911104,16971791,16734154,64,62,65,65,3.774939300492406
p0_uniform,264750,263750,100000,64750,WC,9.619014988653042,True,-624.7955932617188,29.695791244506836,-0.06103408336639404,0.14060743153095245,3.5476815700531006,3.450901508331299,0.0,66500,66000,66000,66250,16854961,16926970,16987858,16750211,59,70,57,70,5.720958599820733
p0_uniform,265000,264000,100000,65000,WC,9.452058771529604,True,-626.1925048828125,144.82061767578125,1.6951205730438232,0.13866527378559113,3.8804931640625,4.5046210289001465,0.0,66500,66000,66000,66500,16870820,16942743,17004054,16766383,79,70,47,60,7.657828100025654
p0_uniform,265250,264250,100000,65250,WO,0.8722174632945687,False,-538.4631958007812,23.440372467041016,-1.1600573062896729,0.14055322110652924,3.154012680053711,3.708162307739258,0.0,66500,66000,66250,66500,16886872,16958372,17020038,16782718,59,54,80,63,9.621508000418544
p0_uniform,265500,264500,100000,65500,WO,1.0450422598591098,False,-602.0318603515625,42.62507629394531,0.24189549684524536,0.13898636400699615,2.8822903633117676,2.91133975982666,0.0,66500,66000,66500,66500,16902729,16974138,17036354,16798779,62,66,65,63,11.597814400680363
p0_uniform,265750,264750,100000,65750,WC,8.407953936610928,True,-589.0131225585938,37.870147705078125,0.39464008808135986,0.13800640404224396,3.053286552429199,2.8845362663269043,0.0,66500,66000,66500,66750,16918471,16989798,17052598,16815133,55,61,69,71,13.726445300504565
p0_uniform,266000,265000,100000,66000,WC,9.443180969009163,True,-602.48486328125,44.85417556762695,-0.14384090900421143,0.13682550191879272,3.606621742248535,3.3168466091156006,0.0,66500,66000,66500,67000,16934174,17005425,17068629,16831772,67,62,58,69,16.095488199964166
p0_uniform,266250,265250,100000,66250,DC,10.0,True,-572.0440673828125,16.567602157592773,-0.8676280975341797,0.13527053594589233,3.2553534507751465,2.5250513553619385,0.0,66500,66250,66500,67000,16949936,17021101,17084697,16848266,51,54,73,78,18.397784300148487
p0_uniform,266500,265500,100000,66500,DC,10.0,True,-657.781982421875,22.912914276123047,-0.08049717545509338,0.1368076652288437,3.0856857299804688,2.869429111480713,0.0,66500,66500,66500,67000,16965548,17036957,17100492,16865003,56,78,49,73,20.681828300468624
p0_uniform,266750,265750,100000,66750,WO,0.42390055610956556,False,-587.4130859375,10.879643440246582,-0.01548302173614502,0.1368493288755417,2.4044549465179443,2.277144432067871,0.0,66500,66500,66750,67000,16981344,17052799,17116489,16881368,57,68,71,60,23.029605500400066
p0_uniform,267000,266000,100000,67000,WO,0.40716015279445317,False,-589.236328125,37.37393569946289,0.37622523307800293,0.13903231918811798,4.175136566162109,3.7138309478759766,0.0,66500,66500,67000,67000,16997206,17068760,17132516,16897518,64,59,64,69,25.38573530036956
p0_uniform,267250,266250,100000,67250,DO,6.407334086269816,False,-619.0437622070312,14.26211166381836,-0.027530893683433533,0.13784362375736237,2.465986728668213,2.605360984802246,0.0,66750,66500,67000,67000,17012864,17084499,17148557,16914080,55,69,64,68,27.775174600072205
p0_uniform,267500,266500,100000,67500,DO,1.6010252204026674,False,-577.4312133789062,21.168495178222656,0.6382270455360413,0.13419750332832336,2.8233418464660645,3.138819932937622,0.0,67000,66500,67000,67000,17028842,17100022,17164663,16930473,71,58,63,64,30.081102800555527
p0_uniform,267750,266750,100000,67750,DC,10.0,True,-588.43798828125,18.405153274536133,-0.2934682369232178,0.1361081749200821,2.906765937805176,2.980772018432617,0.0,67000,66750,67000,67000,17044937,17116093,17180432,16946538,75,58,63,60,32.39574010018259
p0_uniform,268000,267000,100000,68000,DC,10.0,True,-612.80615234375,25.827350616455078,1.0267890691757202,0.13963745534420013,2.8614859580993652,3.013186454772949,0.0,67000,67000,67000,67000,17060969,17131986,17196298,16962747,62,67,60,67,34.710740299895406
p0_uniform,268250,267250,100000,68250,DC,10.0,True,-605.8594970703125,52.21720886230469,0.4945048987865448,0.14057981967926025,3.0761220455169678,3.5283875465393066,0.0,67000,67250,67000,67000,17076817,17148265,17212398,16978520,63,69,61,63,2.4413332007825375
p0_uniform,268500,267500,100000,68500,DC,10.0,True,-596.9048461914062,22.04363250732422,-1.0807929039001465,0.1394510418176651,2.731719732284546,3.08204984664917,0.0,67000,67500,67000,67000,17092618,17164636,17228520,16994226,64,57,62,73,4.77908640075475
p0_uniform,268750,267750,100000,68750,DO,2.7771862627320134,False,-573.0269165039062,32.52436828613281,-0.22641214728355408,0.1384621411561966,3.0515177249908447,4.7702789306640625,0.0,67250,67500,67000,67000,17108705,17181111,17244396,17009788,62,66,73,55,7.250530800782144
p0_uniform,269000,268000,100000,69000,DO,0.8913506195014573,False,-595.3125610351562,14.121312141418457,0.7467966079711914,0.13560479879379272,3.13175106048584,2.4231956005096436,0.0,67500,67500,67000,67000,17124916,17197452,17260364,17025268,55,64,68,69,9.503189300186932
p0_uniform,269250,268250,100000,69250,DO,5.4991350547338165,False,-611.6676635742188,24.839435577392578,-0.5387920141220093,0.13747835159301758,2.9095311164855957,2.8779146671295166,0.0,67750,67500,67000,67000,17141285,17213698,17276281,17040736,53,71,65,67,11.819631200283766
p0_uniform,269500,268500,100000,69500,DO,6.257768577678464,False,-606.9932250976562,15.148128509521484,0.4598426818847656,0.13758128881454468,2.7680203914642334,2.714449167251587,0.0,68000,67500,67000,67000,17157450,17230222,17292308,17056020,66,64,57,69,14.11960790026933
p0_uniform,269750,268750,100000,69750,WC,8.591528474165052,True,-611.5551147460938,26.1336669921875,-0.028115302324295044,0.13939140737056732,3.429841995239258,3.455076217651367,0.0,68000,67500,67000,67250,17173874,17246367,17308374,17071385,72,66,62,56,16.54167770035565
p0_uniform,270000,269000,100000,70000,WC,8.713492448792051,True,-611.5916748046875,64.72808074951172,0.5101470351219177,0.13874433934688568,2.9713075160980225,3.4735567569732666,0.0,68000,67500,67000,67500,17190198,17262691,17324169,17086942,64,72,61,59,18.866484000347555
p0_uniform,270250,269250,100000,70250,WO,0.5252443358287151,False,-589.2615966796875,22.921184539794922,0.5386868715286255,0.13747113943099976,2.8777952194213867,3.0535852909088135,0.0,68000,67500,67250,67500,17206385,17279074,17339991,17102550,68,80,73,35,21.232829400338233
p0_uniform,270500,269500,100000,70500,WO,0.5466697662722774,False,-582.0472412109375,32.408294677734375,0.9970625638961792,0.14092443883419037,3.085526704788208,3.5208804607391357,0.0,68000,67500,67500,67500,17222572,17295007,17355930,17118491,64,66,68,58,23.53065720014274
p0_uniform,270750,269750,100000,70750,WO,0.35064318528758254,False,-579.2142333984375,25.208717346191406,0.8711642026901245,0.14279380440711975,2.9114224910736084,3.147426128387451,0.0,68000,67500,67750,67500,17238781,17311078,17371940,17134201,70,68,68,50,25.86301220022142
p0_uniform,271000,270000,100000,71000,WO,0.5023133254421481,False,-581.5087280273438,20.89691925048828,0.6031253337860107,0.14210544526576996,2.6256399154663086,2.6588327884674072,0.0,68000,67500,68000,67500,17254819,17326931,17388290,17149960,48,67,71,70,28.169749500229955
p0_uniform,271250,270250,100000,71250,WC,9.513868765454042,True,-622.1079711914062,33.417205810546875,0.0026462972164154053,0.1382104605436325,4.107460021972656,4.443755149841309,0.0,68000,67500,68000,67750,17270754,17343062,17404423,17165761,65,62,58,71,30.49241890013218
p0_uniform,271500,270500,100000,71500,WC,9.76561432213022,True,-643.4360961914062,30.82366943359375,-0.2531244456768036,0.13890065252780914,3.185914993286133,3.2306337356567383,0.0,68000,67500,68000,68000,17286658,17359171,17420504,17181667,55,78,57,66,32.77403620071709
p0_uniform,271750,270750,100000,71750,DC,10.0,True,-547.6309814453125,15.785825729370117,-0.6086949706077576,0.13911937177181244,2.915147304534912,2.4047329425811768,0.0,68000,67750,68000,68000,17302672,17374921,17436607,17197800,53,54,85,64,35.050796300172806
p0_uniform,272000,271000,100000,72000,DC,10.0,True,-619.51611328125,23.696897506713867,0.5938363075256348,0.13923850655555725,3.0543646812438965,3.191291570663452,0.0,68000,68000,68000,68000,17318666,17390915,17452575,17213844,72,68,55,61,37.2975523006171
p0_uniform,272250,271250,100000,72250,WC,9.28909254390604,True,-617.7276611328125,22.11311912536621,-0.3670850992202759,0.1424325704574585,2.6759376525878906,3.0615551471710205,0.0,68000,68000,68000,68250,17334607,17406679,17468832,17229882,68,59,56,73,2.2267517000436783
p0_uniform,272500,271500,100000,72500,WC,9.39697146658826,True,-636.4805297851562,22.423768997192383,-0.25808441638946533,0.14554475247859955,2.8134069442749023,3.1785285472869873,0.0,68000,68000,68000,68500,17350624,17422622,17484564,17246190,53,75,61,67,4.464912500232458
p0_uniform,272750,271750,100000,72750,DO,4.919687982333524,False,-580.2462158203125,32.677574157714844,-0.32542264461517334,0.14485888183116913,3.1458237171173096,3.0079219341278076,0.0,68250,68000,68000,68500,17366712,17438382,17500272,17262634,61,48,65,82,6.663913000375032
p0_uniform,273000,272000,100000,73000,DO,5.290058426672994,False,-612.977783203125,27.73129653930664,0.9644186496734619,0.14241470396518707,3.135997772216797,3.6853747367858887,0.0,68500,68000,68000,68500,17383008,17454286,17515803,17278903,65,71,61,59,8.92442120052874
p0_uniform,273250,272250,100000,73250,WO,2.002016231999272,False,-641.894775390625,53.25202560424805,-1.0240774154663086,0.1398572474718094,3.4494078159332275,3.4803307056427,0.0,68500,68000,68250,68500,17399230,17470166,17531529,17295075,61,78,56,61,11.185732900165021
p0_uniform,273500,272500,100000,73500,WO,0.6364380860970286,False,-600.55908203125,20.704750061035156,0.3122469484806061,0.1377406269311905,2.9966025352478027,3.0432214736938477,0.0,68500,68000,68500,68500,17415605,17485820,17547385,17311190,65,59,62,70,13.500174299813807
p0_uniform,273750,272750,100000,73750,DO,4.993982588517555,False,-629.2105712890625,26.750062942504883,-0.8618685007095337,0.13581453263759613,3.668759346008301,3.0352702140808105,0.0,68750,68000,68500,68500,17432034,17501443,17563477,17327046,73,60,56,67,15.747763300314546
p0_uniform,274000,273000,100000,74000,DO,5.357564050751089,False,-607.370361328125,22.770923614501953,-0.3948846757411957,0.13156290352344513,2.934781074523926,2.91825008392334,0.0,69000,68000,68500,68500,17448474,17517250,17579537,17342739,56,63,64,73,17.936855100095272
p0_uniform,274250,273250,100000,74250,WC,9.479233824018005,True,-599.791748046875,18.391979217529297,0.5617291331291199,0.13176317512989044,2.7179131507873535,2.7986526489257812,0.0,69000,68000,68500,68750,17465101,17532980,17595464,17358455,70,68,67,51,20.224346799775958
p0_uniform,274500,273500,100000,74500,WC,9.460818892068994,True,-617.1913452148438,23.585365295410156,0.6320027112960815,0.13189087808132172,3.292140483856201,3.4333128929138184,0.0,69000,68000,68500,69000,17481394,17548506,17611568,17374532,59,71,61,65,22.47616990003735
p0_uniform,274750,273750,100000,74750,WO,0.44728267581918496,False,-625.63623046875,20.77582550048828,-0.23482699692249298,0.128260999917984,2.5459141731262207,2.587186813354492,0.0,69000,68000,68750,69000,17497621,17564124,17627653,17390602,49,67,65,75,24.741803499870002
p0_uniform,275000,274000,100000,75000,WO,0.5218345691795446,False,-568.81640625,14.11526107788086,-0.4125741124153137,0.1265639066696167,2.2052505016326904,2.8239450454711914,0.0,69000,68000,69000,69000,17514102,17579828,17643501,17406569,56,53,75,72,27.00876529980451
p0_uniform,275250,274250,100000,75250,DC,10.0,True,-588.636962890625,14.972518920898438,-0.538711428642273,0.12468226253986359,2.5858733654022217,2.4977684020996094,0.0,69000,68250,69000,69000,17530296,17595374,17659678,17422652,64,55,70,67,29.37441849987954
p0_uniform,275500,274500,100000,75500,DC,10.0,True,-577.6983642578125,21.25210189819336,-0.34082967042922974,0.12472373992204666,3.418879985809326,2.944840908050537,0.0,69000,68500,69000,69000,17546564,17611020,17675605,17438811,56,56,72,72,31.55832609999925
p0_uniform,275750,274750,100000,75750,DC,10.0,True,-607.3013916015625,37.75446319580078,0.9116984009742737,0.12517616152763367,3.8625082969665527,3.377967357635498,0.0,69000,68750,69000,69000,17562660,17627001,17691696,17454643,79,64,56,57,33.40621830057353
p0_uniform,276000,275000,100000,76000,DC,10.0,True,-638.6588134765625,21.623762130737305,0.4409800171852112,0.12250937521457672,2.98171329498291,3.1733360290527344,0.0,69000,69000,69000,69000,17578614,17642887,17707660,17470839,62,82,62,50,35.219131000339985
p0_uniform,276250,275250,100000,76250,WC,9.568246940554456,True,-574.56494140625,18.257205963134766,-0.03991670161485672,0.12281850725412369,3.5957260131835938,2.8180487155914307,0.0,69000,69000,69000,69250,17594616,17658912,17723523,17486949,66,62,66,62,1.8288482995703816
p0_uniform,276500,275500,100000,76500,WC,9.44594570635764,True,-619.5119018554688,17.29114532470703,0.7741096019744873,0.1223844364285469,2.7993130683898926,2.934919595718384,0.0,69000,69000,69000,69500,17610437,17675006,17739307,17503250,74,64,54,64,3.655999799259007
p0_uniform,276750,275750,100000,76750,DC,10.0,True,-584.4667358398438,20.45046043395996,-0.2808643579483032,0.12194988876581192,2.8409345149993896,3.147981643676758,0.0,69000,69250,69000,69500,17626532,17690970,17754897,17519601,64,57,71,64,5.486891999840736
p0_uniform,277000,276000,100000,77000,DC,10.0,True,-609.16552734375,18.050445556640625,-0.35724371671676636,0.12102167308330536,2.7713375091552734,2.921229839324951,0.0,69000,69500,69000,69500,17642572,17707139,17770355,17535934,61,64,65,66,7.264217399992049
p0_uniform,277250,276250,100000,77250,DO,1.6605451364509252,False,-597.6043090820312,26.441495895385742,0.24530404806137085,0.12074226140975952,2.855592966079712,3.04194712638855,0.0,69250,69500,69000,69500,17658683,17723184,17785746,17552387,61,68,70,57,9.077195200137794
p0_uniform,277500,276500,100000,77500,DO,6.178544698729011,False,-648.46044921875,14.74794864654541,-0.6054932475090027,0.1196259930729866,2.6270484924316406,2.62534761428833,0.0,69500,69500,69000,69500,17674623,17739492,17801208,17568677,58,68,53,77,10.875133600085974
p0_uniform,277750,276750,100000,77750,WC,1.180711432517665,False,-615.4049072265625,31.582717895507812,0.10915151238441467,0.12055160105228424,3.214855432510376,4.0264387130737305,0.0,69500,69500,69000,69750,17690502,17755606,17816641,17585251,67,59,57,73,12.693680199794471
p0_uniform,278000,277000,100000,78000,WC,1.2196532138956426,False,-577.618408203125,28.693012237548828,0.34772518277168274,0.12089725583791733,3.0855698585510254,3.9201085567474365,0.0,69500,69500,69000,70000,17706557,17771596,17831977,17601870,70,57,66,63,14.48117239959538
p0_uniform,278250,277250,100000,78250,DO,5.429700373379348,False,-642.768798828125,25.243497848510742,1.9186360836029053,0.12548671662807465,3.6807098388671875,3.0871498584747314,0.0,69750,69500,69000,70000,17722745,17787536,17847345,17618374,73,65,45,73,16.30570869985968
p0_uniform,278500,277500,100000,78500,DO,4.156629813797038,False,-618.6007080078125,15.204629898071289,-0.09396547079086304,0.12629814445972443,2.9217545986175537,2.610313892364502,0.0,70000,69500,69000,70000,17738929,17803640,17862813,17634618,67,63,63,63,18.10679189953953
p0_uniform,278750,277750,100000,78750,WO,2.510741824216099,False,-649.4177856445312,18.547748565673828,0.9102928638458252,0.12494449317455292,3.016444444656372,2.886028289794922,0.0,70000,69500,69250,70000,17754947,17819832,17878350,17650871,63,84,54,55,19.95302589982748
p0_uniform,279000,278000,100000,79000,WO,1.699898995298915,False,-615.29443359375,21.710384368896484,-0.7232922315597534,0.12497270107269287,2.885864734649658,3.2480416297912598,0.0,70000,69500,69500,70000,17771219,17835765,17893967,17667049,57,65,68,66,21.761938199400902
p0_uniform,279250,278250,100000,79250,WO,0.51035600488545,False,-605.088623046875,14.427508354187012,-0.10720708966255188,0.12300165742635727,2.5173864364624023,2.7643165588378906,0.0,70000,69500,69750,70000,17787581,17851900,17909560,17682959,66,65,65,60,23.600297099910676
p0_uniform,279500,278500,100000,79500,WO,0.7360450045992941,True,-613.013671875,45.00053405761719,1.6798343658447266,0.12046659737825394,5.012441635131836,4.287960052490234,0.0,70000,69500,70000,70000,17803751,17867874,17925382,17698993,71,67,59,59,25.40069549996406
p0_uniform,279750,278750,100000,79750,DC,10.0,True,-589.6644287109375,30.57087516784668,0.37144333124160767,0.12290643900632858,3.4237191677093506,3.1150872707366943,0.0,70000,69750,70000,70000,17819892,17883884,17941320,17714904,66,59,66,65,27.59241640008986
p0_uniform,280000,279000,100000,80000,DC,10.0,True,-634.0044555664062,24.58683967590332,0.7486715316772461,0.12404006719589233,3.65500545501709,3.095047950744629,0.0,70000,70000,70000,70000,17835832,17899856,17957390,17730922,71,68,53,64,29.920937699265778
p0_uniform,280250,279250,100000,80250,WC,9.687436705482671,True,-629.450439453125,27.205320358276367,-1.1510626077651978,0.12388765066862106,3.2386274337768555,3.2431085109710693,0.0,70000,70000,70000,70250,17851616,17915947,17973407,17747030,57,62,60,77,2.1790656000375748
p0_uniform,280500,279500,100000,80500,WC,9.300911678549328,True,-585.3232421875,16.47671127319336,0.06973567605018616,0.12195396423339844,2.704526662826538,2.7794349193573,0.0,70000,70000,70000,70500,17867315,17931865,17989335,17763485,57,51,69,79,4.423319900408387
p0_uniform,280750,279750,100000,80750,WO,0.5975119434952679,False,-592.1016845703125,75.79359436035156,0.19450727105140686,0.11911202222108841,3.9636645317077637,3.45512318611145,0.0,70000,70000,70250,70500,17882674,17947967,18005611,17779748,73,63,67,53,6.572238500230014
p0_uniform,281000,280000,100000,81000,WO,0.6092956173325557,False,-569.1822509765625,12.299705505371094,-0.43269744515419006,0.11603941768407822,2.589491367340088,2.578080415725708,0.0,70000,70000,70500,70500,17898216,17964172,18021502,17796110,67,64,73,52,8.820024100132287
p0_uniform,281250,280250,100000,81250,DO,5.184312005385692,False,-612.96533203125,21.56639289855957,-0.5117473602294922,0.11500969529151917,2.896578311920166,2.8403782844543457,0.0,70250,70000,70500,70500,17913974,17979948,18037642,17812436,60,61,64,71,11.086810300126672
p0_uniform,281500,280500,100000,81500,DO,4.987543042834402,False,-629.3720703125,27.75127601623535,0.22750429809093475,0.11416061967611313,3.1616601943969727,2.696390151977539,0.0,70500,70000,70500,70500,17930189,17995590,18053567,17828654,63,66,57,70,13.35907270014286
p0_uniform,281750,280750,100000,81750,WC,8.918340974148608,True,-620.535400390625,37.79772186279297,1.063602089881897,0.11503651738166809,4.2527546882629395,5.131341934204102,0.0,70500,70000,70500,70750,17946437,18011254,18069435,17844874,55,64,62,75,15.57946540042758
p0_uniform,282000,281000,100000,82000,WC,9.514179485262149,True,-589.6873779296875,16.96758270263672,0.3663548529148102,0.11444520950317383,3.2475390434265137,2.5141730308532715,0.0,70500,70000,70500,71000,17962489,18026832,18085455,17861224,61,66,67,62,17.73583670053631
p0_uniform,282250,281250,100000,82250,WO,0.4948955622586287,False,-558.669189453125,15.431293487548828,-0.5512769222259521,0.1130334883928299,2.8375370502471924,2.7891666889190674,0.0,70500,70000,70750,71000,17978512,18042522,18101421,17877545,70,52,75,59,19.993046100251377
p0_uniform,282500,281500,100000,82500,WO,2.2397322192722404,False,-583.2802734375,30.620548248291016,0.3981037437915802,0.11215522140264511,3.2041404247283936,2.9215917587280273,0.0,70500,70000,71000,71000,17994340,18058214,18117406,17894040,68,67,68,53,22.206010499969125
p0_uniform,282750,281750,100000,82750,DC,10.0,True,-619.4017944335938,18.772998809814453,-0.0031018853187561035,0.11125631630420685,2.8745839595794678,2.760453224182129,0.0,70500,70250,71000,71000,18010485,18073613,18133516,17910386,58,62,61,75,24.490353100001812
p0_uniform,283000,282000,100000,83000,DC,10.0,True,-604.0036010742188,16.103801727294922,-0.4596964716911316,0.11161890625953674,2.8292458057403564,2.488895893096924,0.0,70500,70500,71000,71000,18026598,18089158,18149529,17926715,70,60,62,64,26.583790600299835
p0_uniform,283250,282250,100000,83250,DC,10.0,True,-614.447021484375,17.273658752441406,-0.9677063822746277,0.11003272980451584,2.5430989265441895,3.3567216396331787,0.0,70500,70750,71000,71000,18042465,18104884,18165589,17943062,50,73,69,64,28.531814600341022
p0_uniform,283500,282500,100000,83500,DC,10.0,True,-631.947265625,21.284305572509766,-0.5317312479019165,0.10962944477796555,3.362140655517578,2.7873950004577637,0.0,70500,71000,71000,71000,18058392,18120816,18181487,17959305,61,74,60,61,30.396260799840093
p0_uniform,283750,282750,100000,83750,DO,1.3274593650137994,False,-624.07080078125,18.99190902709961,-0.13722941279411316,0.10999448597431183,3.0339741706848145,2.9507100582122803,0.0,70750,71000,71000,71000,18074110,18136797,18197620,17975473,76,65,52,63,32.46991899982095
p0_uniform,284000,283000,100000,84000,DO,1.324739735846188,False,-593.443359375,13.53734016418457,-0.4568726420402527,0.11266206204891205,2.463146448135376,2.4739878177642822,0.0,71000,71000,71000,71000,18090092,18152792,18213581,17991535,59,59,68,70,34.44505709968507
p0_uniform,284250,283250,100000,84250,DC,10.0,True,-637.302001953125,34.146148681640625,0.791793167591095,0.11244650185108185,3.6065850257873535,3.4454989433288574,0.0,71000,71250,71000,71000,18106087,18168778,18229612,18007523,64,72,54,66,2.057065900415182
p0_uniform,284500,283500,100000,84500,DC,10.0,True,-618.8974609375,27.250534057617188,-0.2167014479637146,0.11369798332452774,3.31499981880188,3.1592860221862793,0.0,71000,71500,71000,71000,18122269,18184708,18245563,18023460,63,75,63,55,4.001892300322652
p0_uniform,284750,283750,100000,84750,WO,1.6237289819724823,True,-564.047119140625,65.59938049316406,-1.066706895828247,0.11337107419967651,3.0141563415527344,3.098252773284912,0.0,71000,71500,71250,71000,18138116,18200729,18261678,18039477,55,58,79,64,6.008247500285506
p0_uniform,285000,284000,100000,85000,WO,1.6846519973913145,True,-604.7454833984375,13.356053352355957,-0.14242935180664062,0.1117464229464531,2.611556053161621,2.503138542175293,0.0,71000,71500,71500,71000,18154016,18216853,18277835,18055296,69,69,62,56,7.977027900516987
p0_uniform,285250,284250,100000,85250,DO,8.22588217549991,False,-660.2598266601562,15.604389190673828,0.2609579861164093,0.11136677116155624,2.852020263671875,2.7602181434631348,0.0,71250,71500,71500,71000,18170055,18232682,18294170,18071093,65,71,48,72,10.022315800189972
p0_uniform,285500,284500,100000,85500,DO,1.255383608824416,False,-603.7039184570312,29.072906494140625,0.14714711904525757,0.11227700859308243,3.999260902404785,3.763535976409912,0.0,71500,71500,71500,71000,18186240,18248343,18310568,18086849,54,60,70,72,11.999041300266981
p0_uniform,285750,284750,100000,85750,WO,0.5369134567130491,False,-613.4705810546875,16.258098602294922,-0.8696202039718628,0.11430173367261887,2.999490976333618,2.5465614795684814,0.0,71500,71500,71750,71000,18202668,18264084,18326741,18102507,57,66,63,70,14.044765600003302
p0_uniform,286000,285000,100000,86000,WO,0.4486552231564,False,-593.7069091796875,21.3142147064209,0.29359760880470276,0.11264310777187347,2.851562976837158,2.9950315952301025,0.0,71500,71500,72000,71000,18218918,18279738,18343029,18118315,73,64,62,57,15.941678400151432
p0_uniform,286250,285250,100000,86250,WC,9.67295795084971,True,-581.3740844726562,56.4818229675293,0.5453354716300964,0.1144823506474495,3.779712438583374,3.4915170669555664,0.0,71500,71500,72000,71250,18235210,18295374,18359333,18134083,50,69,76,61,17.987017000094056
p0_uniform,286500,285500,100000,86500,WC,9.62113179929455,True,-591.5797119140625,20.729228973388672,-0.001961246132850647,0.1160033792257309,2.8797812461853027,2.930063486099243,0.0,71500,71500,72000,71500,18251611,18311190,18375360,18149839,67,58,67,64,20.030895800329745
p0_uniform,286750,285750,100000,86750,WC,9.536009049756016,True,-592.043701171875,12.567803382873535,1.483126163482666,0.11827876418828964,2.6401829719543457,2.5042710304260254,0.0,71500,71500,72000,71750,18267808,18326792,18391421,18165979,60,54,67,75,22.088170199654996
p0_uniform,287000,286000,100000,87000,WC,9.30617679524916,True,-620.71826171875,17.58242416381836,0.2623966336250305,0.12103771418333054,2.983351230621338,3.1908645629882812,0.0,71500,71500,72000,72000,18284013,18342752,18407278,18181957,86,69,51,50,24.054712800309062
p0_uniform,287250,286250,100000,87250,DC,10.0,True,-614.5673217773438,19.505874633789062,-1.0921951532363892,0.12160757184028625,2.957493782043457,3.138416290283203,0.0,71500,71750,72000,72000,18300319,18358448,18423371,18197862,64,72,61,59,26.067474800162017
p0_uniform,287500,286500,100000,87500,DC,10.0,True,-615.6622314453125,15.247746467590332,0.6213655471801758,0.12307329475879669,2.6534156799316406,2.8196494579315186,0.0,71500,72000,72000,72000,18316397,18374374,18439377,18213852,69,62,59,66,28.057701299898326
p0_uniform,287750,286750,100000,87750,DO,1.0153573894211132,False,-597.4837646484375,26.813034057617188,0.07724930346012115,0.12187672406435013,3.2592480182647705,3.5411641597747803,0.0,71750,72000,72000,72000,18332358,18390247,18455479,18229916,64,55,64,73,30.063138900324702
p0_uniform,288000,287000,100000,88000,DO,1.0233605000197938,False,-592.7655029296875,16.554201126098633,0.07788199186325073,0.11967242509126663,2.8386077880859375,2.8408703804016113,0.0,72000,72000,72000,72000,18348379,18406186,18471301,18246134,70,55,61,70,32.02620800025761
p0_uniform,288250,287250,100000,88250,DO,4.831506729381173,False,-637.48291015625,221.42904663085938,-0.7361871600151062,0.12070238590240479,3.424046039581299,3.4780871868133545,0.0,72250,72000,72000,72000,18364416,18422340,18487143,18262101,64,68,55,69,1.9684766996651888
p0_uniform,288500,287500,100000,88500,DO,5.183184723103657,False,-614.021728515625,19.479822158813477,-0.3277076482772827,0.12266577780246735,2.7843751907348633,2.9760563373565674,0.0,72500,72000,72000,72000,18380763,18438030,18503354,18277853,68,70,61,57,3.9476416995748878
p0_uniform,288750,287750,100000,88750,WO,0.6167350623425795,False,-576.1346435546875,39.27256774902344,0.577989935874939,0.12313724309206009,3.5752110481262207,3.361860990524292,0.0,72500,72000,72250,72000,18397092,18453907,18519558,18293443,71,59,67,59,5.905789899639785
p0_uniform,289000,288000,100000,89000,WO,0.46403552144493515,False,-565.3819580078125,25.036273956298828,-0.7214012742042542,0.1208541989326477,3.138803005218506,3.0683681964874268,0.0,72500,72000,72500,72000,18413403,18469743,18535831,18309023,76,55,70,55,7.776611799374223
p0_uniform,289250,288250,100000,89250,DC,10.0,True,-576.2847290039062,24.605615615844727,0.8581430912017822,0.1195693239569664,2.915285110473633,2.9319636821746826,0.0,72500,72250,72500,72000,18429731,18485368,18551941,18324960,77,60,67,52,9.758110599592328
p0_uniform,289500,288500,100000,89500,DC,10.0,True,-614.6298217773438,22.784311294555664,-0.49278318881988525,0.11930342018604279,3.438232898712158,3.566952705383301,0.0,72500,72500,72500,72000,18446256,18501141,18567845,18340758,62,67,64,63,11.70050759986043
p0_uniform,289750,288750,100000,89750,WO,0.5111559736091102,False,-587.2427978515625,11.657586097717285,-0.782511293888092,0.11688973754644394,2.3452095985412598,2.4489712715148926,0.0,72500,72500,72750,72000,18462533,18517167,18583916,18356384,69,67,68,52,13.678412199951708
p0_uniform,290000,289000,100000,90000,WO,0.5683087162667386,False,-606.9188842773438,25.059188842773438,-0.5154052972793579,0.11609507352113724,3.7239952087402344,4.087750434875488,0.0,72500,72500,73000,72000,18478881,18532966,18600021,18372132,66,55,61,74,15.693568999879062
p0_uniform,290250,289250,100000,90250,DC,10.0,True,-603.4202880859375,16.522872924804688,-1.6020684242248535,0.11847394704818726,2.579468011856079,2.647695779800415,0.0,72500,72750,73000,72000,18495330,18548901,18616126,18387643,71,60,62,63,17.65121139958501
p0_uniform,290500,289500,100000,90500,DC,10.0,True,-563.2544555664062,18.93648338317871,-0.2713897228240967,0.11714113503694534,2.6481432914733887,2.4986445903778076,0.0,72500,73000,73000,72000,18511654,18565242,18632010,18403094,72,54,73,57,19.59152439981699
p0_uniform,290750,289750,100000,90750,WC,9.81879427146825,True,-616.3556518554688,14.501789093017578,-0.1960974633693695,0.11624898761510849,2.4906768798828125,2.862011194229126,0.0,72500,73000,73000,72250,18527700,18581652,18648137,18418511,65,66,58,67,21.530677499249578
p0_uniform,291000,290000,100000,91000,WC,9.780124180898655,True,-649.9456787109375,16.078922271728516,-0.8349535465240479,0.11402124911546707,2.67060923576355,2.875581741333008,0.0,72500,73000,73000,72500,18543809,18597979,18664245,18433967,61,76,54,65,23.455616999417543
p0_uniform,291250,290250,100000,91250,WC,9.995716261674932,True,-578.640380859375,17.989477157592773,-0.982975959777832,0.11253345012664795,2.6604959964752197,3.0273523330688477,0.0,72500,73000,73000,72750,18559878,18614146,18680263,18449713,46,64,80,66,25.40438909921795
p0_uniform,291500,290500,100000,91500,WC,9.690775459314336,True,-590.4830322265625,13.250679016113281,-1.2344911098480225,0.11048346012830734,2.2674403190612793,2.4077510833740234,0.0,72500,73000,73000,73000,18575856,18630110,18696457,18465577,65,60,69,62,27.30923719983548
p0_uniform,291750,290750,100000,91750,DO,8.83529842976218,True,-615.379150390625,19.87526512145996,-0.26132363080978394,0.10960590839385986,2.7119600772857666,2.929140090942383,0.0,72750,73000,73000,73000,18591825,18646148,18712623,18481404,64,73,61,58,29.288689899258316
p0_uniform,292000,291000,100000,92000,DO,8.081506624691839,True,-631.5899658203125,23.88504409790039,-0.2692214846611023,0.10822918266057968,2.6678178310394287,2.793433904647827,0.0,73000,73000,73000,73000,18607704,18662205,18728511,18497580,65,71,58,62,31.21104269940406
p0_uniform,292250,291250,100000,92250,WO,0.6180890472673999,False,-579.3547973632812,16.278308868408203,-0.918637216091156,0.10699111968278885,2.485696315765381,2.839430809020996,0.0,73000,73000,73250,73000,18623801,18678126,18744463,18513610,56,60,77,63,1.9665590999647975
p0_uniform,292500,291500,100000,92500,WO,0.6112170054359196,False,-638.10791015625,35.503021240234375,0.015767276287078857,0.10643979907035828,3.311922788619995,4.016992092132568,0.0,73000,73000,73500,73000,18639913,18693923,18760766,18529398,66,64,53,73,3.9319862006232142
p0_uniform,292750,291750,100000,92750,DO,7.127537335247637,False,-616.7354125976562,22.29240608215332,-0.4211309552192688,0.10388583689928055,2.9437546730041504,2.924839496612549,0.0,73250,73000,73500,73000,18655991,18710005,18776983,18545021,70,72,63,51,5.765658000484109
p0_uniform,293000,292000,100000,93000,DO,7.410706551713164,True,-614.15625,30.036800384521484,-0.12963679432868958,0.10279101878404617,4.108399868011475,3.7592477798461914,0.0,73500,73000,73500,73000,18672070,18726317,18793144,18560469,56,63,66,71,7.562416600063443
p0_uniform,293250,292250,100000,93250,WO,0.5904713241496968,False,-592.6417846679688,71.06271362304688,-0.56600022315979,0.10055684298276901,3.1151466369628906,3.1127028465270996,0.0,73500,73000,73750,73000,18688441,18742216,18809461,18575882,64,75,69,48,9.374424000270665
p0_uniform,293500,292500,100000,93500,WO,0.6084856600100867,False,-581.9974975585938,24.352584838867188,0.004007071256637573,0.1028457060456276,2.994917631149292,3.0204691886901855,0.0,73500,73000,74000,73000,18704713,18758353,18825812,18591122,61,64,75,56,11.151162700727582
p0_uniform,293750,292750,100000,93750,DC,0.0,False,-599.1778564453125,18.565282821655273,0.3373682200908661,0.10323378443717957,2.8518662452697754,2.5428783893585205,0.0,73500,73250,74000,73000,18721095,18774486,18842125,18606294,79,61,60,56,12.966851499862969
p0_uniform,294000,293000,100000,94000,DC,0.0,False,-610.6441040039062,29.309551239013672,-0.11189016699790955,0.10567303001880646,3.742018461227417,3.623462200164795,0.0,73500,73500,74000,73000,18737450,18790633,18858454,18621463,71,67,64,54,14.776415100321174
p0_uniform,294250,293250,100000,94250,DC,10.0,True,-633.7254638671875,10.798053741455078,0.5115125179290771,0.10650178790092468,2.284440279006958,2.390446186065674,0.0,73500,73750,74000,73000,18753878,18806717,18874597,18636808,60,60,56,80,16.61211710050702
p0_uniform,294500,293500,100000,94500,DC,10.0,True,-618.2811279296875,12.493947982788086,-0.0651330053806305,0.10816551744937897,2.2846784591674805,2.5475430488586426,0.0,73500,74000,74000,73000,18770084,18823148,18890869,18651899,66,69,62,59,18.454035200178623
p0_uniform,294750,293750,100000,94750,DO,7.9685461998332565,False,-603.3494873046875,8.434294700622559,-0.025515466928482056,0.11109516024589539,2.00392484664917,2.05896258354187,0.0,73750,74000,74000,73000,18786038,18839447,18907099,18667416,66,63,67,60,20.373801399953663
p0_uniform,295000,294000,100000,95000,DO,8.012994621041887,False,-597.3713989257812,20.000274658203125,0.42824870347976685,0.11416178941726685,2.585273027420044,3.044308662414551,0.0,74000,74000,74000,73000,18802280,18855734,18923183,18682803,59,69,70,58,22.428961500525475
p0_uniform,295250,294250,100000,95250,WC,9.479052769426449,True,-623.9779663085938,16.3059139251709,-0.16742771863937378,0.11470387130975723,3.120147466659546,2.416795015335083,0.0,74000,74000,74000,73250,18818630,18871985,18939264,18698121,58,56,62,80,24.630244500003755
p0_uniform,295500,294500,100000,95500,WC,9.506931557663243,True,-601.6475830078125,65.56646728515625,-1.068482756614685,0.11244569718837738,4.410013198852539,3.9093258380889893,0.0,74000,74000,74000,73500,18834613,18888288,18955202,18713897,58,71,70,57,26.992486900649965
p0_uniform,295750,294750,100000,95750,WC,9.655222943119059,True,-626.8858642578125,30.205049514770508,-0.0914277583360672,0.11322977393865585,4.112860679626465,4.079351425170898,0.0,74000,74000,74000,73750,18850755,18904562,18971279,18729404,64,63,56,73,29.200462800450623
p0_uniform,296000,295000,100000,96000,WC,9.664013574032136,True,-583.4715576171875,14.614591598510742,0.4814276099205017,0.11184763163328171,2.617654323577881,2.8416600227355957,0.0,74000,74000,74000,74000,18866555,18920760,18987278,18745407,72,52,64,68,31.508601900190115
p0_uniform,296250,295250,100000,96250,WC,9.541142579618327,True,-579.1566162109375,23.822649002075195,-0.6738825440406799,0.11015231907367706,3.4887213706970215,3.105048418045044,0.0,74000,74000,74000,74250,18882550,18936577,19003525,18761348,68,53,70,65,2.212623099796474
p0_uniform,296500,295500,100000,96500,WC,9.504416835037679,True,-633.4677124023438,18.258163452148438,-0.016552984714508057,0.11067415028810501,2.6987781524658203,2.589853048324585,0.0,74000,74000,74000,74500,18898403,18952523,19019462,18777612,61,67,56,72,4.410497799515724
p0_uniform,296750,295750,100000,96750,DC,10.0,True,-611.3543090820312,25.427509307861328,0.2583725154399872,0.111060731112957,3.0754830837249756,3.484224557876587,0.0,74000,74250,74000,74500,18914032,18968609,19035405,18793954,55,61,67,73,6.717134900391102
p0_uniform,297000,296000,100000,97000,DC,10.0,True,-628.392822265625,213.6540069580078,1.2639254331588745,0.11133456975221634,3.6394460201263428,3.430023670196533,0.0,74000,74500,74000,74500,18929461,18985017,19051306,18810216,56,68,60,72,8.919113299809396
p0_uniform,297250,296250,100000,97250,WC,9.60520807309037,True,-582.621337890625,15.904561996459961,-1.6031742095947266,0.11234438419342041,2.3786098957061768,2.757910966873169,0.0,74000,74500,74000,74750,18944750,19001130,19067124,18826996,60,60,77,59,11.203221400268376
p0_uniform,297500,296500,100000,97500,WC,9.552387459888969,True,-609.4933471679688,18.21494483947754,0.10634315013885498,0.11355117708444595,2.67698335647583,2.544638156890869,0.0,74000,74500,74000,75000,18960121,19017464,19082710,18843705,58,70,68,60,13.40884630009532
p0_uniform,297750,296750,100000,97750,DO,3.9688574987679863,False,-633.1354370117188,30.91249656677246,0.04285970330238342,0.11275668442249298,3.4046614170074463,3.514831066131592,0.0,74250,74500,74000,75000,18975384,19033953,19098365,18860298,66,60,55,75,15.703510800376534
p0_uniform,298000,297000,100000,98000,DO,2.442479921154577,False,-661.263427734375,18.15270233154297,-0.0866566002368927,0.11102332919836044,2.65078067779541,3.387205123901367,0.0,74500,74500,74000,75000,18991023,19050444,19113874,18876659,62,73,53,68,17.75386259984225
p0_uniform,298250,297250,100000,98250,WO,0.6026512110963738,False,-608.8619384765625,29.778581619262695,1.1746249198913574,0.11167062073945999,2.7544140815734863,2.8909831047058105,0.0,74500,74500,74250,75000,19006814,19066702,19129538,18892946,76,63,57,60,19.59613069985062
p0_uniform,298500,297500,100000,98500,WO,0.516150195534394,False,-640.142822265625,14.69350528717041,1.2173182964324951,0.11158008128404617,2.7480146884918213,2.456397533416748,0.0,74500,74500,74500,75000,19022348,19083108,19145246,18909298,65,71,52,68,21.53808439988643
p0_uniform,298750,297750,100000,98750,DC,10.0,True,-654.0197143554688,77.3758544921875,0.061216890811920166,0.11317498236894608,3.729785919189453,3.8211452960968018,0.0,74500,74750,74500,75000,19038103,19099420,19160967,18925510,61,70,51,74,23.48050499986857
p0_uniform,299000,298000,100000,99000,DC,10.0,True,-615.97265625,24.887725830078125,0.032852888107299805,0.114512600004673,3.3368782997131348,2.831510543823242,0.0,74500,75000,74500,75000,19053896,19116112,19176501,18941491,72,69,56,59,25.40732039976865
p0_uniform,299250,298250,100000,99250,WO,0.44272907477600587,False,-638.5028076171875,17.05667495727539,0.5142593383789062,0.11209296435117722,3.210635185241699,2.8076279163360596,0.0,74500,75000,74750,75000,19069539,19132561,19192269,18957631,65,74,56,61,27.266732799820602
p0_uniform,299500,298500,100000,99500,WO,0.5993680978657823,False,-554.8317260742188,23.3381290435791,-0.5143439173698425,0.10970524698495865,2.6249160766601562,3.1518497467041016,0.0,74500,75000,75000,75000,19085283,19148860,19208095,18973762,64,64,83,45,29.135953799821436
p0_uniform,299750,298750,100000,99750,DO,1.8666802278033332,False,-604.475341796875,21.533775329589844,1.334132194519043,0.10788290202617645,3.0263524055480957,3.0913212299346924,0.0,74750,75000,75000,75000,19101034,19165098,19224230,18989638,56,61,68,71,31.129194700159132
p0_uniform,300000,299000,100000,0,DO,3.348752768198047,False,-595.0682373046875,22.556087493896484,0.45162704586982727,0.10991626232862473,3.0796008110046387,2.9885497093200684,0.0,75000,75000,75000,75000,19117067,19181349,19240155,19005429,71,63,67,55,32.99592419993132
p0_uniform,300250,299250,100000,250,WC,9.615600516754558,True,-635.4285888671875,21.96455955505371,1.338184118270874,0.1113259419798851,3.0875940322875977,3.8754820823669434,0.0,75000,75000,75000,75250,19133010,19197315,19256018,19021657,61,70,53,72,1.9479856006801128
p0_uniform,300500,299500,100000,500,WC,9.607238787432884,True,-598.9376831054688,14.372913360595703,0.5731441974639893,0.1101355329155922,2.643073081970215,2.4435324668884277,0.0,75000,75000,75000,75500,19148662,19213288,19272146,19037904,67,56,57,76,3.9931678008288145
p0_uniform,300750,299750,100000,750,WO,0.3396031674077455,False,-605.2699584960938,27.74919891357422,-0.0946512520313263,0.10676834732294083,3.8270645141601562,2.843663454055786,0.0,75000,75000,75250,75500,19164169,19229452,19288245,19054134,79,62,59,56,5.909912200644612
p0_uniform,301000,300000,100000,1000,WO,0.3456600273636544,False,-604.0062255859375,28.83328628540039,-0.21019673347473145,0.10587707906961441,2.9767119884490967,2.921802282333374,0.0,75000,75000,75500,75500,19179801,19245449,19304469,19070281,54,76,69,57,7.758260600268841
p0_uniform,301250,300250,100000,1250,DC,10.0,True,-584.2159423828125,14.95446491241455,0.242293119430542,0.10771548748016357,2.515388250350952,2.5360546112060547,0.0,75000,75250,75500,75500,19195756,19261533,19320702,19086009,71,60,65,60,9.654797000810504
p0_uniform,301500,300500,100000,1500,DC,10.0,True,-604.3851928710938,78.13966369628906,0.49828988313674927,0.11038883030414581,4.810920238494873,3.8390629291534424,0.0,75000,75500,75500,75500,19211254,19277823,19336889,19102034,66,60,66,64,11.518487400375307
p0_uniform,301750,300750,100000,1750,DC,10.0,True,-616.4031372070312,35.46867370605469,0.9356718063354492,0.11231942474842072,2.9489023685455322,3.420398712158203,0.0,75000,75750,75500,75500,19227100,19293828,19353113,19117959,63,55,59,79,13.38114200066775
p0_uniform,302000,301000,100000,2000,DC,10.0,True,-592.101806640625,14.225995063781738,0.4871234893798828,0.11404400318861008,2.2299938201904297,2.5038235187530518,0.0,75000,76000,75500,75500,19242793,19310140,19369064,19134003,56,70,74,56,15.231340200640261
p0_uniform,302250,301250,100000,2250,WC,5.4401365936045,False,-621.457763671875,25.864805221557617,-0.6486925482749939,0.11627285182476044,2.833914041519165,2.9876935482025146,0.0,75000,76000,75500,75750,19258243,19326451,19384988,19150318,50,68,69,69,17.09589510038495
p0_uniform,302500,301500,100000,2500,WC,9.637039984823613,True,-618.2655029296875,12.640066146850586,0.21961277723312378,0.11540219932794571,2.3935294151306152,2.2668447494506836,0.0,75000,76000,75500,76000,19273516,19342854,19400936,19166694,64,64,63,65,19.074884000234306
p0_uniform,302750,301750,100000,2750,DO,5.194265735498248,False,-635.7012939453125,11.768842697143555,-0.6247105598449707,0.11530572921037674,2.2988362312316895,2.3800439834594727,0.0,75250,76000,75500,76000,19288887,19359109,19416931,19183073,48,71,70,67,21.04502720013261
p0_uniform,303000,302000,100000,3000,DO,5.266364415427093,False,-604.6817626953125,21.393997192382812,-0.27824315428733826,0.11731173098087311,2.906299114227295,3.0078136920928955,0.0,75500,76000,75500,76000,19304408,19375037,19432979,19199576,65,63,65,63,22.884037900716066
p0_uniform,303250,302250,100000,3250,DO,5.189822941578559,False,-633.280517578125,31.858015060424805,-0.8122175931930542,0.11902406066656113,4.369303226470947,4.03656005859375,0.0,75750,76000,75500,76000,19320093,19391222,19448955,19215730,64,60,56,76,24.840749300085008
p0_uniform,303500,302500,100000,3500,DO,2.6251929364334767,False,-631.8322143554688,12.311779975891113,-0.4326397180557251,0.11511067301034927,2.1941375732421875,2.823197841644287,0.0,76000,76000,75500,76000,19335929,19407097,19464882,19232092,51,66,65,74,26.800490400753915
p0_uniform,303750,302750,100000,3750,WO,0.26484011321846884,False,-653.4029541015625,25.490215301513672,-0.08075481653213501,0.11688539385795593,2.93186354637146,3.533792495727539,0.0,76000,76000,75750,76000,19351816,19423095,19481033,19248056,68,72,48,68,28.714043800719082
p0_uniform,304000,303000,100000,4000,WO,0.1324334644488872,False,-601.1807861328125,79.94863891601562,-1.1566107273101807,0.11692675948143005,3.8282532691955566,3.4039382934570312,0.0,76000,76000,76000,76000,19367918,19438915,19497229,19263938,65,58,64,69,30.611422900110483
p0_uniform,304250,303250,100000,4250,WC,9.600668183570665,True,-658.9107055664062,20.45724105834961,-0.8578478097915649,0.11504779011011124,3.041416645050049,3.1550705432891846,0.0,76000,76000,76000,76250,19383665,19454970,19513263,19280102,69,76,51,60,2.0140058994293213
p0_uniform,304500,303500,100000,4500,WC,9.62235206537422,True,-619.9119873046875,34.89739227294922,1.3851072788238525,0.11334618180990219,3.349271774291992,3.2108352184295654,0.0,76000,76000,76000,76500,19399684,19470834,19529244,19296238,67,81,61,47,3.9162353994324803
p0_uniform,304750,303750,100000,4750,DC,10.0,True,-622.1621704101562,25.27361488342285,0.721291720867157,0.11213289201259613,2.9962668418884277,3.3487601280212402,0.0,76000,76250,76000,76500,19415669,19486847,19545339,19312145,67,76,59,54,5.780769399367273
p0_uniform,305000,304000,100000,5000,DC,10.0,True,-624.946044921875,14.742148399353027,-0.7602217793464661,0.11418575048446655,2.5586349964141846,2.69692325592041,0.0,76000,76500,76000,76500,19431494,19502761,19561573,19328172,67,64,60,65,7.641228899359703
p0_uniform,305250,304250,100000,5250,WO,0.3593890892934887,False,-609.0028076171875,20.85447883605957,-0.6917062997817993,0.11363524943590164,2.484131336212158,2.386152505874634,0.0,76000,76500,76250,76500,19447183,19518853,19577587,19344377,52,70,72,62,9.573867099359632
p0_uniform,305500,304500,100000,5500,WO,0.46302089937994306,False,-606.0865478515625,39.719505310058594,0.18051576614379883,0.11357267946004868,3.0485219955444336,2.913182258605957,0.0,76000,76500,76500,76500,19462846,19534768,19593857,19360529,58,70,67,61,11.461390099488199
p0_uniform,305750,304750,100000,5750,WC,9.555104908238054,True,-640.2884521484375,21.950645446777344,0.5619207620620728,0.11400455236434937,2.7324624061584473,2.884439468383789,0.0,76000,76500,76500,76750,19478721,19550622,19610313,19376344,68,72,56,60,13.420374699868262
p0_uniform,306000,305000,100000,6000,WC,9.577827478104387,True,-601.319580078125,49.41161346435547,-0.4559703767299652,0.11522487550973892,2.9867379665374756,3.2766189575195312,0.0,76000,76500,76500,77000,19494369,19566741,19626366,19392524,63,72,70,51,15.217960599809885
p0_uniform,306250,305250,100000,6250,DC,10.0,True,-606.6549682617188,15.928183555603027,0.010730117559432983,0.11586064845323563,2.5561671257019043,2.6461825370788574,0.0,76000,76750,76500,77000,19509834,19582777,19642520,19408869,60,62,64,70,17.011387299746275
p0_uniform,306500,305500,100000,6500,DC,10.0,True,-591.5792846679688,27.614198684692383,0.7812068462371826,0.11563032865524292,2.7923402786254883,3.0720582008361816,0.0,76000,77000,76500,77000,19525504,19599025,19658308,19425163,61,63,72,60,18.807603099383414
p0_uniform,306750,305750,100000,6750,DO,2.1913033546182668,False,-591.1088256835938,23.670391082763672,-0.16045939922332764,0.11548560112714767,2.813480854034424,3.2620089054107666,0.0,76250,77000,76500,77000,19541229,19615310,19674092,19441369,58,65,74,59,20.685480799525976
p0_uniform,307000,306000,100000,7000,DO,3.9896106618443037,False,-608.2510986328125,20.8795223236084,-0.30145400762557983,0.11291056126356125,2.854433536529541,2.8116230964660645,0.0,76500,77000,76500,77000,19556906,19631665,19689824,19457605,75,64,63,54,22.503357499837875
p0_uniform,307250,306250,100000,7250,DO,8.760406682634823,True,-641.35107421875,25.23426628112793,-0.25356167554855347,0.11180848628282547,3.1829538345336914,2.947263717651367,0.0,76750,77000,76500,77000,19572819,19648127,19705598,19473456,57,77,61,61,24.32803689967841
p0_uniform,307500,306500,100000,7500,DO,8.652891012025293,True,-638.7643432617188,25.096206665039062,-0.05394734442234039,0.11299879103899002,2.965916156768799,3.1559910774230957,0.0,77000,77000,76500,77000,19588773,19664237,19721398,19489592,61,66,57,72,26.116558299399912
p0_uniform,307750,306750,100000,7750,WO,0.4952888153027632,False,-588.7408447265625,50.40754699707031,-0.08258559554815292,0.114596426486969,3.427346706390381,3.3447835445404053,0.0,77000,77000,76750,77000,19604822,19680578,19737003,19505597,59,58,70,69,27.912866399623454
p0_uniform,308000,307000,100000,8000,WO,0.5735258186390256,False,-566.2163696289062,20.433198928833008,-0.2941668629646301,0.11764801293611526,2.5478873252868652,3.1377153396606445,0.0,77000,77000,77000,77000,19620735,19696673,19753068,19521524,65,55,72,64,29.685699199326336
p0_uniform,308250,307250,100000,8250,WC,9.755570223154637,True,-634.5022583007812,63.82123565673828,1.1069293022155762,0.11764226853847504,3.1917526721954346,3.192368984222412,0.0,77000,77000,77000,77250,19636553,19712605,19769300,19537542,68,68,55,65,1.9117606999352574
p0_uniform,308500,307500,100000,8500,WC,9.68692018986767,True,-615.3087768554688,25.752662658691406,-1.1951483488082886,0.11730004101991653,3.1225361824035645,3.10331392288208,0.0,77000,77000,77000,77500,19652505,19728615,19785350,19553530,60,56,67,73,3.730986099690199
p0_uniform,308750,307750,100000,8750,WC,6.483353530933841,True,-648.2880859375,316.0823059082031,-0.6505430936813354,0.11679906398057938,4.163751602172852,4.701289176940918,0.0,77000,77000,77000,77750,19668520,19744552,19801087,19569841,62,63,56,75,5.547513199970126
p0_uniform,309000,308000,100000,9000,WC,5.162623501909901,True,-626.831787109375,21.2064266204834,0.35364630818367004,0.11496634781360626,2.7906055450439453,2.6415855884552,0.0,77000,77000,77000,78000,19684643,19760615,19816837,19585905,70,66,58,62,7.354335899464786
p0_uniform,309250,308250,100000,9250,WO,0.4180317386153718,False,-611.8021240234375,16.727725982666016,0.7869840860366821,0.11368521302938461,2.5978431701660156,2.8330559730529785,0.0,77000,77000,77250,78000,19700673,19776441,19832564,19602322,70,62,58,66,9.168625899590552
p0_uniform,309500,308500,100000,9500,WO,0.3583751102130198,False,-649.7141723632812,33.5452880859375,0.6620000600814819,0.1134752407670021,3.4954943656921387,3.115790367126465,0.0,77000,77000,77500,78000,19716700,19792235,19848468,19618597,54,76,63,63,11.002199599519372
p0_uniform,309750,308750,100000,9750,DC,10.0,True,-606.5731811523438,24.879405975341797,-0.8321520090103149,0.11517301946878433,3.1679792404174805,2.779007911682129,0.0,77000,77250,77500,78000,19732607,19808048,19864523,19634822,71,60,63,62,12.807373999617994
p0_uniform,310000,309000,100000,10000,DC,10.0,True,-628.2830810546875,14.285435676574707,0.5143869519233704,0.11503193527460098,2.449068069458008,2.7760848999023438,0.0,77000,77500,77500,78000,19748704,19824093,19880024,19651179,59,69,61,67,14.865072499960661
p0_uniform,310250,309250,100000,10250,WO,0.548889573579473,False,-641.2384033203125,19.376781463623047,-0.7898304462432861,0.11612685024738312,2.947509288787842,2.7155444622039795,0.0,77000,77500,77750,78000,19764707,19840143,19895797,19667353,62,68,55,71,17.129851600155234
p0_uniform,310500,309500,100000,10500,WO,0.5440445779362173,False,-604.8234252929688,36.08228302001953,0.048736512660980225,0.1143600270152092,3.1796445846557617,3.523581027984619,0.0,77000,77500,78000,78000,19780389,19856153,19911640,19683818,71,60,61,64,19.409009699709713
p0_uniform,310750,309750,100000,10750,DO,2.5404575219177112,False,-634.1744384765625,18.68878936767578,0.8714184165000916,0.112636037170887,2.6527018547058105,2.8777413368225098,0.0,77250,77500,78000,78000,19795891,19872388,19927558,19700163,71,66,58,61,21.781817900016904
p0_uniform,311000,310000,100000,11000,DO,6.375138123489482,True,-606.4759521484375,23.128995895385742,0.7301623225212097,0.11370785534381866,3.1007790565490723,3.174154758453369,0.0,77500,77500,78000,78000,19811634,19888394,19943580,19716392,64,65,66,61,24.054604799486697
p0_uniform,311250,310250,100000,11250,DC,10.0,True,-619.239501953125,23.75130271911621,-0.36787399649620056,0.1127784326672554,3.714235782623291,2.650939464569092,0.0,77500,77750,78000,78000,19827388,19904505,19959505,19732602,56,73,68,59,26.387230399996042
p0_uniform,311500,310500,100000,11500,DC,10.0,True,-600.878662109375,28.299556732177734,0.19819998741149902,0.11508773267269135,3.179871082305908,3.2663979530334473,0.0,77500,78000,78000,78000,19843105,19920855,19975476,19748564,60,70,73,53,28.62427490018308
p0_uniform,311750,310750,100000,11750,DO,3.3211056489608834,False,-616.9029541015625,13.415888786315918,-0.6713706254959106,0.11675136536359787,2.3923826217651367,2.381929397583008,0.0,77750,78000,78000,78000,19859120,19936997,19991368,19764515,60,62,62,72,30.923317399807274
p0_uniform,312000,311000,100000,12000,DO,1.4350143275361944,False,-614.5094604492188,26.26360321044922,0.3880298137664795,0.11860542744398117,2.8424501419067383,3.3494255542755127,0.0,78000,78000,78000,78000,19874919,19953114,20007393,19780574,62,73,66,55,33.29184809979051
p0_uniform,312250,311250,100000,12250,WC,9.605277624420847,True,-618.7806396484375,18.902027130126953,0.2665140628814697,0.11769375205039978,3.070868492126465,2.755492687225342,0.0,78000,78000,78000,78250,19890956,19968997,20023232,19796815,67,66,62,61,2.327219399623573
p0_uniform,312500,311500,100000,12500,WC,9.608230566803957,True,-617.7787475585938,21.534080505371094,-0.8054714202880859,0.11975927650928497,3.7236902713775635,2.8354811668395996,0.0,78000,78000,78000,78500,19906977,19985095,20038962,19812966,73,61,58,64,4.672861199826002
p0_uniform,312750,311750,100000,12750,DC,10.0,True,-641.7005615234375,24.07982635498047,-0.49097776412963867,0.12145241349935532,2.7769391536712646,2.9149222373962402,0.0,78000,78250,78000,78500,19922882,20001453,20054563,19829102,69,73,53,61,6.998671899549663
p0_uniform,313000,312000,100000,13000,DC,10.0,True,-604.0136108398438,37.86884307861328,-0.017785966396331787,0.12039253860712051,4.650822162628174,4.872128963470459,0.0,78000,78500,78000,78500,19938982,20017681,20069781,19845556,61,67,66,62,9.283489399589598
p0_uniform,313250,312250,100000,13250,WC,9.9971704907128,True,-649.10107421875,21.515275955200195,-0.5560619831085205,0.11899065226316452,2.6480472087860107,2.838411808013916,0.0,78000,78500,78000,78750,19954944,20033885,20085139,19862032,68,84,55,49,11.597067800350487
p0_uniform,313500,312500,100000,13500,WC,9.776070611881837,True,-659.5963134765625,21.034805297851562,0.5129681825637817,0.11636639386415482,2.661090850830078,2.6592931747436523,0.0,78000,78500,78000,79000,19971062,20049925,20100355,19878658,53,65,55,83,13.820558999665082
p0_uniform,313750,312750,100000,13750,WO,0.4912015094294722,False,-667.4278564453125,22.102794647216797,0.6033715009689331,0.11363454908132553,2.8508493900299072,3.0646510124206543,0.0,78000,78500,78250,79000,19987008,20065984,20115766,19895242,57,81,54,64,16.04255300015211
p0_uniform,314000,313000,100000,14000,WO,0.4946259490696878,False,-619.66162109375,21.917579650878906,-0.6173800230026245,0.11522253602743149,2.8130545616149902,3.1254820823669434,0.0,78000,78500,78500,79000,20002840,20081906,20131528,19911726,64,54,60,78,18.307890499942005
p0_uniform,314250,313250,100000,14250,DO,4.981869176268327,False,-610.1226806640625,40.16999816894531,0.16221970319747925,0.11492976546287537,4.226261138916016,4.185234069824219,0.0,78250,78500,78500,79000,20018619,20097646,20147301,19928434,55,67,67,67,20.658956799656153
p0_uniform,314500,313500,100000,14500,DO,4.521164957545479,False,-598.3841552734375,20.172130584716797,0.014852635562419891,0.11312639713287354,2.701350212097168,3.0321507453918457,0.0,78500,78500,78500,79000,20034662,20113371,20162884,19945083,69,62,68,57,22.984454000368714
p0_uniform,314750,313750,100000,14750,DC,10.0,True,-558.848876953125,28.286468505859375,0.24601034820079803,0.1138978898525238,3.781033515930176,3.03086256980896,0.0,78500,78750,78500,79000,20050625,20129034,20178616,19961725,73,52,74,57,25.314299100078642
p0_uniform,315000,314000,100000,15000,DC,10.0,True,-637.785888671875,15.733598709106445,-0.5758758187294006,0.11148052662611008,2.4383645057678223,2.764742374420166,0.0,78500,79000,78500,79000,20066602,20144728,20194220,19978450,53,63,64,76,27.594618099741638
p0_uniform,315250,314250,100000,15250,WO,0.5107247639496661,False,-629.252685546875,18.104564666748047,-0.42082810401916504,0.1134558767080307,2.4231150150299072,2.773556709289551,0.0,78500,79000,78750,79000,20082255,20160815,20209912,19995018,48,71,71,66,29.934450699947774
p0_uniform,315500,314500,100000,15500,WO,0.4555013413850786,False,-635.722412109375,20.875347137451172,-0.635377049446106,0.1139751449227333,2.6906967163085938,2.6625680923461914,0.0,78500,79000,79000,79000,20097898,20176634,20225933,20011535,60,60,61,75,32.194726299494505
p0_uniform,315750,314750,100000,15750,DO,1.4328335882114622,False,-669.402099609375,21.512786865234375,0.07215234637260437,0.11543253064155579,3.1123969554901123,2.8752429485321045,0.0,78750,79000,79000,79000,20113649,20192633,20241797,20027921,67,79,45,65,34.54236949980259
p0_uniform,316000,315000,100000,16000,DO,2.151652295361963,False,-603.090576171875,23.520408630371094,0.7515578269958496,0.11531015485525131,2.618817090988159,2.9743690490722656,0.0,79000,79000,79000,79000,20129455,20208788,20257756,20044001,71,61,58,66,36.81575379986316
p0_uniform,316250,315250,100000,16250,WO,0.5727062775007045,False,-625.4783325195312,25.443418502807617,-0.23875120282173157,0.11665353924036026,3.2534027099609375,2.9492342472076416,0.0,79000,79000,79250,79000,20145253,20224732,20274060,20059955,69,59,59,69,2.2893248004838824
p0_uniform,316500,315500,100000,16500,WO,0.5909843300739169,False,-601.3776245117188,39.228477478027344,-0.002324305474758148,0.11905651539564133,3.28096342086792,3.0799193382263184,0.0,79000,79000,79500,79000,20161064,20240632,20290384,20075920,58,67,70,61,4.5497066006064415
p0_uniform,316750,315750,100000,16750,DC,10.0,True,-582.0445556640625,37.696533203125,0.4129667580127716,0.11769099533557892,3.2547082901000977,3.560634136199951,0.0,79000,79250,79500,79000,20176455,20256980,20306642,20091923,68,53,71,64,6.945747900754213
p0_uniform,317000,316000,100000,17000,DC,10.0,True,-614.9723510742188,28.349882125854492,-0.19135957956314087,0.11648151278495789,3.843512535095215,3.5444321632385254,0.0,79000,79500,79500,79000,20191739,20273215,20323231,20107815,58,70,69,59,9.183332800865173
p0_uniform,317250,316250,100000,17250,DC,10.0,True,-619.243896484375,23.472389221191406,-0.1965164840221405,0.11759022623300552,4.0540385246276855,3.16353702545166,0.0,79000,79750,79500,79000,20206981,20289521,20339472,20124026,48,69,66,73,11.541594200767577
p0_uniform,317500,316500,100000,17500,DC,10.0,True,-599.6005859375,25.31140899658203,0.3311787545681,0.11983271688222885,3.2594738006591797,3.445760726928711,0.0,79000,80000,79500,79000,20222641,20305812,20355697,20139850,71,60,63,62,13.85102520044893
p0_uniform,317750,316750,100000,17750,WC,0.027525781734908578,False,-577.5714111328125,20.863357543945312,-0.5990268588066101,0.12181326001882553,3.063694953918457,3.0354647636413574,0.0,79000,80000,79500,79250,20237929,20322206,20372021,20155844,65,57,73,61,16.19454040005803
p0_uniform,318000,317000,100000,18000,WC,0.5214769894452442,False,-657.8314208984375,20.269439697265625,0.09517848491668701,0.12050433456897736,2.301619052886963,2.682041645050049,0.0,79000,80000,79500,79500,20253326,20338541,20388129,20172004,47,70,62,77,18.519830600358546
p0_uniform,318250,317250,100000,18250,DO,5.299472761782735,False,-657.68994140625,25.305580139160156,0.5911756753921509,0.12204000353813171,3.5557990074157715,2.718599319458008,0.0,79250,80000,79500,79500,20268897,20354915,20404025,20188163,67,66,48,75,20.79756690002978
p0_uniform,318500,317500,100000,18500,DO,4.632232162737233,False,-620.5391845703125,27.464645385742188,-0.03337514400482178,0.12318476289510727,3.329934597015381,3.122751235961914,0.0,79500,80000,79500,79500,20284460,20370890,20420120,20204530,76,61,58,61,23.11737730074674
p0_uniform,318750,317750,100000,18750,DO,5.08026228334784,False,-602.6296997070312,17.018367767333984,-0.629996657371521,0.12397518008947372,2.684016704559326,2.6118674278259277,0.0,79750,80000,79500,79500,20300199,20386717,20436378,20220706,60,58,70,68,25.39013840071857
p0_uniform,319000,318000,100000,19000,DO,5.345931702469335,False,-623.4525146484375,26.700740814208984,1.0636451244354248,0.12379813194274902,3.0184249877929688,3.459087610244751,0.0,80000,80000,79500,79500,20316232,20402576,20452382,20236810,69,61,62,64,27.61884620040655
p0_uniform,319250,318250,100000,19250,WO,0.6334213589298382,False,-587.117919921875,21.043424606323242,-0.8100180625915527,0.1237565204501152,2.944953680038452,3.0896811485290527,0.0,80000,80000,79750,79500,20332291,20418627,20468437,20252645,71,57,74,54,29.96490380074829
p0_uniform,319500,318500,100000,19500,WO,0.6332287881251536,False,-613.8714599609375,26.6409912109375,-0.051245927810668945,0.12722866237163544,2.9500346183776855,3.0152904987335205,0.0,80000,80000,80000,79500,20348401,20434633,20484540,20268426,56,65,68,67,32.20329820085317
p0_uniform,319750,318750,100000,19750,WC,9.82727701750081,True,-573.3819580078125,20.03717803955078,-1.0414307117462158,0.12954597175121307,2.9652013778686523,2.8849775791168213,0.0,80000,80000,80000,79750,20364572,20450677,20500566,20284185,60,58,79,59,34.45703620091081
p0_uniform,320000,319000,100000,20000,WC,9.891286928790317,True,-592.4632568359375,25.060789108276367,-0.4499453902244568,0.12797808647155762,2.4815688133239746,3.5939507484436035,0.0,80000,80000,80000,80000,20380671,20466649,20516533,20300147,57,67,73,59,36.65436650067568
p0_uniform,320250,319250,100000,20250,DC,10.0,True,-643.5589599609375,36.341773986816406,-0.6716365814208984,0.12365167587995529,3.7714998722076416,4.063908576965332,0.0,80000,80250,80000,80000,20396672,20482615,20532517,20316196,73,66,55,62,2.2693982999771833
p0_uniform,320500,319500,100000,20500,DC,10.0,True,-646.2460327148438,21.07067108154297,-0.4139813184738159,0.11893926560878754,2.9372353553771973,2.8342692852020264,0.0,80000,80500,80000,80000,20412777,20498721,20548212,20332290,59,70,61,66,4.4476771000772715
p0_uniform,320750,319750,100000,20750,WC,9.269000483515713,True,-585.859619140625,32.92347717285156,-0.6102017164230347,0.11441896855831146,2.847454786300659,3.4708752632141113,0.0,80000,80500,80000,80250,20428758,20514930,20563870,20348442,66,59,71,60,6.772471499629319
p0_uniform,321000,320000,100000,21000,WC,9.92233810399314,True,-635.4434814453125,24.660682678222656,0.13993561267852783,0.11775998771190643,2.6862542629241943,2.776336431503296,0.0,80000,80500,80000,80500,20444599,20531253,20579450,20364698,66,67,61,62,9.113169600255787
p0_uniform,321250,320250,100000,21250,DO,4.580658569294727,False,-639.4021606445312,81.08052825927734,0.6442655920982361,0.1222800463438034,3.2388927936553955,2.9970953464508057,0.0,80250,80500,80000,80500,20460741,20547200,20594929,20381130,71,64,50,71,11.479862400330603
p0_uniform,321500,320500,100000,21500,DO,4.245768041540759,False,-673.950439453125,20.165437698364258,0.4798911213874817,0.11986689269542694,2.553805351257324,2.8707213401794434,0.0,80500,80500,80000,80500,20476940,20563211,20610463,20397386,75,63,44,74,13.730078300461173
p0_uniform,321750,320750,100000,21750,WC,8.8806309410411,True,-635.4007568359375,13.72625732421875,-0.10854214429855347,0.11762504279613495,2.3131895065307617,2.650827169418335,0.0,80500,80500,80000,80750,20492948,20579337,20625923,20413792,71,66,58,61,16.03641860000789
p0_uniform,322000,321000,100000,22000,WC,8.939825661765337,True,-637.3837890625,22.946060180664062,0.042806267738342285,0.11787434667348862,2.8033316135406494,3.1706347465515137,0.0,80500,80500,80000,81000,20508901,20595160,20641399,20430540,72,62,56,66,18.159371100366116
p0_uniform,322250,321250,100000,22250,DO,4.664909286834279,False,-610.758056640625,21.757326126098633,-0.14942598342895508,0.1181296780705452,3.166093349456787,3.0297393798828125,0.0,80750,80500,80000,81000,20524928,20611044,20656883,20447145,57,57,71,71,20.53071659989655
p0_uniform,322500,321500,100000,22500,DO,5.190431057761861,False,-623.2260131835938,19.947309494018555,-1.511329174041748,0.11884225904941559,2.8623838424682617,2.836275815963745,0.0,81000,80500,80000,81000,20541334,20626719,20672295,20463652,58,58,71,69,22.87810570001602
p0_uniform,322750,321750,100000,22750,WO,0.3953591830941611,False,-603.4969482421875,19.806671142578125,-0.13345998525619507,0.11703940480947495,2.62164044380188,3.006734848022461,0.0,81000,80500,80250,81000,20557442,20642335,20687827,20480396,70,68,66,52,25.26730620022863
p0_uniform,323000,322000,100000,23000,WO,0.330991271827627,False,-588.3458251953125,20.30331802368164,-0.6767146587371826,0.11626432090997696,2.57462215423584,2.978728771209717,0.0,81000,80500,80500,81000,20573427,20658096,20703275,20497202,65,53,72,66,27.61390110012144
p0_uniform,323250,322250,100000,23250,WO,0.4109113226229535,False,-643.6856689453125,22.96279525756836,0.8403652906417847,0.11291731894016266,3.0504493713378906,4.12941312789917,0.0,81000,80500,80750,81000,20589488,20673727,20718878,20513907,55,64,57,80,29.864271599799395
p0_uniform,323500,322500,100000,23500,WO,0.4756765051292539,False,-623.5911865234375,25.360336303710938,-0.7487223148345947,0.10940437018871307,2.7791755199432373,2.8617186546325684,0.0,81000,80500,81000,81000,20605596,20689302,20734779,20530323,61,58,64,73,31.99698709975928
p0_uniform,323750,322750,100000,23750,DC,10.0,True,-574.95458984375,21.504638671875,-0.7771543264389038,0.10716385394334793,2.9609298706054688,3.2117505073547363,0.0,81000,80750,81000,81000,20621525,20704846,20750929,20546700,72,52,74,58,34.26114630047232
p0_uniform,324000,323000,100000,24000,DC,10.0,True,-585.2489013671875,18.430994033813477,0.39513081312179565,0.10560787469148636,2.687312364578247,2.7126986980438232,0.0,81000,81000,81000,81000,20637474,20720621,20766960,20562945,64,58,76,58,36.43424530047923
p0_uniform,324250,323250,100000,24250,WO,2.0457889117614028,True,-586.4521484375,16.884475708007812,-0.3526279032230377,0.10528381913900375,2.4048454761505127,2.755296230316162,0.0,81000,81000,81250,81000,20653509,20736765,20782969,20578757,71,54,68,63,2.3493282003328204
p0_uniform,324500,323500,100000,24500,WO,1.2234536474847026,True,-604.858154296875,29.926929473876953,-0.12837587296962738,0.10551498085260391,3.832726240158081,3.909777879714966,0.0,81000,81000,81500,81000,20669605,20752713,20799229,20594453,71,61,68,56,4.547198600135744
p0_uniform,324750,323750,100000,24750,DC,10.0,True,-630.0029296875,18.295316696166992,-0.12302528321743011,0.10292859375476837,2.63722562789917,2.8317699432373047,0.0,81000,81250,81500,81000,20685666,20768693,20815678,20609963,68,66,65,57,6.927269200794399
p0_uniform,325000,324000,100000,25000,DC,10.0,True,-648.3729248046875,80.6962890625,1.7619553804397583,0.10122513771057129,4.08738899230957,3.752901792526245,0.0,81000,81500,81500,81000,20701568,20784980,20831870,20625582,74,61,49,72,9.019335000775754
p0_uniform,325250,324250,100000,25250,DC,10.0,True,-632.2911376953125,67.60063171386719,0.755578339099884,0.10044195502996445,3.0080857276916504,3.2158267498016357,0.0,81000,81750,81500,81000,20717440,20801286,20848026,20641248,71,72,59,54,11.299379300326109
p0_uniform,325500,324500,100000,25500,DC,10.0,True,-610.922119140625,40.961822509765625,1.495967984199524,0.10164729505777359,3.1798768043518066,3.12306547164917,0.0,81000,82000,81500,81000,20732941,20817724,20864300,20657035,63,68,66,59,13.529301200062037
p0_uniform,325750,324750,100000,25750,WC,8.673754842901603,True,-675.4703369140625,24.51937484741211,1.6851832866668701,0.10310472548007965,3.415180206298828,3.2972116470336914,0.0,81000,82000,81500,81250,20748628,20834057,20880478,20672837,59,79,53,65,15.8590632006526
p0_uniform,326000,325000,100000,26000,WC,9.63177994145325,True,-588.8383178710938,13.26301383972168,-0.7760782241821289,0.10342688113451004,2.489777088165283,2.271399974822998,0.0,81000,82000,81500,81500,20764086,20850407,20896884,20688623,52,63,81,60,18.185569500550628
p0_uniform,326250,325250,100000,26250,WC,7.527836382929804,True,-631.1253051757812,30.46097183227539,-0.11691305041313171,0.09991225600242615,4.391971111297607,3.4647817611694336,0.0,81000,82000,81500,81750,20779511,20866602,20913184,20704703,61,70,64,61,20.323422600515187
p0_uniform,326500,325500,100000,26500,WC,7.6701207359285934,True,-650.8347778320312,20.256778717041016,-0.62734055519104,0.10162949562072754,2.6406984329223633,2.7554750442504883,0.0,81000,82000,81500,82000,20795138,20883012,20929256,20720594,61,70,60,65,22.410873300395906
p0_uniform,326750,325750,100000,26750,WO,0.5519284151919259,False,-628.5421752929688,26.19118881225586,-0.25585442781448364,0.10553410649299622,3.643430709838867,3.2706732749938965,0.0,81000,82000,81750,82000,20810447,20899397,20945250,20736906,77,47,64,68,24.334575900807977
p0_uniform,327000,326000,100000,27000,WO,0.5265083912702662,False,-635.0516357421875,23.34119415283203,0.4067327678203583,0.10532079637050629,2.9610397815704346,4.014424800872803,0.0,81000,82000,82000,82000,20825845,20915453,20961478,20753224,61,74,61,60,26.307566100731492
p0_uniform,327250,326250,100000,27250,DO,5.136094200391248,False,-599.1690063476562,27.849092483520508,-0.2828579545021057,0.10654635727405548,2.7255754470825195,2.8305270671844482,0.0,81250,82000,82000,82000,20841313,20931475,20977658,20769554,62,60,73,61,28.23163569997996
p0_uniform,327500,326500,100000,27500,DO,2.52906518767978,False,-618.296630859375,28.09169578552246,0.11814290285110474,0.10786847770214081,3.6593804359436035,3.425034284591675,0.0,81500,82000,82000,82000,20856699,20947611,20994000,20785690,68,65,67,56,30.15038300026208
p0_uniform,327750,326750,100000,27750,DO,3.1261155692049747,False,-602.8148193359375,24.467870712280273,-1.2004328966140747,0.10798048228025436,2.5423359870910645,2.449716091156006,0.0,81750,82000,82000,82000,20872398,20963687,21010175,20801740,67,53,71,65,32.30551670026034
p0_uniform,328000,327000,100000,28000,DO,3.3993203495257145,False,-633.8141479492188,20.75796890258789,-0.15475918352603912,0.10751917213201523,2.6417365074157715,3.4287545680999756,0.0,82000,82000,82000,82000,20888531,20979696,21026194,20817579,60,66,65,65,34.281182300299406
p0_uniform,328250,327250,100000,28250,DC,10.0,True,-659.8767700195312,27.655807495117188,0.34413692355155945,0.10570082813501358,3.036740779876709,3.1597516536712646,0.0,82000,82250,82000,82000,20904582,20995640,21042263,20833515,64,71,58,63,1.8913476997986436
p0_uniform,328500,327500,100000,28500,DC,10.0,True,-631.686279296875,47.30937194824219,-0.5852494239807129,0.10447824001312256,3.8244898319244385,3.674135208129883,0.0,82000,82500,82000,82000,20920589,21011768,21057940,20849703,66,68,61,61,3.7516550002619624
p0_uniform,328750,327750,100000,28750,DO,2.08137928989374,False,-653.3101806640625,23.57107925415039,0.2907504141330719,0.10431085526943207,3.638129711151123,2.9482674598693848,0.0,82250,82500,82000,82000,20936535,21027903,21073856,20865706,58,77,63,58,5.692708799615502
p0_uniform,329000,328000,100000,29000,DO,2.8042236578432944,False,-644.3944091796875,26.507164001464844,-0.782274603843689,0.10436885058879852,3.2583208084106445,2.970202684402466,0.0,82500,82500,82000,82000,20952752,21043928,21089702,20881618,58,68,62,68,7.627923900261521
p0_uniform,329250,328250,100000,29250,WO,0.5191566041090647,False,-623.38427734375,37.345367431640625,0.8480246067047119,0.10572245717048645,3.5630545616149902,3.9494943618774414,0.0,82500,82500,82250,82000,20968847,21059950,21105612,20897591,73,59,59,65,9.536255200393498
p0_uniform,329500,328500,100000,29500,WO,0.5196999207496429,False,-643.2592163085938,148.37985229492188,0.1410682201385498,0.10632046312093735,4.483380317687988,5.325985908508301,0.0,82500,82500,82500,82000,20984904,21076006,21121488,20913602,82,64,54,56,11.583094700239599
p0_uniform,329750,328750,100000,29750,WO,1.5318758805469113,True,-631.2835083007812,23.140703201293945,-0.6459146738052368,0.10609383881092072,3.033250331878662,2.827073574066162,0.0,82500,82500,82750,82000,21000963,21092024,21137528,20929485,56,67,69,64,13.536657200194895
p0_uniform,330000,329000,100000,30000,WO,0.3646304986333624,True,-627.604248046875,29.009450912475586,0.058203622698783875,0.10599938035011292,2.8609836101531982,3.6324896812438965,0.0,82500,82500,83000,82000,21016715,21107988,21153805,20945492,60,65,66,65,15.373584699817002
p0_uniform,330250,329250,100000,30250,WC,7.214842514198149,True,-637.9223022460938,31.298564910888672,-0.005768604576587677,0.1082240641117096,2.7430026531219482,2.803107261657715,0.0,82500,82500,83000,82250,21032411,21124056,21170077,20961456,48,72,67,69,17.261096199974418
p0_uniform,330500,329500,100000,30500,WC,8.213768406081005,True,-636.6932373046875,14.955866813659668,0.09262342005968094,0.11017291247844696,2.5284693241119385,2.6439642906188965,0.0,82500,82500,83000,82500,21048051,21140385,21186162,20977402,60,59,63,74,19.11782560031861
p0_uniform,330750,329750,100000,30750,DO,2.7538660736899487,False,-667.9835815429688,15.728536605834961,0.1623218059539795,0.11038774996995926,2.7696533203125,2.4956750869750977,0.0,82750,82500,83000,82500,21063827,21156444,21202103,20993626,49,86,65,56,21.026230899617076
p0_uniform,331000,330000,100000,31000,DO,5.0581417514022595,False,-674.869384765625,46.25636672973633,-0.009291589260101318,0.10992902517318726,3.063549757003784,3.369821548461914,0.0,83000,82500,83000,82500,21079700,21172504,21218240,21009556,60,79,55,62,22.9728167001158
p0_uniform,331250,330250,100000,31250,DC,10.0,True,-623.7342529296875,22.612287521362305,-0.3253316283226013,0.10945921391248703,2.8218600749969482,3.4089841842651367,0.0,83000,82750,83000,82500,21095760,21188687,21234184,21025369,58,68,71,59,24.998472900129855
p0_uniform,331500,330500,100000,31500,DC,10.0,True,-630.7058715820312,22.18769073486328,0.38971543312072754,0.11008486896753311,2.6019339561462402,3.6278128623962402,0.0,83000,83000,83000,82500,21111868,21205088,21250049,21040995,67,70,66,53,27.012150400318205
p0_uniform,331750,330750,100000,31750,WC,9.686168181585401,True,-642.6114501953125,37.1261100769043,-0.6497188806533813,0.11068275570869446,3.417340040206909,3.1118545532226562,0.0,83000,83000,83000,82750,21127692,21221544,21265988,21056776,67,63,62,64,28.952157800085843
p0_uniform,332000,331000,100000,32000,WC,9.676429350603717,True,-654.2913818359375,81.05517578125,0.481241375207901,0.10984569042921066,3.9240362644195557,3.678966999053955,0.0,83000,83000,83000,83000,21143689,21237550,21281963,21072798,82,60,52,62,30.867680599913
p0_uniform,332250,331250,100000,32250,WO,0.46606392610327224,False,-637.8089599609375,29.382564544677734,-0.2755480110645294,0.10856859385967255,3.940880537033081,3.4199352264404297,0.0,83000,83000,83250,83000,21159762,21253507,21298025,21088706,60,64,66,66,1.9332352997735143
p0_uniform,332500,331500,100000,32500,WO,0.532532284577594,False,-676.2332763671875,28.8472900390625,-0.1287311613559723,0.10690143704414368,3.239924669265747,3.3642489910125732,0.0,83000,83000,83500,83000,21175516,21269582,21314177,21104725,72,63,51,70,3.9539531003683805
p0_uniform,332750,331750,100000,32750,DC,0.0,False,-655.441162109375,18.62473487854004,-0.7407511472702026,0.10618772357702255,2.795083999633789,2.9037303924560547,0.0,83000,83250,83500,83000,21191150,21285425,21330742,21120683,66,61,59,70,5.94493000023067
p0_uniform,333000,332000,100000,33000,DC,10.0,True,-580.4927978515625,19.226587295532227,-0.05514904111623764,0.10466181486845016,2.6512484550476074,2.8872063159942627,0.0,83000,83500,83500,83000,21206928,21301513,21346892,21136667,61,64,82,49,7.841736099682748
p0_uniform,333250,332250,100000,33250,DO,7.95677310614553,True,-632.3175048828125,76.44602966308594,0.3939952254295349,0.10535899549722672,3.4968063831329346,3.7815582752227783,0.0,83250,83500,83500,83000,21222754,21317617,21363221,21152408,56,68,71,61,9.894300200045109
p0_uniform,333500,332500,100000,33500,DO,7.909469248247305,True,-587.0573120117188,16.76897430419922,-0.20323050022125244,0.10729917138814926,2.5704598426818848,3.0963101387023926,0.0,83500,83500,83500,83000,21238665,21333684,21379502,21168149,70,58,74,54,11.861694300547242
p0_uniform,333750,332750,100000,33750,DO,2.6853483150298105,False,-657.349853515625,16.85161781311035,-0.3603598475456238,0.10886920988559723,2.643299102783203,2.557837963104248,0.0,83750,83500,83500,83000,21254993,21349625,21395725,21183657,55,66,62,73,13.753859800286591
p0_uniform,334000,333000,100000,34000,DO,3.206068433504017,False,-649.730712890625,20.00225067138672,-0.20282773673534393,0.10937179625034332,2.781480312347412,2.613795757293701,0.0,84000,83500,83500,83000,21271136,21365692,21412010,21199162,57,73,67,59,15.695935100317001
p0_uniform,334250,333250,100000,34250,WC,8.53222219278605,True,-631.640625,27.215648651123047,-0.761732280254364,0.10946574807167053,2.8163716793060303,2.8601367473602295,0.0,84000,83500,83500,83250,21287531,21381753,21428342,21214374,66,63,66,61,17.552037300541997
p0_uniform,334500,333500,100000,34500,WC,5.507556268086812,True,-618.870849609375,39.06562805175781,0.004537671804428101,0.10827028751373291,2.924612045288086,3.157017707824707,0.0,84000,83500,83500,83500,21303823,21397401,21444689,21230087,59,63,72,62,19.379598299972713
p0_uniform,334750,333750,100000,34750,WO,0.830352374380593,True,-572.3499755859375,35.888214111328125,-0.08586536347866058,0.10702314227819443,2.7192630767822266,3.136258602142334,0.0,84000,83500,83750,83500,21320097,21413057,21461073,21245773,70,44,75,67,21.19351700041443
p0_uniform,335000,334000,100000,35000,WO,0.789404439462396,True,-620.7880859375,28.43700408935547,0.12780959904193878,0.10853380709886551,3.0002293586730957,3.1271448135375977,0.0,84000,83500,84000,83500,21336396,21428694,21477365,21261545,70,55,67,64,22.95709090027958
p0_uniform,335250,334250,100000,35250,DC,0.0005761440261267126,False,-649.0341796875,16.362485885620117,-0.046072229743003845,0.11109939962625504,2.5700056552886963,2.9054455757141113,0.0,84000,83750,84000,83500,21352598,21444528,21493817,21277057,56,71,67,62,24.80973399989307
p0_uniform,335500,334500,100000,35500,DC,0.0001651284983381629,False,-660.3309326171875,30.329195022583008,-0.02078944444656372,0.1110762283205986,2.838190793991089,4.141585350036621,0.0,84000,84000,84000,83500,21368900,21460390,21509815,21292895,70,67,57,62,26.640359099954367
p0_uniform,335750,334750,100000,35750,WC,9.708097096525536,True,-639.2039794921875,20.50823974609375,0.2208065390586853,0.11343777924776077,3.470806121826172,2.8881444931030273,0.0,84000,84000,84000,83750,21385134,21476626,21525867,21308373,64,58,63,71,28.470949100330472
p0_uniform,336000,335000,100000,36000,WC,9.620037414546648,True,-593.4266357421875,26.05517578125,-0.6604761481285095,0.11669041961431503,3.5244483947753906,3.5329623222351074,0.0,84000,84000,84000,84000,21401157,21492826,21541845,21324172,52,59,82,63,30.280435000546277
p0_uniform,336250,335250,100000,36250,DC,10.0,True,-615.9810791015625,111.44251251220703,0.5911325812339783,0.11572667211294174,3.5269947052001953,3.477518081665039,0.0,84000,84250,84000,84000,21417021,21508777,21557834,21340368,68,67,70,51,1.838068200275302
p0_uniform,336500,335500,100000,36500,DC,10.0,True,-634.798583984375,20.798439025878906,0.7931010127067566,0.11450949311256409,3.248755931854248,3.087052345275879,0.0,84000,84500,84000,84000,21432918,21524955,21573518,21356609,62,69,65,60,3.6042700996622443
p0_uniform,336750,335750,100000,36750,WO,0.7234612389754795,True,-635.130126953125,325.1771545410156,-0.7957699298858643,0.11446917057037354,4.367188930511475,4.124035835266113,0.0,84000,84500,84250,84000,21448977,21541231,21589352,21372440,61,71,69,55,5.411696800030768
p0_uniform,337000,336000,100000,37000,WO,0.6491685697192429,True,-662.5130615234375,52.01614761352539,0.14315283298492432,0.11616315692663193,3.6338047981262207,4.157379150390625,0.0,84000,84500,84500,84000,21465022,21557643,21604911,21388424,73,66,54,63,7.204099600203335
p0_uniform,337250,336250,100000,37250,DO,1.92357007158232,False,-632.91259765625,39.29559326171875,-1.0382214784622192,0.11645331978797913,3.109438896179199,3.189401388168335,0.0,84250,84500,84500,84000,21481153,21573783,21620770,21404294,59,60,64,73,9.030657599680126
p0_uniform,337500,336500,100000,37500,DO,6.572981081960366,False,-614.2926025390625,19.491525650024414,-0.06786837428808212,0.11381708085536957,2.7716689109802246,2.9421448707580566,0.0,84500,84500,84500,84000,21497266,21590222,21636488,21420024,70,63,68,55,10.824495400302112
p0_uniform,337750,336750,100000,37750,WC,9.487642729445088,True,-631.5201416015625,13.390946388244629,0.34562236070632935,0.11238577216863632,2.594435691833496,2.5015997886657715,0.0,84500,84500,84500,84250,21513382,21606748,21652169,21435701,77,65,59,55,12.66910620033741
p0_uniform,338000,337000,100000,38000,WC,9.485231816070822,True,-615.5831298828125,32.89544677734375,0.4509609341621399,0.11191994696855545,3.256577491760254,3.626291513442993,0.0,84500,84500,84500,84500,21529489,21623043,21668002,21451466,77,56,63,60,14.466732000000775
p0_uniform,338250,337250,100000,38250,DC,10.0,True,-638.2479248046875,24.897109985351562,0.39382830262184143,0.11129922419786453,2.765003204345703,2.7826406955718994,0.0,84500,84750,84500,84500,21545509,21639301,21683822,21467368,60,59,67,70,16.619156800210476
p0_uniform,338500,337500,100000,38500,DC,10.0,True,-647.8756103515625,36.50705337524414,1.285523533821106,0.1114625334739685,3.072748899459839,3.186530113220215,0.0,84500,85000,84500,84500,21561399,21655607,21699473,21483521,69,61,56,70,18.83666570018977
p0_uniform,338750,337750,100000,38750,WC,9.507857419739826,True,-613.1228637695312,26.901382446289062,-0.786792516708374,0.11154438555240631,2.759935140609741,3.0741941928863525,0.0,84500,85000,84500,84750,21577302,21671924,21715065,21499709,65,62,71,58,21.01023430004716
p0_uniform,339000,338000,100000,39000,WC,9.431785115914163,True,-644.62890625,25.863643646240234,0.21128129959106445,0.10942882299423218,3.1904284954071045,3.298541307449341,0.0,84500,85000,84500,85000,21593398,21688444,21730684,21515474,70,71,62,53,23.37109240051359
p0_uniform,339250,338250,100000,39250,WO,0.4674267903371513,False,-638.3231201171875,37.62169647216797,0.8927620053291321,0.10956637561321259,4.220208168029785,3.615731716156006,0.0,84500,85000,84750,85000,21609590,21704553,21746345,21531512,76,64,54,62,25.767554599791765
p0_uniform,339500,338500,100000,39500,WO,0.47450616955803737,False,-634.4212646484375,40.685943603515625,-0.1530170738697052,0.10754431784152985,4.26334285736084,4.172126293182373,0.0,84500,85000,85000,85000,21625521,21720609,21762191,21547679,63,66,66,61,28.16496490035206
p0_uniform,339750,338750,100000,39750,DO,3.0163717026015107,False,-663.546630859375,23.730802536010742,-0.9913668632507324,0.10695449262857437,3.5447540283203125,2.4811649322509766,0.0,84750,85000,85000,85000,21641459,21736819,21778062,21563660,50,67,62,77,30.51131230033934
p0_uniform,340000,339000,100000,40000,DO,3.147272938248955,False,-642.013916015625,15.719917297363281,-0.7286376953125,0.10726548731327057,2.5992701053619385,2.915493965148926,0.0,85000,85000,85000,85000,21657413,21752867,21794220,21579500,66,73,64,53,32.73966460023075
p0_uniform,340250,339250,100000,40250,WC,9.547286858310088,True,-644.4935913085938,16.22259521484375,0.5396324992179871,0.10569631308317184,2.7379746437072754,2.663766622543335,0.0,85000,85000,85000,85250,21673522,21768848,21810187,21595443,65,73,64,54,2.3782125003635883
p0_uniform,340500,339500,100000,40500,WC,9.666173187504164,True,-632.9674072265625,15.611369132995605,-0.6744116544723511,0.10693460702896118,2.338000774383545,2.7665388584136963,0.0,85000,85000,85000,85500,21689580,21784912,21826234,21611274,68,53,62,73,4.568784300237894
p0_uniform,340750,339750,100000,40750,DC,10.0,True,-642.7864990234375,41.58989715576172,0.6367829442024231,0.10868189483880997,5.419361114501953,4.446835994720459,0.0,85000,85250,85000,85500,21705493,21800973,21842256,21627278,53,70,66,67,6.975688599981368
p0_uniform,341000,340000,100000,41000,DC,10.0,True,-675.7096557617188,16.98208999633789,-0.6629006266593933,0.10932718962430954,2.707949638366699,2.749598979949951,0.0,85000,85500,85000,85500,21721040,21817446,21858273,21643241,67,65,50,74,9.350676099769771
p0_uniform,341250,340250,100000,41250,DC,10.0,True,-660.2112426757812,30.588176727294922,0.25385409593582153,0.11016232520341873,3.286454677581787,3.3001723289489746,0.0,85000,85750,85000,85500,21736745,21833658,21874335,21659262,80,59,51,66,11.75247239973396
p0_uniform,341500,340500,100000,41500,DC,10.0,True,-602.2669677734375,17.30815315246582,-0.3468373417854309,0.10813042521476746,3.0145201683044434,2.6919069290161133,0.0,85000,86000,85000,85500,21752390,21850130,21890084,21675396,69,57,71,59,13.786758500151336
p0_uniform,341750,340750,100000,41750,WO,1.9411835734183414,True,-604.9700317382812,27.250089645385742,-0.7687801122665405,0.10556090623140335,2.733642578125,2.6924595832824707,0.0,85000,86000,85250,85500,21768072,21866456,21906111,21691361,55,66,77,58,15.851737500168383
p0_uniform,342000,341000,100000,42000,WO,1.6679159845319382,True,-637.47509765625,20.475826263427734,0.23987162113189697,0.10409896075725555,3.1019978523254395,2.5685112476348877,0.0,85000,86000,85500,85500,21783629,21882947,21922065,21707359,68,65,63,60,17.846161799505353
p0_uniform,342250,341250,100000,42250,DO,2.5451000549837532,False,-600.273193359375,47.47356414794922,0.3501046597957611,0.1035563200712204,3.9446067810058594,3.849260091781616,0.0,85250,86000,85500,85500,21799446,21898896,21938186,21723472,73,54,69,60,19.77794579975307
p0_uniform,342500,341500,100000,42500,DO,3.2179730384893874,False,-657.3477783203125,29.340801239013672,0.6818224191665649,0.10342498123645782,3.404127597808838,3.6929149627685547,0.0,85500,86000,85500,85500,21815026,21915223,21954214,21739537,67,77,61,51,21.635548300109804
p0_uniform,342750,341750,100000,42750,WO,0.530846227670786,False,-678.1229248046875,18.282207489013672,0.5739344358444214,0.10443822294473648,2.7396631240844727,2.615013360977173,0.0,85500,86000,85750,85500,21830926,21931265,21970200,21755609,57,75,59,65,23.642143899574876
p0_uniform,343000,342000,100000,43000,WO,0.4290598783273949,False,-686.8767700195312,15.353496551513672,0.12406192719936371,0.10377827286720276,2.582284450531006,2.609251022338867,0.0,85500,86000,86000,85500,21846574,21947378,21986352,21771696,51,71,57,77,25.561097499914467
p0_uniform,343250,342250,100000,43250,WC,1.0107948762727217,False,-676.18115234375,23.366764068603516,0.6097615957260132,0.10200176388025284,3.2090039253234863,3.7828094959259033,0.0,85500,86000,86000,85750,21862211,21963453,22002528,21787808,63,75,58,60,27.559358899481595
p0_uniform,343500,342500,100000,43500,WC,9.742717035025382,True,-635.3497314453125,24.744985580444336,-0.5622326731681824,0.10349541157484055,3.037395477294922,4.053824424743652,0.0,85500,86000,86000,86000,21877984,21979612,22018483,21803921,69,62,65,60,29.4872971996665
p0_uniform,343750,342750,100000,43750,DO,4.750918967815159,False,-601.15234375,36.435813903808594,-0.6281720995903015,0.10586422681808472,3.8910014629364014,3.1392455101013184,0.0,85750,86000,86000,86000,21893727,21995775,22034430,21820068,69,64,76,47,31.515354599803686
p0_uniform,344000,343000,100000,44000,DO,2.9811411077287175,False,-670.7376098632812,33.71005630493164,0.14307901263237,0.10726643353700638,3.271825075149536,3.174132823944092,0.0,86000,86000,86000,86000,21909398,22011918,22050486,21836198,79,66,52,59,33.49464759975672
p0_uniform,344250,343250,100000,44250,DC,10.0,True,-655.982177734375,20.039949417114258,-1.447497010231018,0.10640868544578552,3.1482863426208496,2.533245086669922,0.0,86000,86250,86000,86000,21925614,22028070,22066216,21852100,54,64,62,76,2.036586900241673
p0_uniform,344500,343500,100000,44500,DC,10.0,True,-657.2197265625,20.075435638427734,-0.333401620388031,0.10561351478099823,3.429797649383545,3.1801633834838867,0.0,86000,86500,86000,86000,21941734,22044306,22082051,21867909,56,69,63,68,4.096115400083363
p0_uniform,344750,343750,100000,44750,WO,0.2398765746219459,False,-645.2330932617188,28.277942657470703,-0.23563456535339355,0.10361512750387192,3.375666618347168,3.4573206901550293,0.0,86000,86500,86250,86000,21957502,22060599,22097955,21883944,69,54,60,73,6.059008500538766
p0_uniform,345000,344000,100000,45000,WO,0.24071134811124761,False,-642.1193237304688,25.97470474243164,-0.005745239555835724,0.10588192939758301,3.1251821517944336,3.1713836193084717,0.0,86000,86500,86500,86000,21973467,22076825,22113936,21899772,65,63,63,65,7.969148300588131
p0_uniform,345250,344250,100000,45250,DO,3.1082209646458594,False,-635.6942138671875,37.63788986206055,0.09079378843307495,0.10748611390590668,4.266693115234375,3.261540174484253,0.0,86250,86500,86500,86000,21989586,22093155,22129731,21915528,62,60,67,67,10.04934830032289
p0_uniform,345500,344500,100000,45500,DO,4.414570077601779,False,-623.8336181640625,22.131149291992188,-0.45408666133880615,0.10789859294891357,3.2673609256744385,3.0940704345703125,0.0,86500,86500,86500,86000,22005751,22109254,22145591,21931404,60,55,73,68,12.032144400291145
p0_uniform,345750,344750,100000,45750,WC,9.258589825477323,True,-607.5379028320312,89.68582153320312,-0.05621477961540222,0.11059758067131042,3.3455371856689453,3.426461935043335,0.0,86500,86500,86500,86250,22022124,22125103,22161439,21947334,65,59,72,60,13.921369000338018
p0_uniform,346000,345000,100000,46000,WC,9.119389141520486,True,-623.861572265625,27.87919807434082,-0.1109224408864975,0.11061975359916687,3.33359432220459,2.583611011505127,0.0,86500,86500,86500,86500,22038443,22140911,22177385,21963261,65,59,68,64,16.0074848998338
p0_uniform,346250,345250,100000,46250,WC,9.369558062486865,True,-638.8218383789062,24.77542495727539,-0.7298600077629089,0.1093442365527153,3.157259464263916,4.061430931091309,0.0,86500,86500,86500,86750,22054874,22156595,22193232,21979299,60,60,69,67,18.04299520049244
p0_uniform,346500,345500,100000,46500,WC,9.40972472987512,True,-641.5521240234375,17.888710021972656,0.09712159633636475,0.10829004645347595,2.8301286697387695,2.3825390338897705,0.0,86500,86500,86500,87000,22071073,22172082,22209370,21995475,71,57,61,67,19.991475900635123
p0_uniform,346750,345750,100000,46750,DC,10.0,True,-606.91650390625,35.603965759277344,0.0010747015476226807,0.1076347678899765,3.3820905685424805,3.6074516773223877,0.0,86500,86750,86500,87000,22087053,22187828,22225243,22011876,73,54,69,60,22.09668350033462
p0_uniform,347000,346000,100000,47000,DC,10.0,True,-672.27880859375,22.375030517578125,1.3714382648468018,0.10833042114973068,2.7285561561584473,2.919523239135742,0.0,86500,87000,86500,87000,22103023,22204114,22240995,22027868,73,73,52,58,24.126979400403798
p0_uniform,347250,346250,100000,47250,WO,0.37467102416737036,False,-660.3461303710938,36.93408203125,-0.8536201119422913,0.10809680819511414,3.1334362030029297,2.816974639892578,0.0,86500,87000,86750,87000,22118916,22220191,22256553,22044340,51,69,64,72,26.16738700028509
p0_uniform,347500,346500,100000,47500,WO,0.3677077236371351,False,-670.1798095703125,52.031105041503906,1.3905006647109985,0.10866673290729523,3.8580641746520996,3.5118727684020996,0.0,86500,87000,87000,87000,22134829,22236042,22272548,22060581,73,65,51,67,28.009433600120246
p0_uniform,347750,346750,100000,47750,DO,5.385088937073487,False,-663.9328002929688,26.033344268798828,0.08115668594837189,0.10869532078504562,3.5755739212036133,3.715562582015991,0.0,86750,87000,87000,87000,22150332,22252190,22288522,22076956,60,66,63,67,29.92176240030676
p0_uniform,348000,347000,100000,48000,DO,6.596867707430405,True,-642.30712890625,33.92192077636719,0.0005978941917419434,0.10656540840864182,3.3308615684509277,3.2190678119659424,0.0,87000,87000,87000,87000,22166228,22268119,22304626,22093027,60,59,64,73,31.945201700553298
p0_uniform,348250,347250,100000,48250,DC,10.0,True,-678.589599609375,19.538188934326172,-0.650409460067749,0.1071445420384407,2.6297607421875,2.9512009620666504,0.0,87000,87250,87000,87000,22182033,22284043,22320883,22109041,56,72,59,69,1.945316200144589
p0_uniform,348500,347500,100000,48500,DC,10.0,True,-669.1642456054688,81.11148071289062,-0.2011389136314392,0.10856087505817413,4.273284912109375,3.014688014984131,0.0,87000,87500,87000,87000,22197634,22300306,22336978,22125082,58,64,64,70,3.8688641004264355
p0_uniform,348750,347750,100000,48750,DO,5.269125866833679,False,-665.31640625,26.2258358001709,0.15684404969215393,0.10966081917285919,3.2989108562469482,4.356180191040039,0.0,87250,87500,87000,87000,22213411,22316644,22352799,22141146,61,59,59,77,5.853155700489879
p0_uniform,349000,348000,100000,49000,DO,2.64659460324416,False,-709.7403564453125,32.25120544433594,-0.19567768275737762,0.1105533093214035,3.2104761600494385,3.4540669918060303,0.0,87500,87500,87000,87000,22229268,22332880,22368594,22157258,55,83,50,68,8.008012300357223
p0_uniform,349250,348250,100000,49250,DC,10.0,True,-618.3098754882812,29.78438377380371,-0.14731156826019287,0.11050437390804291,3.262671709060669,3.0681920051574707,0.0,87500,87750,87000,87000,22245281,22349244,22384092,22173383,57,68,77,54,10.237796400673687
p0_uniform,349500,348500,100000,49500,DC,10.0,True,-635.674560546875,47.45124816894531,0.5197581648826599,0.11144199222326279,4.225273609161377,3.2644572257995605,0.0,87500,88000,87000,87000,22261099,22365737,22399891,22189273,75,59,60,62,12.435503100045025
p0_uniform,349750,348750,100000,49750,WC,9.188517229281285,True,-666.0445556640625,24.937517166137695,-0.258365660905838,0.11072620004415512,3.378920793533325,3.2913894653320312,0.0,87500,88000,87000,87250,22276885,22382256,22415597,22205262,67,60,57,72,14.72653069999069
p0_uniform,350000,349000,100000,50000,WC,9.26515908660705,True,-622.000732421875,18.916133880615234,-0.01850205659866333,0.11188099533319473,2.8243303298950195,2.870659112930298,0.0,87500,88000,87000,87500,22292555,22398572,22431276,22221597,54,65,72,65,17.041281700134277
p0_uniform,350250,349250,100000,50250,DO,1.116315864225946,False,-678.197265625,44.19009017944336,0.06830033659934998,0.1104365810751915,4.418081760406494,5.774552345275879,0.0,87750,88000,87000,87500,22308229,22414785,22447038,22237948,69,69,51,67,19.336174400523305
p0_uniform,350500,349500,100000,50500,DO,1.0808763916278068,False,-704.429443359375,25.3040771484375,-0.101228266954422,0.1111849844455719,2.902547836303711,3.068573474884033,0.0,88000,88000,87000,87500,22324170,22430920,22462432,22254478,65,67,44,80,21.667080400511622
p0_uniform,350750,349750,100000,50750,WC,9.597189854010912,True,-658.4409790039062,30.602317810058594,-0.5681092739105225,0.11101414263248444,3.131147861480713,3.386559247970581,0.0,88000,88000,87000,87750,22340110,22447333,22477825,22270732,69,62,60,65,24.0540874004364
p0_uniform,351000,350000,100000,51000,WC,9.579481479873857,True,-686.6414794921875,37.99009704589844,1.5082558393478394,0.11269685626029968,3.717636823654175,3.342273235321045,0.0,88000,88000,87000,88000,22356301,22463689,22493107,22286903,56,74,55,71,26.407993900589645
p0_uniform,351250,350250,100000,51250,WO,0.9562966159610958,False,-662.5731201171875,36.50759506225586,0.0323987752199173,0.11334807425737381,3.3754053115844727,3.6967899799346924,0.0,88000,88000,87250,88000,22372360,22479793,22508547,22303300,57,65,58,76,28.759668400511146
p0_uniform,351500,350500,100000,51500,WO,0.6263475217006381,False,-627.268310546875,18.800640106201172,-0.012433543801307678,0.11456822603940964,2.836214780807495,3.433286666870117,0.0,88000,88000,87500,88000,22388544,22495818,22524026,22319612,70,60,67,59,31.15777810011059
p0_uniform,351750,350750,100000,51750,WO,0.49268783895099116,False,-606.2489624023438,88.85791015625,-0.12899857759475708,0.11309800297021866,4.479420185089111,4.063237190246582,0.0,88000,88000,87750,88000,22404473,22511917,22539656,22335954,65,57,73,61,33.57852020021528
p0_uniform,352000,351000,100000,52000,WO,0.4883649894046347,False,-645.8453369140625,33.213096618652344,0.0870719850063324,0.11177754402160645,4.420962333679199,3.2432026863098145,0.0,88000,88000,88000,88000,22420506,22527977,22555479,22352038,78,63,59,56,35.96414100006223
p0_uniform,352250,351250,100000,52250,DO,4.267249218113447,False,-628.2423095703125,52.14292907714844,0.48455047607421875,0.11289384216070175,3.6017866134643555,4.965846061706543,0.0,88250,88000,88000,88000,22436638,22544056,22571363,22367943,69,58,66,63,2.349820800125599
p0_uniform,352500,351500,100000,52500,DO,4.554400605761676,False,-627.5602416992188,18.402143478393555,-0.5737004280090332,0.11458560079336166,2.7743709087371826,2.583563804626465,0.0,88500,88000,88000,88000,22452938,22559968,22587039,22384055,59,69,74,54,4.625134999863803
p0_uniform,352750,351750,100000,52750,WO,0.5827715396311024,False,-649.638671875,19.312341690063477,-0.5819982290267944,0.11306367814540863,3.026705265045166,2.6904311180114746,0.0,88500,88000,88250,88000,22469199,22575992,22602684,22400125,58,66,69,63,6.88866230007261
p0_uniform,353000,352000,100000,53000,WO,0.6948979530535487,False,-646.91455078125,28.532299041748047,-1.1760075092315674,0.1134006530046463,2.7625656127929688,2.735109329223633,0.0,88500,88000,88500,88000,22485514,22591903,22618369,22416214,74,54,61,67,9.12368299998343
p0_uniform,353250,352250,100000,53250,DO,7.914697558922816,False,-601.22802734375,29.20468521118164,1.6232199668884277,0.11059011518955231,3.480395555496216,3.5924789905548096,0.0,88750,88000,88500,88000,22501814,22607530,22634554,22432102,77,57,70,52,11.414042199961841
p0_uniform,353500,352500,100000,53500,DO,7.9041289586181795,False,-650.034423828125,56.758460998535156,1.0792412757873535,0.10837839543819427,4.179137706756592,4.191049575805664,0.0,89000,88000,88500,88000,22518349,22622894,22650523,22448234,70,64,61,61,13.741044900380075
p0_uniform,353750,352750,100000,53750,WO,0.5863727897460924,False,-664.776611328125,27.32731056213379,-0.22232645750045776,0.10970495641231537,3.1068155765533447,2.824256181716919,0.0,89000,88000,88750,88000,22534842,22638290,22666601,22464267,60,60,61,75,16.067762500606477
p0_uniform,354000,353000,100000,54000,WO,0.675239568691765,False,-651.6666870117188,36.548980712890625,0.4224245846271515,0.11241650581359863,3.5868678092956543,2.8904778957366943,0.0,89000,88000,89000,88000,22551238,22653642,22682860,22480260,67,62,61,66,18.33277940005064
p0_uniform,354250,353250,100000,54250,WC,9.63321322963742,True,-633.6063842773438,24.382816314697266,-0.48692163825035095,0.11265729367733002,3.437479019165039,2.787839412689209,0.0,89000,88000,89000,88250,22567576,22669029,22699018,22496377,63,61,70,62,20.5533966999501
p0_uniform,354500,353500,100000,54500,WC,9.571514483800978,True,-659.6109619140625,19.23174285888672,-0.6596636176109314,0.10997156798839569,2.970764636993408,2.8530750274658203,0.0,89000,88000,89000,88500,22584014,22684318,22715263,22512405,68,63,59,66,22.859823600389063
p0_uniform,354750,353750,100000,54750,WC,9.120009780028361,True,-642.6630859375,22.429290771484375,-0.8759464025497437,0.10741676390171051,3.431044816970825,2.6306657791137695,0.0,89000,88000,89000,88750,22600266,22699772,22731300,22528662,53,62,70,71,25.103984200395644
p0_uniform,355000,354000,100000,55000,WC,9.170526916118392,True,-650.9239501953125,24.565296173095703,-0.5520583391189575,0.10615909099578857,4.21458625793457,2.548802137374878,0.0,89000,88000,89000,89000,22616564,22714900,22747569,22544967,66,59,62,69,27.411240700632334
p0_uniform,355250,354250,100000,55250,DC,10.0,True,-681.4199829101562,24.42998504638672,1.9771465063095093,0.10731308907270432,3.547208309173584,3.07443904876709,0.0,89000,88250,89000,89000,22632888,22730385,22763507,22561220,76,76,47,57,29.73407300002873
p0_uniform,355500,354500,100000,55500,DC,10.0,True,-654.6906127929688,45.33349609375,0.5464352369308472,0.10725970566272736,3.8456497192382812,3.780029296875,0.0,89000,88500,89000,89000,22649071,22746160,22779463,22577306,69,68,62,57,31.954680500552058
p0_uniform,355750,354750,100000,55750,DC,10.0,True,-611.582275390625,34.91645431518555,0.46468690037727356,0.10567373782396317,3.913815975189209,3.5262670516967773,0.0,89000,88750,89000,89000,22664957,22761942,22795518,22593583,60,57,74,65,34.27381409984082
p0_uniform,356000,355000,100000,56000,DC,10.0,True,-618.7191162109375,23.940309524536133,-0.0011758655309677124,0.10810879617929459,2.8777976036071777,3.39154314994812,0.0,89000,89000,89000,89000,22680939,22777856,22811585,22609620,63,65,73,55,36.51489140000194
p0_uniform,356250,355250,100000,56250,WO,0.4991883918999346,False,-640.9588623046875,38.00712585449219,-0.8409215211868286,0.11030367016792297,2.8645076751708984,2.953411340713501,0.0,89000,89000,89250,89000,22696790,22793759,22827536,22625915,60,57,66,73,2.236500700004399
p0_uniform,356500,355500,100000,56500,WO,0.4572095086843434,False,-661.3089599609375,15.131912231445312,-0.5188274383544922,0.10879293084144592,2.8340115547180176,2.372239589691162,0.0,89000,89000,89500,89000,22712692,22809932,22843457,22641919,63,69,64,60,4.491174699738622
p0_uniform,356750,355750,100000,56750,DO,3.0719433591194365,False,-640.60546875,24.762496948242188,-1.2758394479751587,0.10577628016471863,2.755984306335449,3.3185887336730957,0.0,89250,89000,89500,89000,22728592,22825897,22859511,22658000,60,56,67,73,6.744953399524093
p0_uniform,357000,356000,100000,57000,DO,4.783526212354588,False,-619.1166381835938,74.81712341308594,-0.4363749027252197,0.10498934239149094,3.772496223449707,4.093820571899414,0.0,89500,89000,89500,89000,22744742,22842067,22875395,22673796,64,60,70,62,8.972111599519849
p0_uniform,357250,356250,100000,57250,WC,0.9745055379649868,False,-689.4830322265625,14.446272850036621,-0.2869775891304016,0.10465066134929657,2.517703056335449,2.5283169746398926,0.0,89500,89000,89500,89250,22761127,22857985,22891266,22689622,59,77,61,59,11.25075769983232
p0_uniform,357500,356500,100000,57500,WC,0.9823092889255649,False,-605.7459716796875,24.672517776489258,-0.36144334077835083,0.10275617986917496,3.0291907787323,2.785857677459717,0.0,89500,89000,89500,89500,22777345,22873809,22907470,22705376,58,59,79,60,13.469362000003457
p0_uniform,357750,356750,100000,57750,WC,9.674955785397891,True,-643.86328125,29.30318832397461,0.09683415293693542,0.10476329922676086,3.1737184524536133,3.2984189987182617,0.0,89500,89000,89500,89750,22793670,22889426,22923568,22721336,69,67,65,55,15.797055300325155
p0_uniform,358000,357000,100000,58000,WC,9.625697917766527,True,-664.8102416992188,52.854408264160156,-0.5250877141952515,0.10665378719568253,5.0604424476623535,5.0123491287231445,0.0,89500,89000,89500,90000,22809825,22905075,22939552,22737548,67,62,58,69,18.061549799516797
p0_uniform,358250,357250,100000,58250,DC,10.0,True,-659.31689453125,17.91497230529785,0.14457091689109802,0.10439515113830566,2.7725539207458496,2.7161617279052734,0.0,89500,89250,89500,90000,22825709,22920917,22955629,22753745,63,59,59,75,20.38066940009594
p0_uniform,358500,357500,100000,58500,DC,10.0,True,-692.553955078125,23.40744972229004,0.5279407501220703,0.10317696630954742,3.3345794677734375,3.3073248863220215,0.0,89500,89500,89500,90000,22841528,22936913,22971373,22770186,58,71,54,73,22.60159119963646
p0_uniform,358750,357750,100000,58750,WO,0.223617033714527,False,-590.7810668945312,78.92464447021484,-0.683859646320343,0.10222559422254562,4.323644161224365,3.7249701023101807,0.0,89500,89500,89750,90000,22857358,22952986,22987186,22786470,67,52,77,60,24.86223980039358
p0_uniform,359000,358000,100000,59000,WO,0.46600608157702345,False,-677.5360107421875,33.97390365600586,1.5102617740631104,0.10524268448352814,3.3648948669433594,3.4082894325256348,0.0,89500,89500,90000,90000,22873316,22969030,23002996,22802658,63,67,59,67,26.966372899711132
p0_uniform,359250,358250,100000,59250,DO,0.8259693203733276,False,-622.5547485351562,22.461612701416016,-0.45210349559783936,0.10794804990291595,3.028294563293457,2.6809988021850586,0.0,89750,89500,90000,90000,22889434,22985182,23019016,22818368,67,58,67,64,28.963281099684536
p0_uniform,359500,358500,100000,59500,DO,0.8950371478229158,False,-594.516357421875,37.32026672363281,-1.1296051740646362,0.10913340747356415,3.4884026050567627,3.620767831802368,0.0,90000,89500,90000,90000,22905751,23000892,23034991,22834366,64,55,77,60,31.138933200389147
p0_uniform,359750,358750,100000,59750,DC,10.0,True,-637.8740234375,32.072898864746094,1.4758341312408447,0.1078789159655571,3.318514108657837,3.3508262634277344,0.0,90000,89750,90000,90000,22921902,23016673,23051021,22850404,62,67,64,63,33.27223290037364
p0_uniform,360000,359000,100000,60000,DC,10.0,True,-624.2200927734375,27.809221267700195,0.6568280458450317,0.10763204842805862,3.202354907989502,3.431576728820801,0.0,90000,90000,90000,90000,22938008,23032618,23066891,22866483,70,54,66,66,35.501324200071394
p0_uniform,360250,359250,100000,60250,DC,10.0,True,-632.7320556640625,17.916240692138672,0.5292490720748901,0.10561354458332062,2.671463966369629,3.157127857208252,0.0,90000,90250,90000,90000,22954014,23048625,23082818,22882543,73,58,63,62,2.259910199791193
p0_uniform,360500,359500,100000,60500,DC,10.0,True,-679.8493041992188,27.88282012939453,0.2855619788169861,0.10706336051225662,2.947697162628174,3.1365017890930176,0.0,90000,90500,90000,90000,22969819,23065000,23098723,22898458,56,75,63,62,4.542884400114417
p0_uniform,360750,359750,100000,60750,WC,5.314229644441058,True,-635.508056640625,62.41706085205078,-0.5242040157318115,0.1076030284166336,2.869109630584717,2.893467426300049,0.0,90000,90500,90000,90250,22985504,23081347,23114692,22914457,53,68,72,63,6.81317069940269
p0_uniform,361000,360000,100000,61000,WC,0.006214853251506966,False,-659.8340454101562,21.61545753479004,-0.13489791750907898,0.10910578072071075,2.9511613845825195,3.1133008003234863,0.0,90000,90500,90000,90500,23001257,23097461,23130655,22930627,52,66,62,76,9.119511799886823
p0_uniform,361250,360250,100000,61250,WO,0.6132727320654386,False,-657.2702026367188,31.442031860351562,-0.49203044176101685,0.10714951902627945,4.357510566711426,4.094228744506836,0.0,90000,90500,90250,90500,23016841,23113588,23146637,22946934,71,57,56,72,11.3802797999233
p0_uniform,361500,360500,100000,61500,WO,0.4289320758156795,False,-675.6522827148438,24.40846824645996,0.94933021068573,0.10599816590547562,3.3634188175201416,2.7055201530456543,0.0,90000,90500,90500,90500,23032593,23129630,23162728,22963049,50,72,62,72,13.706300899386406
p0_uniform,361750,360750,100000,61750,WC,9.571239468237264,True,-644.6705322265625,24.710805892944336,0.41458672285079956,0.10689787566661835,2.76112699508667,2.7607035636901855,0.0,90000,90500,90500,90750,23048115,23145692,23179211,22978982,70,54,59,73,15.946527599357069
p0_uniform,362000,361000,100000,62000,WC,9.580514313501139,True,-668.0374145507812,35.414459228515625,-0.6740831732749939,0.10569165647029877,3.20216965675354,3.016287326812744,0.0,90000,90500,90500,91000,23063505,23161965,23195279,22995251,59,74,63,60,18.275665999390185
p0_uniform,362250,361250,100000,62250,WO,3.3845318091362335,False,-645.7513427734375,20.71158790588379,-0.09296917915344238,0.10533887892961502,3.130608558654785,2.876521110534668,0.0,90000,90500,90750,91000,23078904,23178045,23211535,23011516,63,66,64,63,20.12145479954779
p0_uniform,362500,361500,100000,62500,WO,3.0558398279437853,False,-641.78759765625,31.272045135498047,0.1156078577041626,0.10701745003461838,3.504984140396118,3.33879017829895,0.0,90000,90500,91000,91000,23094317,23193862,23228044,23027777,68,72,65,51,21.926028999499977
p0_uniform,362750,361750,100000,62750,DO,4.131839219130289,False,-607.4155883789062,31.24118423461914,0.8310149312019348,0.1082872524857521,3.586193084716797,3.4919393062591553,0.0,90250,90500,91000,91000,23109828,23209732,23244527,23043913,82,51,68,55,23.798071299679577
p0_uniform,363000,362000,100000,63000,DO,4.60688579089507,False,-621.6763916015625,42.00950622558594,-0.23893888294696808,0.11014007776975632,3.348935842514038,3.617966413497925,0.0,90500,90500,91000,91000,23125228,23225788,23260950,23060034,64,52,68,72,25.62112949974835
p0_uniform,363250,362250,100000,63250,DC,10.0,True,-678.334716796875,21.54680061340332,-1.1544291973114014,0.1111048012971878,3.174506664276123,3.2391161918640137,0.0,90500,90750,91000,91000,23140949,23241654,23277166,23076231,56,70,61,69,27.450441099703312
p0_uniform,363500,362500,100000,63500,DC,10.0,True,-667.042724609375,76.79315185546875,-0.691358208656311,0.11226733773946762,4.185853004455566,3.6500723361968994,0.0,90500,91000,91000,91000,23156532,23257780,23293445,23092243,64,72,62,58,29.23214829992503
p0_uniform,363750,362750,100000,63750,DO,3.2047460354730766,False,-592.5964965820312,26.448545455932617,-0.9413106441497803,0.11060754209756851,3.287461519241333,2.987250566482544,0.0,90750,91000,91000,91000,23172216,23273581,23309600,23108603,58,53,80,65,31.06933380011469
p0_uniform,364000,363000,100000,64000,DO,3.753264711075187,False,-667.0242309570312,29.62704849243164,-0.16731387376785278,0.11100950837135315,3.2109174728393555,3.235496997833252,0.0,91000,91000,91000,91000,23188252,23289659,23325582,23124507,59,58,59,80,32.87759909965098
p0_uniform,364250,363250,100000,64250,DO,5.233116427060461,False,-634.6751098632812,23.017757415771484,0.08780935406684875,0.11151321977376938,4.107916831970215,3.0311784744262695,0.0,91250,91000,91000,91000,23204275,23305630,23341544,23140551,47,67,74,68,1.8418872999027371
p0_uniform,364500,363500,100000,64500,DO,3.2918237004363817,False,-650.6168212890625,22.7445068359375,0.14680132269859314,0.11103330552577972,3.416398286819458,2.83577299118042,0.0,91500,91000,91000,91000,23220220,23321744,23357324,23156712,69,51,59,77,3.670216300524771
p0_uniform,364750,363750,100000,64750,WC,0.982392315552371,False,-699.152099609375,18.55121612548828,0.892410397529602,0.10966073721647263,3.090325117111206,2.9948766231536865,0.0,91500,91000,91000,91250,23236241,23337795,23373226,23172738,57,81,52,66,5.504606700502336
p0_uniform,365000,364000,100000,65000,WC,0.9828234897667059,False,-637.0120239257812,44.416744232177734,0.3350784182548523,0.10956527292728424,3.849123954772949,3.8464934825897217,0.0,91500,91000,91000,91500,23252066,23353712,23389436,23188786,74,70,67,45,7.330627299845219
p0_uniform,365250,364250,100000,65250,DC,10.0,True,-672.1788330078125,24.866291046142578,-0.3560523986816406,0.11188200861215591,3.3010644912719727,3.391859531402588,0.0,91500,91250,91000,91500,23268154,23369598,23405382,23204866,57,67,58,74,9.221275900490582
p0_uniform,365500,364500,100000,65500,DC,10.0,True,-668.6029052734375,22.274261474609375,0.21398448944091797,0.11411109566688538,3.1968955993652344,3.5443294048309326,0.0,91500,91500,91000,91500,23284178,23385779,23421081,23220962,66,60,55,75,11.06190269999206
p0_uniform,365750,364750,100000,65750,WO,2.085112453494972,False,-654.8927001953125,29.6987247467041,-0.07643388211727142,0.11284007877111435,3.2814011573791504,3.6630876064300537,0.0,91500,91500,91250,91500,23300081,23402051,23437031,23236837,66,68,61,61,12.879439800046384
p0_uniform,366000,365000,100000,66000,WO,0.542104807668696,False,-646.8014526367188,24.814388275146484,-0.005149044096469879,0.11287947744131088,3.374019145965576,2.901118040084839,0.0,91500,91500,91500,91500,23316096,23418357,23452888,23252659,49,68,70,69,14.673156600445509
p0_uniform,366250,365250,100000,66250,DO,0.8577112657623089,False,-638.1632690429688,32.419464111328125,0.5585854053497314,0.11119291186332703,3.796365737915039,3.3844447135925293,0.0,91750,91500,91500,91500,23332248,23434599,23468957,23268196,74,53,61,68,16.73418730031699
p0_uniform,366500,365500,100000,66500,DO,0.8389393738823064,False,-643.1363525390625,60.02073669433594,0.6133768558502197,0.1097588762640953,4.6767730712890625,3.844848155975342,0.0,92000,91500,91500,91500,23348560,23450441,23485102,23283897,69,65,63,59,18.977798400446773
p0_uniform,366750,365750,100000,66750,WO,0.9101294665188755,True,-657.703369140625,34.457340240478516,0.8305881023406982,0.10940591245889664,4.155712127685547,4.0970659255981445,0.0,92000,91500,91750,91500,23364839,23466329,23501309,23299523,83,70,54,49,21.022591900080442
p0_uniform,367000,366000,100000,67000,WO,0.5164609060026557,False,-670.4603881835938,23.01293182373047,-0.4261772930622101,0.11085626482963562,3.334392786026001,3.0567643642425537,0.0,92000,91500,92000,91500,23381223,23482171,23517410,23315196,59,72,61,64,23.207708000205457
p0_uniform,367250,366250,100000,67250,WC,9.234554440537616,True,-657.0736083984375,30.089160919189453,-0.12248632311820984,0.10987246036529541,3.0546741485595703,3.3345258235931396,0.0,92000,91500,92000,91750,23397570,23498153,23533195,23331082,67,65,60,64,25.41685440018773
p0_uniform,367500,366500,100000,67500,WC,9.232720826053102,True,-606.8134765625,18.072547912597656,-0.3165986239910126,0.10871879756450653,2.986572265625,2.901552438735962,0.0,92000,91500,92000,92000,23413562,23514192,23549440,23346806,60,68,79,49,27.73636080045253
p0_uniform,367750,366750,100000,67750,DC,10.0,True,-641.9754028320312,20.8751277923584,0.547357439994812,0.10884596407413483,2.7731516361236572,2.6903843879699707,0.0,92000,91750,92000,92000,23429716,23530187,23565461,23362636,61,63,64,68,30.00627540051937
p0_uniform,368000,367000,100000,68000,DC,10.0,True,-658.1693725585938,24.144195556640625,-0.1956247240304947,0.10687698423862457,3.2923412322998047,2.999931812286377,0.0,92000,92000,92000,92000,23445864,23546121,23581377,23378638,65,65,59,67,32.3600799003616
p0_uniform,368250,367250,100000,68250,WO,0.8058100048628707,False,-650.7396240234375,35.83885192871094,0.5780730247497559,0.10374440997838974,3.8980801105499268,3.49356746673584,0.0,92000,92000,92250,92000,23461824,23562029,23597370,23394777,73,63,58,62,2.3333980003371835
p0_uniform,368500,367500,100000,68500,WO,4.747291284876321,True,-647.8841552734375,31.950809478759766,1.3807730674743652,0.10460324585437775,3.525956869125366,4.033718585968018,0.0,92000,92000,92500,92000,23477966,23577682,23613560,23410792,73,67,59,57,4.588857600465417
p0_uniform,368750,367750,100000,68750,WO,0.4523202021520618,False,-636.9035034179688,25.56616973876953,-0.5754046440124512,0.10468544811010361,3.1755237579345703,2.9276609420776367,0.0,92000,92000,92750,92000,23493949,23593468,23629875,23426708,66,53,67,70,6.809297800064087
p0_uniform,369000,368000,100000,69000,WO,0.44354212684908184,False,-625.2568969726562,39.96183776855469,0.772323489189148,0.10328260064125061,4.005793571472168,3.793776273727417,0.0,92000,92000,93000,92000,23509708,23609139,23646367,23442786,69,57,69,61,9.052955700084567
p0_uniform,369250,368250,100000,69250,DC,10.0,True,-684.8824462890625,82.19178771972656,-0.37985023856163025,0.10422636568546295,3.532827377319336,3.3652896881103516,0.0,92000,92250,93000,92000,23525366,23624730,23663159,23458745,67,68,57,64,11.363651299849153
p0_uniform,369500,368500,100000,69500,DC,10.0,True,-616.12939453125,46.8587646484375,0.5849877595901489,0.1060485690832138,3.1392526626586914,3.714153289794922,0.0,92000,92500,93000,92000,23540586,23640856,23679572,23474986,75,57,69,55,13.645034099929035
p0_uniform,369750,368750,100000,69750,DC,10.0,True,-638.6973876953125,33.79767608642578,0.15345072746276855,0.10486014932394028,3.7645998001098633,3.6713480949401855,0.0,92000,92750,93000,92000,23556007,23656999,23696120,23490874,59,59,66,72,15.719696700572968
p0_uniform,370000,369000,100000,70000,DC,10.0,True,-606.85107421875,19.764610290527344,0.9306291341781616,0.10278858989477158,2.8826560974121094,3.1281089782714844,0.0,92000,93000,93000,92000,23571336,23673090,23712975,23506599,64,62,73,57,17.691074000671506
p0_uniform,370250,369250,100000,70250,WC,0.02981827397381273,True,-607.6028442382812,24.32767677307129,-0.8305472731590271,0.10341539233922958,3.0998806953430176,2.8807225227355957,0.0,92000,93000,93000,92250,23586619,23689376,23729714,23522291,64,61,77,54,19.566623699851334
p0_uniform,370500,369500,100000,70500,WC,5.4649676636761075,True,-629.560546875,46.498477935791016,0.5138649344444275,0.10370782762765884,3.71610951423645,3.3027279376983643,0.0,92000,93000,93000,92500,23602022,23705634,23746172,23538172,65,65,72,54,21.419361299835145
p0_uniform,370750,369750,100000,70750,DO,1.1721057497012168,False,-647.5736083984375,32.129600524902344,1.0952990055084229,0.10516532510519028,3.464700698852539,3.4339675903320312,0.0,92250,93000,93000,92500,23617367,23721895,23762432,23554306,57,73,65,61,23.323935099877417
p0_uniform,371000,370000,100000,71000,DO,6.896814591847535,True,-655.866943359375,44.57103729248047,0.8049592971801758,0.10911930352449417,5.209939479827881,4.287353992462158,0.0,92500,93000,93000,92500,23633039,23738281,23778440,23570240,61,67,61,67,25.244679800234735
p0_uniform,371250,370250,100000,71250,WC,2.35357957398683,True,-676.7578125,21.733251571655273,-0.9065582156181335,0.11009085178375244,3.5834755897521973,2.848137378692627,0.0,92500,93000,93000,92750,23648894,23754560,23794327,23586219,46,71,63,76,27.169565400108695
p0_uniform,371500,370500,100000,71500,WC,4.080065190215289,True,-638.9551391601562,38.57646942138672,0.7013877630233765,0.11112403869628906,3.2074055671691895,3.2338337898254395,0.0,92500,93000,93000,93000,23664567,23770861,23810231,23602341,60,69,66,61,29.196441399864852
p0_uniform,371750,370750,100000,71750,DO,0.9323294518610749,False,-614.082763671875,28.679290771484375,0.49347206950187683,0.10958737879991531,3.9287803173065186,3.600389003753662,0.0,92750,93000,93000,93000,23680254,23787216,23826331,23618199,53,68,77,58,31.187673000618815
p0_uniform,372000,371000,100000,72000,DO,1.1153884869245347,False,-712.6761474609375,25.72534942626953,0.6662428975105286,0.10869760066270828,3.1137890815734863,2.96452260017395,0.0,93000,93000,93000,93000,23696175,23803240,23842395,23634190,74,71,47,64,33.09080629982054
p0_uniform,372250,371250,100000,72250,WO,0.7043442621533849,False,-643.7940673828125,22.18416404724121,-1.2770960330963135,0.10820077359676361,2.8594369888305664,3.7775824069976807,0.0,93000,93000,93250,93000,23712062,23819258,23858736,23649944,56,67,73,60,1.9293459001928568
p0_uniform,372500,371500,100000,72500,WO,5.592087048215548,True,-641.5230712890625,76.31730651855469,0.27547481656074524,0.1072392538189888,3.5669355392456055,3.3002490997314453,0.0,93000,93000,93500,93000,23728089,23835313,23874989,23665609,68,67,65,56,3.9214382003992796
p0_uniform,372750,371750,100000,72750,WC,8.75224466326541,True,-632.2142333984375,34.1635856628418,-0.17978665232658386,0.10660655051469803,3.765718936920166,3.377293109893799,0.0,93000,93000,93500,93250,23743938,23851354,23891297,23681411,65,57,72,62,5.935194700025022
p0_uniform,373000,372000,100000,73000,WC,8.732173527601297,True,-669.244140625,22.649747848510742,-0.043966129422187805,0.10672300308942795,3.252654552459717,3.065927267074585,0.0,93000,93000,93500,93500,23759905,23867410,23907503,23697182,60,69,58,69,7.783824699930847
p0_uniform,373250,372250,100000,73250,DO,5.475862677132479,False,-641.1217651367188,18.39061737060547,-0.15042653679847717,0.10825914144515991,3.0243825912475586,2.579052448272705,0.0,93250,93000,93500,93500,23775682,23883534,23923664,23713120,65,65,63,63,9.674608400091529
p0_uniform,373500,372500,100000,73500,DO,5.416485656875288,False,-662.1250610351562,18.47568702697754,-0.30503883957862854,0.10686403512954712,3.078001022338867,2.6644558906555176,0.0,93500,93000,93500,93500,23791632,23899626,23939646,23729096,66,65,57,68,11.616766000166535
p0_uniform,373750,372750,100000,73750,WC,9.26863212058168,False,-649.24560546875,20.566078186035156,-1.2914433479309082,0.10287172347307205,2.929720878601074,3.0332775115966797,0.0,93500,93000,93500,93750,23807631,23915496,23955807,23745066,57,62,69,68,13.578570799902081
p0_uniform,374000,373000,100000,74000,WC,9.267324792325542,False,-636.1284790039062,17.298168182373047,-0.8190209865570068,0.10206698626279831,2.78294038772583,2.8129773139953613,0.0,93500,93000,93500,94000,23823605,23931408,23971780,23761207,63,52,69,72,15.457243899814785
p0_uniform,374250,373250,100000,74250,DC,10.0,True,-660.8717041015625,18.70794105529785,0.24755561351776123,0.10307979583740234,2.9804818630218506,2.966891050338745,0.0,93500,93250,93500,94000,23839301,23947514,23987758,23777427,57,76,59,64,17.406591000035405
p0_uniform,374500,373500,100000,74500,DC,10.0,True,-642.8408813476562,33.69231033325195,-0.470639169216156,0.10319052636623383,3.7197420597076416,4.157086372375488,0.0,93500,93500,93500,94000,23854829,23963677,24003826,23793668,67,67,64,58,19.347800600342453
p0_uniform,374750,373750,100000,74750,DC,10.0,True,-633.5164794921875,60.51774597167969,1.2797222137451172,0.10229845345020294,3.891129732131958,3.4531872272491455,0.0,93500,93750,93500,94000,23870254,23980281,24019728,23809737,82,72,60,42,21.27969199977815
p0_uniform,375000,374000,100000,75000,DC,10.0,True,-652.7332763671875,23.89697265625,0.13901053369045258,0.10157355666160583,3.331430673599243,2.9813880920410156,0.0,93500,94000,93500,94000,23885834,23996840,24035491,23825835,74,53,54,75,23.16704780049622
p0_uniform,375250,374250,100000,75250,DO,4.592537951563828,False,-674.5691528320312,28.741147994995117,0.15197840332984924,0.1024489775300026,3.4581735134124756,3.8078079223632812,0.0,93750,94000,93500,94000,23901607,24013174,24051325,23841894,65,69,58,64,25.129190200008452
p0_uniform,375500,374500,100000,75500,DO,4.4654066826815555,False,-643.4882202148438,20.58350944519043,0.6707332730293274,0.10303100198507309,3.070801258087158,3.454624891281128,0.0,94000,94000,93500,94000,23917513,24029515,24067013,23857959,66,58,58,74,26.9959006998688
p0_uniform,375750,374750,100000,75750,WO,0.5617399231902513,False,-605.3544921875,54.98993682861328,1.0797920227050781,0.10361912846565247,4.013718605041504,3.2978994846343994,0.0,94000,94000,93750,94000,23933360,24045811,24082861,23873968,60,55,75,66,28.85244179982692
p0_uniform,376000,375000,100000,76000,WO,0.5836300514484152,False,-658.4444580078125,32.16510009765625,0.6419029235839844,0.10326473414897919,3.39711332321167,3.6912992000579834,0.0,94000,94000,94000,94000,23949333,24061982,24098806,23889879,61,67,62,66,30.687052399851382
p0_uniform,376250,375250,100000,76250,WC,9.683587622690773,True,-628.50732421875,31.787586212158203,0.9491250514984131,0.10362382233142853,3.4070212841033936,3.2952208518981934,0.0,94000,94000,94000,94250,23965340,24078049,24114821,23905790,61,69,70,56,1.8770639998838305
p0_uniform,376500,375500,100000,76500,WC,8.860456004891574,True,-632.5390625,23.649375915527344,0.12701252102851868,0.1038641408085823,2.7949676513671875,3.9247522354125977,0.0,94000,94000,94000,94500,23981399,24093919,24130920,23921762,62,61,67,66,3.737875299528241
p0_uniform,376750,375750,100000,76750,WC,9.873244340422984,True,-606.1361083984375,26.938892364501953,-0.9385650753974915,0.10493205487728119,3.3776116371154785,3.4092507362365723,0.0,94000,94000,94000,94750,23997379,24109741,24146825,23938055,61,52,74,69,5.619575699791312
p0_uniform,377000,376000,100000,77000,WC,9.65796872681895,True,-630.0791015625,23.478891372680664,0.6370132565498352,0.10670315474271774,3.344968318939209,3.2504658699035645,0.0,94000,94000,94000,95000,24013335,24125461,24162817,23954387,52,64,71,69,7.589635599404573
p0_uniform,377250,376250,100000,77250,WO,0.6946668941949825,False,-624.64697265625,23.189266204833984,0.6382390260696411,0.1063118427991867,3.1237130165100098,3.2049593925476074,0.0,94000,94000,94250,95000,24029214,24141126,24179086,23970574,64,62,73,57,9.486353899352252
p0_uniform,377500,376500,100000,77500,WO,0.8274890684998035,False,-646.4270629882812,21.517593383789062,-0.8542649149894714,0.10546372085809708,3.06784987449646,2.744483470916748,0.0,94000,94000,94500,95000,24045208,24156635,24195267,23986890,54,69,71,62,11.295308799482882
p0_uniform,377750,376750,100000,77750,WO,0.48423064848380204,False,-661.436279296875,25.926998138427734,-0.3922848105430603,0.10417165607213974,3.2897462844848633,3.7413978576660156,0.0,94000,94000,94750,95000,24060797,24172457,24211467,24003279,55,66,68,67,13.131148299202323
p0_uniform,378000,377000,100000,78000,WO,0.6166277019533843,False,-632.9554443359375,19.75218391418457,-0.8798924088478088,0.10270851105451584,2.57149076461792,2.718496799468994,0.0,94000,94000,95000,95000,24076435,24188065,24228169,24019331,64,58,67,67,14.968165199272335
p0_uniform,378250,377250,100000,78250,DO,3.6271381687845667,False,-641.4501342773438,20.553695678710938,1.4229063987731934,0.10145331919193268,3.2741620540618896,2.826289176940918,0.0,94250,94000,95000,95000,24092077,24203792,24244781,24035350,63,63,63,67,16.815946099348366
p0_uniform,378500,377500,100000,78500,DO,5.309529869305517,False,-656.4966430664062,25.07091522216797,0.5581279993057251,0.10108431428670883,3.8998265266418457,3.303337574005127,0.0,94500,94000,95000,95000,24107732,24219437,24261527,24051304,66,69,59,62,18.62747599929571
p0_uniform,378750,377750,100000,78750,DO,4.941690048596751,False,-677.2833862304688,20.65212631225586,-0.5490267872810364,0.10108265280723572,2.868886947631836,2.9616494178771973,0.0,94750,94000,95000,95000,24123429,24235351,24277918,24067302,67,76,60,53,20.46861539967358
p0_uniform,379000,378000,100000,79000,DO,4.793551751811495,False,-653.2288208007812,14.47149658203125,1.0728553533554077,0.10139627754688263,2.607492446899414,2.5848231315612793,0.0,95000,94000,95000,95000,24139257,24251023,24294492,24083228,66,63,61,66,22.278851999901235
p0_uniform,379250,378250,100000,79250,DC,10.0,True,-667.2584228515625,33.243896484375,-0.3521072566509247,0.10510136187076569,4.024316787719727,3.3489274978637695,0.0,95000,94250,95000,95000,24155289,24266708,24310807,24099196,60,72,60,64,24.130677899345756
p0_uniform,379500,378500,100000,79500,DC,10.0,True,-664.3665771484375,96.08271789550781,1.3251010179519653,0.1081879511475563,4.396359443664551,3.6381473541259766,0.0,95000,94500,95000,95000,24171242,24282776,24326748,24115234,62,63,55,76,25.943935299292207
p0_uniform,379750,378750,100000,79750,DC,0.0,False,-677.2830810546875,18.860267639160156,1.6424448490142822,0.10891465097665787,3.0447142124176025,2.88301682472229,0.0,95000,94750,95000,95000,24187194,24298987,24342569,24131250,64,78,51,63,27.742483499459922
p0_uniform,380000,379000,100000,80000,DC,0.0,False,-672.106689453125,22.72303581237793,0.8977086544036865,0.11002365499734879,2.846252918243408,3.1418914794921875,0.0,95000,95000,95000,95000,24202941,24315082,24358627,24147350,57,74,54,71,29.52117049973458
p0_uniform,380250,379250,100000,80250,WC,9.58332179137723,True,-650.293701171875,23.5227108001709,0.0524316132068634,0.10899847745895386,2.9114744663238525,2.9739599227905273,0.0,95000,95000,95000,95250,24218939,24331070,24374540,24163451,63,55,63,75,1.8036013999953866
p0_uniform,380500,379500,100000,80500,WC,9.95340906138696,True,-624.422119140625,27.178192138671875,0.29015225172042847,0.10940559953451157,3.3295516967773438,3.0826754570007324,0.0,95000,95000,95000,95500,24234890,24347098,24390532,24179480,65,61,68,62,3.5842499006539583
p0_uniform,380750,379750,100000,80750,DC,10.0,True,-620.6090087890625,19.507740020751953,-0.8706087470054626,0.10860063880681992,2.6480095386505127,2.7737083435058594,0.0,95000,95250,95000,95500,24250955,24363065,24406459,24195521,73,60,67,56,5.4074387000873685
p0_uniform,381000,380000,100000,81000,DC,10.0,True,-676.6039428710938,18.38821029663086,0.21093162894248962,0.10805818438529968,2.918900489807129,2.877361536026001,0.0,95000,95500,95000,95500,24266852,24379346,24422214,24211588,54,67,58,77,7.1972737004980445
p0_uniform,381250,380250,100000,81250,DO,8.29462759738792,True,-676.4996948242188,32.08106994628906,-0.43097466230392456,0.10984992980957031,3.2206077575683594,3.4906294345855713,0.0,95250,95500,95000,95500,24282807,24395429,24438096,24227668,70,62,55,69,9.026791700161994
p0_uniform,381500,380500,100000,81500,DO,7.564472054366784,True,-673.3272705078125,20.625722885131836,-1.5761538743972778,0.11120786517858505,2.708984851837158,2.792789936065674,0.0,95500,95500,95000,95500,24298718,24411691,24453628,24243963,50,60,63,83,11.041008700616658
p0_uniform,381750,380750,100000,81750,WO,0.4469471796720079,False,-666.331787109375,21.732421875,0.18524739146232605,0.11173667013645172,3.1898398399353027,3.1479365825653076,0.0,95500,95500,95250,95500,24314718,24428093,24469330,24259859,55,71,60,70,13.24238790012896
p0_uniform,382000,381000,100000,82000,WO,0.57789947157751,False,-657.7373657226562,27.216360092163086,-0.38919681310653687,0.11427188664674759,3.642709732055664,3.1902661323547363,0.0,95500,95500,95500,95500,24330665,24444371,24485415,24275549,64,65,61,66,15.39634370058775
p0_uniform,382250,381250,100000,82250,DC,10.0,True,-606.8872680664062,20.277141571044922,0.2889441251754761,0.11461841315031052,3.328256130218506,2.9603042602539062,0.0,95500,95750,95500,95500,24346661,24460813,24501308,24291218,65,68,72,51,17.599411900155246
p0_uniform,382500,381500,100000,82500,DC,10.0,True,-640.86669921875,49.307010650634766,-0.7479111552238464,0.11508156359195709,3.9922778606414795,3.728487014770508,0.0,95500,96000,95500,95500,24362714,24477396,24517140,24306750,69,64,61,62,19.89426330011338
p0_uniform,382750,381750,100000,82750,WC,9.534615118489318,True,-666.915771484375,28.003154754638672,0.0247671976685524,0.11531545966863632,3.3859667778015137,3.280444622039795,0.0,95500,96000,95500,95750,24378794,24493990,24532645,24322571,59,67,61,69,22.228721000254154
p0_uniform,383000,382000,100000,83000,WC,3.4981079829330093,True,-588.64892578125,78.00125885009766,-0.5139620304107666,0.11608607321977615,4.114387035369873,4.741623878479004,0.0,95500,96000,95500,96000,24394791,24510263,24548585,24338361,72,54,73,57,24.47300790064037
p0_uniform,383250,382250,100000,83250,DO,1.158722267885446,False,-632.02880859375,24.082979202270508,-0.4612577557563782,0.11718341708183289,2.98649263381958,2.8548362255096436,0.0,95750,96000,95500,96000,24410919,24526374,24564391,24354316,64,57,69,66,26.573522600345314
p0_uniform,383500,382500,100000,83500,DO,1.432919031287726,False,-691.1817626953125,20.65310287475586,-0.02517252415418625,0.11771894991397858,2.895451545715332,2.828582763671875,0.0,96000,96000,95500,96000,24427133,24542538,24579887,24370442,66,78,54,58,28.692318600602448
p0_uniform,383750,382750,100000,83750,WO,0.5803269586577451,False,-656.898193359375,24.8231143951416,-1.0298389196395874,0.11899394541978836,3.450549840927124,3.0585432052612305,0.0,96000,96000,95750,96000,24443256,24558520,24595829,24386395,59,66,62,69,30.91157039999962
p0_uniform,384000,383000,100000,84000,WO,0.5652122364861103,False,-665.1876220703125,25.139060974121094,-0.3554278612136841,0.11652950197458267,3.3596668243408203,2.9891910552978516,0.0,96000,96000,96000,96000,24459373,24574502,24611555,24402570,66,74,62,54,32.95508570037782
p0_uniform,384250,383250,100000,84250,WO,3.562751830574385,False,-645.560546875,24.885562896728516,-0.028845638036727905,0.1158759817481041,2.738596200942993,3.430938720703125,0.0,96000,96000,96250,96000,24475512,24590263,24627673,24418552,73,58,61,64,1.996671000495553
p0_uniform,384500,383500,100000,84500,WO,3.562769637167689,False,-623.2310791015625,29.194852828979492,0.62430340051651,0.11560329049825668,3.627805709838867,3.5048463344573975,0.0,96000,96000,96500,96000,24491458,24605939,24643922,24434681,55,68,79,54,3.980587000027299
p0_uniform,384750,383750,100000,84750,DO,6.341997548442789,False,-638.2882690429688,24.17806625366211,-0.35378187894821167,0.1147831529378891,3.3183374404907227,3.1392264366149902,0.0,96250,96000,96500,96000,24507534,24621698,24660247,24450521,68,55,58,75,6.047559400089085
p0_uniform,385000,384000,100000,85000,DO,7.013935629221326,False,-659.3453979492188,24.285717010498047,0.67424076795578,0.11679975688457489,3.4707047939300537,3.2699344158172607,0.0,96500,96000,96500,96000,24523772,24637234,24676292,24466702,74,57,56,69,8.021751400083303
p0_uniform,385250,384250,100000,85250,WC,8.71383615648982,True,-663.7365112304688,57.80358123779297,0.09763692319393158,0.1204921305179596,3.9146275520324707,4.3154449462890625,0.0,96500,96000,96500,96250,24539992,24652800,24692268,24482940,61,62,60,73,10.033344000577927
p0_uniform,385500,384500,100000,85500,WC,8.981071371323688,True,-639.6575927734375,20.004806518554688,0.450736403465271,0.1215941458940506,2.9888718128204346,3.058671474456787,0.0,96500,96000,96500,96500,24556064,24668380,24708355,24499201,57,76,64,59,12.025688800029457
p0_uniform,385750,384750,100000,85750,DC,10.0,True,-681.364501953125,21.59121322631836,0.3570707440376282,0.12037568539381027,2.925104856491089,2.899428367614746,0.0,96500,96250,96500,96500,24572092,24684163,24724214,24515531,82,60,48,66,13.981739699840546
p0_uniform,386000,385000,100000,86000,DC,10.0,True,-652.0325927734375,38.42832946777344,0.46549299359321594,0.12072493135929108,3.532742500305176,3.3387999534606934,0.0,96500,96500,96500,96500,24587973,24700292,24739907,24531828,61,70,62,63,15.913371399976313
p0_uniform,386250,385250,100000,86250,WO,0.5536176745179274,False,-637.82470703125,24.850261688232422,0.6683232188224792,0.1191466823220253,3.001279830932617,2.804680824279785,0.0,96500,96500,96750,96500,24604117,24716194,24755679,24548010,75,49,55,77,17.82889400050044
p0_uniform,386500,385500,100000,86500,WO,0.46578412943826475,False,-634.9550170898438,39.085567474365234,0.815253496170044,0.11877478659152985,3.6938250064849854,3.3993287086486816,0.0,96500,96500,97000,96500,24620077,24732165,24771612,24564146,63,60,67,66,19.769918500445783
p0_uniform,386750,385750,100000,86750,DO,3.898771163097291,False,-668.7864990234375,31.130569458007812,-0.020046502351760864,0.11905115842819214,3.887641668319702,3.3536083698272705,0.0,96750,96500,97000,96500,24636019,24748346,24787520,24580115,60,72,62,62,21.777077100239694
p0_uniform,387000,386000,100000,87000,DO,4.205943447979507,False,-655.38916015625,24.789348602294922,-0.07396692037582397,0.11779283732175827,2.9282732009887695,3.3484957218170166,0.0,97000,96500,97000,96500,24652336,24764201,24803567,24595896,66,61,61,68,23.740430099889636
p0_uniform,387250,386250,100000,87250,WC,9.202791269068166,True,-646.4314575195312,26.76776885986328,-1.0228217840194702,0.1192149892449379,3.177786350250244,3.4139657020568848,0.0,97000,96500,97000,96750,24668681,24780157,24819640,24611522,59,69,69,59,25.717553700320423
p0_uniform,387500,386500,100000,87500,WC,8.982890932683867,True,-698.356689453125,61.28285598754883,0.3234574496746063,0.11932939291000366,4.229358196258545,3.575512409210205,0.0,97000,96500,97000,97000,24685178,24795720,24835801,24627301,61,76,47,72,27.653615100309253
p0_uniform,387750,386750,100000,87750,DC,10.0,True,-657.1651611328125,24.600574493408203,-0.1769629865884781,0.11979232728481293,3.4264729022979736,2.899832248687744,0.0,97000,96750,97000,97000,24701229,24811552,24851793,24643426,71,73,61,51,29.59271309990436
p0_uniform,388000,387000,100000,88000,DC,10.0,True,-633.9173583984375,23.350038528442383,0.15627580881118774,0.12268063426017761,2.7842323780059814,3.238278865814209,0.0,97000,97000,97000,97000,24717206,24827707,24867661,24659426,67,60,69,60,31.521133000031114
p0_uniform,388250,387250,100000,88250,DO,3.7375172862481105,False,-604.42529296875,83.59146118164062,0.23427791893482208,0.12331634014844894,3.9962236881256104,4.542690753936768,0.0,97250,97000,97000,97000,24733110,24843596,24883584,24675710,63,60,76,57,1.9650592999532819
p0_uniform,388500,387500,100000,88500,DO,4.452177391900264,False,-673.2510986328125,34.008628845214844,-0.5569353699684143,0.12045688182115555,4.262794017791748,4.533375263214111,0.0,97500,97000,97000,97000,24749078,24859493,24899659,24691770,58,68,62,68,3.9137105997651815
p0_uniform,388750,387750,100000,88750,WO,3.0174785770302917,False,-644.2135009765625,19.25220489501953,-1.264026165008545,0.12094416469335556,2.7114529609680176,2.9330782890319824,0.0,97500,97000,97250,97000,24764933,24875570,24915644,24707853,54,58,75,69,5.88074619974941
p0_uniform,389000,388000,100000,89000,WO,7.5407746738189765,False,-626.8271484375,38.40958786010742,-0.39781078696250916,0.11989295482635498,3.221912384033203,3.306006669998169,0.0,97500,97000,97500,97000,24780927,24891579,24931654,24723840,51,64,79,62,7.78830000013113
p0_uniform,389250,388250,100000,89250,DC,0.0,False,-647.7781982421875,24.56366539001465,0.33812975883483887,0.12005076557397842,3.538252353668213,3.961169719696045,0.0,97500,97250,97500,97000,24797049,24907562,24947684,24739705,77,57,57,65,9.71483280044049
p0_uniform,389500,388500,100000,89500,DC,0.0,False,-649.8562622070312,23.0483341217041,-0.511972188949585,0.11964278668165207,3.0744454860687256,3.06634521484375,0.0,97500,97500,97500,97000,24813150,24923633,24963582,24755635,67,62,67,60,11.675375600345433
p0_uniform,389750,388750,100000,89750,WC,9.571441262746834,True,-653.6673583984375,19.522567749023438,0.04156346619129181,0.12092031538486481,2.870429515838623,2.922440528869629,0.0,97500,97500,97500,97250,24829251,24939584,24979453,24771712,53,74,68,61,13.734009600244462
p0_uniform,390000,389000,100000,90000,WC,9.416866538362333,True,-650.06640625,19.48641586303711,-0.6754311323165894,0.12159623950719833,3.0058908462524414,2.9822888374328613,0.0,97500,97500,97500,97500,24845535,24955534,24995194,24787737,51,60,70,75,15.748045300133526
p0_uniform,390250,389250,100000,90250,DO,3.4911591121768613,False,-639.12109375,26.542695999145508,-0.0019192695617675781,0.11986471712589264,3.160111904144287,3.213540554046631,0.0,97750,97500,97500,97500,24861620,24971415,25010879,24804086,62,64,70,60,17.679172200150788
p0_uniform,390500,389500,100000,90500,DO,3.390229899598174,False,-667.4891967773438,23.54653549194336,-0.0635768324136734,0.12019693851470947,3.146247386932373,2.9058873653411865,0.0,98000,97500,97500,97500,24877923,24987041,25026669,24820367,60,67,62,67,19.591136700473726
p0_uniform,390750,389750,100000,90750,DC,10.0,True,-638.3145141601562,24.000173568725586,-0.17724120616912842,0.11797940731048584,3.055051326751709,2.875781536102295,0.0,98000,97750,97500,97500,24894302,25002807,25042374,24836517,63,66,68,59,21.533429000526667
p0_uniform,391000,390000,100000,91000,DC,10.0,True,-651.9969482421875,19.983291625976562,-0.21915489435195923,0.11802076548337936,2.7564172744750977,2.9412951469421387,0.0,98000,98000,97500,97500,24910607,25018764,25057934,24852695,73,59,60,64,23.664483500644565
p0_uniform,391250,390250,100000,91250,WO,1.7150491592267667,False,-638.171630859375,29.149616241455078,-0.14757007360458374,0.12029644846916199,3.4902472496032715,3.2222533226013184,0.0,98000,98000,97750,97500,24926926,25034814,25073659,24868601,64,59,68,65,25.575041100382805
p0_uniform,391500,390500,100000,91500,WO,1.075205255340421,False,-669.3605346679688,46.87239074707031,-0.27359437942504883,0.122169628739357,3.716338872909546,3.839259147644043,0.0,98000,98000,98000,97500,24943241,25050858,25089577,24884324,60,67,63,66,27.444280800409615
p0_uniform,391750,390750,100000,91750,WC,9.857924697989391,True,-664.07470703125,41.41431427001953,0.8017091155052185,0.12323128432035446,3.805755615234375,3.6434922218322754,0.0,98000,98000,98000,97750,24959556,25066897,25105630,24899917,70,70,60,56,29.5916502000764
p0_uniform,392000,391000,100000,92000,WC,9.954427711347858,True,-645.0048828125,32.387939453125,0.16998139023780823,0.1237272247672081,3.329301357269287,3.7991855144500732,0.0,98000,98000,98000,98000,24975548,25083029,25121729,24915694,65,56,71,64,31.459394400008023
p0_uniform,392250,391250,100000,92250,DC,10.0,True,-638.39404296875,18.279191970825195,-0.0660196840763092,0.12313765287399292,2.850630283355713,2.904301404953003,0.0,98000,98250,98000,98000,24991560,25098931,25137659,24931850,65,68,68,55,1.9903602004051208
p0_uniform,392500,391500,100000,92500,DC,10.0,True,-676.0057373046875,64.04373931884766,-0.18126867711544037,0.12250567227602005,3.8871898651123047,3.7410459518432617,0.0,98000,98500,98000,98000,25007664,25115338,25153230,24947768,54,78,65,59,3.83248870074749
p0_uniform,392750,391750,100000,92750,DC,10.0,True,-705.239501953125,66.14885711669922,-0.03220723569393158,0.1217804104089737,4.147982120513916,3.4999895095825195,0.0,98000,98750,98000,98000,25023640,25131683,25169111,24963566,70,72,51,63,5.697455400601029
p0_uniform,393000,392000,100000,93000,DC,10.0,True,-675.630859375,33.96318054199219,0.23101806640625,0.12180942296981812,3.1396923065185547,3.325364112854004,0.0,98000,99000,98000,98000,25039553,25148036,25184758,24979653,64,77,56,59,7.530827900394797
p0_uniform,393250,392250,100000,93250,WO,4.56821115475489,False,-633.0225219726562,30.441688537597656,0.21598805487155914,0.1228279322385788,3.144765615463257,3.3227782249450684,0.0,98000,99000,98250,98000,25055317,25164530,25200476,24995677,62,66,64,64,9.377958600409329
p0_uniform,393500,392500,100000,93500,WO,1.9167047820753207,False,-681.5037841796875,31.286039352416992,-0.3105069696903229,0.12365324050188065,4.008994102478027,3.309947967529297,0.0,98000,99000,98500,98000,25070768,25181137,25216255,25011840,58,71,55,72,11.168600500561297
p0_uniform,393750,392750,100000,93750,WC,9.942031369899151,True,-665.980224609375,50.23896408081055,0.35674238204956055,0.12209974229335785,4.001560211181641,3.2563719749450684,0.0,98000,99000,98500,98250,25086237,25197919,25231806,25028038,63,69,63,61,13.00632780045271
p0_uniform,394000,393000,100000,94000,WC,9.116293453973807,True,-671.22314453125,21.330869674682617,-0.2850261926651001,0.12188233435153961,3.1368393898010254,2.786114454269409,0.0,98000,99000,98500,98500,25102041,25214097,25247406,25044456,61,56,55,84,14.820458500646055
p0_uniform,394250,393250,100000,94250,WC,9.67370519824274,True,-669.5272216796875,31.58915901184082,0.20868229866027832,0.12184348702430725,3.304669141769409,3.028700351715088,0.0,98000,99000,98500,98750,25117702,25230409,25263137,25060752,77,57,53,69,16.62806320004165
p0_uniform,394500,393500,100000,94500,WC,9.210812353967727,True,-673.9141235351562,19.16637420654297,-0.42923736572265625,0.11859750747680664,3.063488006591797,2.8022451400756836,0.0,98000,99000,98500,99000,25133578,25246250,25278791,25077381,68,60,54,74,18.41637650039047
p0_uniform,394750,393750,100000,94750,WO,2.7797958474749302,True,-674.3995361328125,29.36777114868164,0.0579402893781662,0.11622732132673264,3.278576374053955,3.547988176345825,0.0,98000,99000,98750,99000,25149368,25262284,25294544,25093804,61,68,61,66,20.235155100002885
p0_uniform,395000,394000,100000,95000,WO,1.8298987818089627,True,-614.779296875,31.351778030395508,0.7994604706764221,0.1159883365035057,3.977931022644043,3.304537534713745,0.0,98000,99000,99000,99000,25164803,25278433,25310366,25110398,67,56,72,61,22.038192600011826
p0_uniform,395250,394250,100000,95250,DO,4.410268833826762,False,-641.0712890625,27.355669021606445,-0.08926786482334137,0.11856811493635178,3.711120128631592,3.111576795578003,0.0,98250,99000,99000,99000,25180320,25294535,25326201,25126944,49,64,78,65,23.870905600488186
p0_uniform,395500,394500,100000,95500,DO,3.02741111304372,False,-686.0558471679688,34.39537048339844,-0.02647741138935089,0.1194629818201065,3.5774269104003906,3.564680814743042,0.0,98500,99000,99000,99000,25195881,25310499,25342092,25143528,62,63,55,76,25.666911700740457
p0_uniform,395750,394750,100000,95750,DO,4.020666010024636,False,-632.9351806640625,22.789470672607422,0.09194797277450562,0.11910095065832138,2.9554712772369385,3.2327146530151367,0.0,98750,99000,99000,99000,25211671,25326596,25357951,25159782,59,63,72,62,27.47433020081371
p0_uniform,396000,395000,100000,96000,DO,3.7586473194542642,False,-672.310302734375,40.454994201660156,-1.172349452972412,0.12119612842798233,3.3311657905578613,3.616793155670166,0.0,99000,99000,99000,99000,25227887,25342546,25373915,25175652,66,72,62,56,29.248330300673842
p0_uniform,396250,395250,100000,96250,WC,9.75846712894506,True,-653.4072265625,42.25773239135742,-0.9315599203109741,0.12058776617050171,4.080964088439941,3.452488422393799,0.0,99000,99000,99000,99250,25243970,25358531,25389771,25191728,62,59,62,73,1.8463069992139935
p0_uniform,396500,395500,100000,96500,WC,9.948725147256077,True,-644.6354370117188,22.715652465820312,0.45327240228652954,0.12069375813007355,3.3959975242614746,3.1221234798431396,0.0,99000,99000,99000,99500,25260160,25374368,25405799,25207673,65,62,64,65,3.6446289997547865
p0_uniform,396750,395750,100000,96750,WO,9.217620411786445,True,-606.883056640625,20.575101852416992,-0.26222676038742065,0.12102749943733215,2.854099750518799,2.8104538917541504,0.0,99000,99000,99250,99500,25276095,25390463,25421953,25223489,73,49,72,62,5.712231399491429
p0_uniform,397000,396000,100000,97000,WO,2.414545883112085,True,-691.0206298828125,126.86616516113281,-0.9780188798904419,0.12040375918149948,3.3871498107910156,3.422579765319824,0.0,99000,99000,99500,99500,25292201,25406143,25438148,25239508,63,59,51,83,8.080137099139392
p0_uniform,397250,396250,100000,97250,DC,10.0,True,-660.9017333984375,36.37083435058594,-0.13385245203971863,0.11745838820934296,3.122209072113037,3.268857002258301,0.0,99000,99250,99500,99500,25308161,25421854,25454548,25255437,62,72,65,57,10.432308399118483
p0_uniform,397500,396500,100000,97500,DC,10.0,True,-674.75439453125,18.085004806518555,-0.6789228916168213,0.11775816231966019,2.611476182937622,2.8941845893859863,0.0,99000,99500,99500,99500,25324012,25437756,25471028,25271204,56,71,62,67,12.721097899600863
p0_uniform,397750,396750,100000,97750,DO,3.84496964351283,False,-638.4559326171875,24.405277252197266,0.1635444164276123,0.11831091344356537,3.731846809387207,3.3630592823028564,0.0,99250,99500,99500,99500,25340052,25453940,25487204,25286804,57,67,68,64,14.998828799463809
p0_uniform,398000,397000,100000,98000,DO,5.377513384575207,False,-686.4971923828125,20.437910079956055,-0.6357957124710083,0.11920754611492157,3.1194400787353516,2.961838722229004,0.0,99500,99500,99500,99500,25356128,25469849,25503494,25302529,60,73,63,60,17.219941399991512
p0_uniform,398250,397250,100000,98250,WC,8.099567969404106,True,-645.4052734375,22.75507926940918,0.2607627511024475,0.11779401451349258,3.4097046852111816,3.516374111175537,0.0,99500,99500,99500,99750,25372183,25485913,25519725,25318179,67,67,65,57,19.58065199945122
p0_uniform,398500,397500,100000,98500,WC,7.825874169895421,True,-666.3346557617188,26.519947052001953,-0.5805926322937012,0.11655595153570175,3.2745778560638428,3.0194344520568848,0.0,99500,99500,99500,100000,25388298,25501777,25535859,25334066,66,67,64,59,21.854104499332607
p0_uniform,398750,397750,100000,98750,DO,4.672707661505017,False,-626.5511474609375,23.740333557128906,-0.523451566696167,0.11762770265340805,3.2628087997436523,3.003167152404785,0.0,99750,99500,99500,100000,25404378,25517536,25552011,25350075,67,55,68,66,24.220498599112034
p0_uniform,399000,398000,100000,99000,DO,2.31670696432148,False,-614.9619140625,22.056013107299805,0.9713331460952759,0.11859762668609619,3.25870418548584,3.4144463539123535,0.0,100000,99500,99500,100000,25420741,25532993,25568164,25366102,78,49,67,62,26.44273749925196
p0_uniform,399250,398250,100000,99250,WO,0.49198654377956513,False,-624.9322509765625,24.40885353088379,-0.6568966507911682,0.11755164712667465,3.646209716796875,3.096097230911255,0.0,100000,99500,99750,100000,25437206,25548618,25584041,25382135,66,54,73,63,28.66921309940517
p0_uniform,399500,398500,100000,99500,WO,0.8625827435033201,False,-666.9873046875,34.49882888793945,0.1734592318534851,0.11596731841564178,3.466195583343506,5.377903938293457,0.0,100000,99500,100000,100000,25453432,25564357,25600145,25398066,67,68,62,59,30.844827299937606
p0_uniform,399750,398750,100000,99750,DC,10.0,True,-624.82666015625,32.16108703613281,-0.23237565159797668,0.114094577729702,2.870021343231201,2.966865301132202,0.0,100000,99750,100000,100000,25469756,25580030,25616168,25414046,66,55,68,67,33.08016229979694
p0_uniform,400000,399000,100000,0,DC,10.0,True,-626.259521484375,30.117313385009766,-0.38063228130340576,0.11424394696950912,3.1846251487731934,3.8647615909576416,0.0,100000,100000,100000,100000,25485799,25595918,25632145,25430138,63,54,71,68,35.43346499931067
